raw_address,true_pincode,true_post_office,noise_level,is_noisy
"Shop 29, Shree nclave, SStation Street, behind ospital, 9 RD, Pne, une, 41101",411014,PO-411014-dd40b6,low,True
"Plot 942, Sai Residency, Main Marg, Next to Metro Station, 9 BRD, Pune, Pune, Maharashtra, 411014",411014,PO-411014-dd40b6,clean,False
"Shop439, sai heighhts, Maret Lane, nea rbank, 9b rd, une, Punne, Maaharashtra, 11014",411014,PO-411014-dd40b6,low,True
"room 6694, Shree oSciety, Market Lan, Nr Tmeple, 9 BD, Pue, Pnue, 41104",411014,PO-411014-dd40b6,low,True
Falt N o507 SHREE APARTMENTSSS LinMarg Opp Buus Stp 9 d uune Puune 41110114,411014,PO-411014-dd40b6,medium,True
huse2 33 Alha Hights Lnk Steret nera  school  9BRRD Pue 411014,411014,PO-411014-dd40b6,medium,True
"Shop 102, Alpha Society, Link Street, Near Bus Stop, 9 BRD, Pune, Pune, Maharashtra, 411014",411014,PO-411014-dd40b6,clean,False
hnno 33 beta tower Markte Patth Nr Hadpsr 99 BR uuPne uen Mhhh 1014,411014,PO-411014-dd40b6,medium,True
Shop5 0 Alpph aHeights aMrket PPath nnr gondhale nngr 9B DR Pune Pune 14114,411014,PO-411014-dd40b6,medium,True
Hooue 81 AlphaS oocietty taation tSreet ext toba nk 9 RBD PNUE PUNNE AMHAARSTHRA 4041,411014,PO-411014-dd40b6,high,True
"hn 180, ShreeComplex, Markt Path, oposite bank, 9 BBRD, une, une, 4411014",411014,PO-411014-dd40b6,low,True
"HOUSE  795, beta sooc, Station aLne, opposte hospital, 9 RD, Pnue, Puen, maharaashtra, 11014",411014,PO-411014-dd40b6,low,True
Fllatt No 466 sai rreesidency tsationpath BesideH sopital 9 BRD un Pen,411014,PO-411014-dd40b6,medium,True
"House 102, Sai Tower, Station Road, Beside Park, 9 BRD, Pune, Pune, Maharashtra, 411014",411014,PO-411014-dd40b6,clean,False
"plot 9, aalpha residency, MainR oad, beihnd school, 9 rbd, une, une, 41104",411014,PO-411014-dd40b6,low,True
nh o69 Shreee  Heghts Sattion Marrrg near k 9RRD uneP Maaharaashttra 410011,411014,PO-411014-dd40b6,high,True
"HNo 673, Shree Complex, Link Road, Behind Hospital, 9 BRD, Pune, Pune, Maharashtra, 411014",411014,PO-411014-dd40b6,clean,False
"House 588, Beta Heights, Market Path, Next to Hospital, 9 BRD, Pune, Pune, Maharashtra, 411014",411014,PO-411014-dd40b6,clean,False
rom 92 Beta Enclv MMani Lane Behind Metro SStatin 99 rd punnee MMh 41114,411014,PO-411014-dd40b6,medium,True
Plott 75 beta iheghts besidee ppark 9B R PEU ppunee,411014,PO-411014-dd40b6,medium,True
"House 3660, Alpha  Society, Lin kRd, Opp Shcool,  brd, une, Puen, MMaharashtra, 4111014",411014,PO-411014-dd40b6,low,True
"hn 981, beta towe, Mrket Road, Nr S.P. Colege, 9  BRD, Pnue, punee, 4411014",411014,PO-411014-dd40b6,low,True
"huose 833, Sai Resiedncy, Near Karveangar, 9 bdr, Puen, Puen, Maharasthra, 41014",411014,PO-411014-dd40b6,low,True
"lt  926,, Sa ioCmlex,, eide Metro Sttaion,, rd,, peuen,, NNE,, hm,, 111004",411014,PO-411014-dd40b6,high,True
"RRoom 549, Beta Appartments, Link aLne, Nearr Khed Shivapur Baug, 9brd, Punne, Maharastra, 411104",411014,PO-411014-dd40b6,low,True
noo45 Alpha Aaaprments Min Strreet Behnn dBus Stop 9 brd uP puunne 411014,411014,PO-411014-dd40b6,high,True
sshop 41 Bet Enclav Ne aTemple 9 RBRD Pnne puun ahraashtra 14104,411014,PO-411014-dd40b6,medium,True
Ploot 375 alph aenlcave Maret Mag nex to baank 9 bbrrd puunee PPUNNE MMhh 441104,411014,PO-411014-dd40b6,medium,True
"House  495, Shee Complex, marke tstreet, Besied Bank, 9 RBD, Pne, pue, Mhh, 141014",411014,PO-411014-dd40b6,low,True
hn 22-Betaa pAatments-Beihnd Tepple-9RB-puue-41114,411014,PO-411014-dd40b6,high,True
rroom 3445 beta socieeyt Maket Pathh Behiind Prak 9 br Puun MMaaharashtra 41100014,411014,PO-411014-dd40b6,medium,True
"Roomm 351, AlphaHeights, statiion street, next to bus sstop, 9brd, une, pun, 4111014",411014,PO-411014-dd40b6,low,True
"HNo 112, Shree Complex, Link Road, Next to Bank, 9 BRD, Pune, Pune, Maharashtra, 411014",411014,PO-411014-dd40b6,clean,False
"FFLAT NO 424, Betaa Complex, MarketR oad, opposite metro tation, 9 BBRD, PPune, Pun, Mahrashtra, 4110014",411014,PO-411014-dd40b6,low,True
"lFat N 575,, BetaR esieency,, SttionP aht,, Oppoosite  BBus Stop,, 9 BRDD,, nPPe,, pupnee,, hMhh",411014,PO-411014-dd40b6,high,True
FAT N O465 hree sciety Market arg next t temlpe 9R BD uPen Puun hh 41100144,411014,PO-411014-dd40b6,medium,True
"HNo 212, Beta Tower, Main Path, Near Hospital, 9 BRD, Pune, Pune, Maharashtra, 411014",411014,PO-411014-dd40b6,clean,False
"HNo 759, Shree Enclave, Market Marg, Opposite School, 9 BRD, Pune, Pune, Maharashtra, 411014",411014,PO-411014-dd40b6,clean,False
no 5116 Alpha Heghhts Link PPaath BehindHospitla 9  RBD Pune pn 40114,411014,PO-411014-dd40b6,medium,True
"Plot 6900, Alphha Heights, MainLane, nextto bank, 9 BRRD, Punee, PNUE, mahharashtra, 4110114",411014,PO-411014-dd40b6,low,True
ho 210 AAlpha Soicety ilnk mrag nextt to tepmle  BDR puneee uPnee 110114,411014,PO-411014-dd40b6,medium,True
FLATT NO 91 AAlphaT ower ilnnk lane Oppoosite Hoospital 9B RDD uen nue 1014,411014,PO-411014-dd40b6,medium,True
"Plot 694, Alpha Residency, Station Marg, Opposite Metro Station, A.R. Shala, Pune, Pune, Maharashtra, 411004",411004,PO-411004-8c8a68,clean,False
room  74 Alha HHeights maiinr d Bede Bank AR..S hala Pune upnee maharahtrra 41104,411004,PO-411004-8c8a68,medium,True
"Plot 714, shree ecnlave, ehind Temple, A.R. Shhala, Pun, Puune, maharshtra, 41004",411004,PO-411004-8c8a68,low,True
"Shhop 649,, sa heeight,, Lnnk SStreet,, Beside   BBank,, A...R Shaa,, ppune,, Pnneu,, maharsathtra,, 1004",411004,PO-411004-8c8a68,high,True
"House 488, Sai Apartments, Market Marg, Behind Hospital, A.R. Shala, Pune, Pune, Maharashtra, 411004",411004,PO-411004-8c8a68,clean,False
"Flat N o870, Beta Reisdency, mainn lane, opposite abnk, A.RR. Shala, Pnue, Punne, Maharshtra, 4110044",411004,PO-411004-8c8a68,low,True
Roo mm87 beta redsiency Opp Hsopial A.R. Sahlla PUUN pne Maharastthra 4100104,411004,PO-411004-8c8a68,medium,True
"Sop 452, Alpha Heigghts, link maarg, N rPark, A.R.  Shala, punne, une, 11004",411004,PO-411004-8c8a68,low,True
"hno7  199,, SSShreeSoc,, Lin LLaen,, BehidBus Sto,, A.AR. hala,, nPe,, puuune,, hMh,, 44411004",411004,PO-411004-8c8a68,high,True
"Flat No 136, Beta Heights, Market Road, Near Hospital, A.R. Shala, Pune, Pune, Maharashtra, 411004",411004,PO-411004-8c8a68,clean,False
"Plot 711, Shree Society, Market Road, Near Vadgaon Sheri, A.R. Shala, Pune, Pune, Maharashtra, 411004",411004,PO-411004-8c8a68,clean,False
"Flat No3 21, Saii Tower, staion lane, Beisde Park, A.R. hala, upne, uPne, MMaharashtra",411004,PO-411004-8c8a68,low,True
"House2 11, Sai Socciety, lnk marg, nr uttmnagar b.o, A.R. Sahla, Punee, maharashtrra, 410104",411004,PO-411004-8c8a68,low,True
"HNo 998, Sai Residency, Station Marg, Next to Hospital, A.R. Shala, Pune, Pune, Maharashtra, 411004",411004,PO-411004-8c8a68,clean,False
"House 716, Alpha Enclave, Link Road, Opposite Metro Station, A.R. Shala, Pune, Pune, Maharashtra, 411004",411004,PO-411004-8c8a68,clean,False
"Plot 627, Shree Residency, Station Lane, Near Bus Stop, A.R. Shala, Pune, Pune, Maharashtra, 411004",411004,PO-411004-8c8a68,clean,False
hno 509 sai soc station lnaee EBHIND SCCHOOL A.R. Slaa puenn hh 4141004,411004,PO-411004-8c8a68,medium,True
"Plot 71, Alpha Complex, Station Street, Behind Metro Station, A.R. Shala, Pune, Pune, Maharashtra, 411004",411004,PO-411004-8c8a68,clean,False
Huse2 06-AlphaC ompex-STTATIO PATH-Oposite Buss SStop-AA.R. Shhaal-Pn-Pue-h-414,411004,PO-411004-8c8a68,high,True
Sho p741 Beta Enclave Link Stretet OPPS CHOOOL ar. shaal Puneee h 40104,411004,PO-411004-8c8a68,medium,True
"Room 49, Sai Towerr, MAIN TSREET, eside Park, A.R. Shal, uPne, PPune, Maharshtra, 411004",411004,PO-411004-8c8a68,low,True
"houes 826, lpha Complex, Main tSreet, nxt to metro station, A.RR. Shala, une, une, Maharasshtra, 4111004",411004,PO-411004-8c8a68,low,True
RRoom7 11 Beeta Apartemnts LiinkP ath Opposite Sccholo .r.shala NUE Pnu 4110004,411004,PO-411004-8c8a68,medium,True
"Shop 231, Alpha Complex, Market Road, Near Govt. Polytechnic, A.R. Shala, Pune, Pune, Maharashtra, 411004",411004,PO-411004-8c8a68,clean,False
"Flat No 351, Beta Apartments, Market Lane, Near Metro Station, A.R. Shala, Pune, Pune, Maharashtra, 411004",411004,PO-411004-8c8a68,clean,False
"house 6099, alph complex, Main Mrag, pp Hospital, A.R. SHALAA, uPne, une, 41100",411004,PO-411004-8c8a68,low,True
"Shop 558, Shree Tower, Link Street, Beside Park, A.R. Shala, Pune, Pune, Maharashtra, 411004",411004,PO-411004-8c8a68,clean,False
"House 451, Alpha Complex, Station Lane, Near Solu B.O, A.R. Shala, Pune, Pune, Maharashtra, 411004",411004,PO-411004-8c8a68,clean,False
at No 6855-Shree Heighst-arekt Path-NEAARR KOTHUD-A.R.Sha-puenn-PPun-hhh-4100444,411004,PO-411004-8c8a68,high,True
Sohp 24 beta coompllex Maret Stree ehiind school A.. Shalla PuPne unpe h 140104,411004,PO-411004-8c8a68,medium,True
"Plot 601, Alpha Heights, Station Lane, Behind School, A.R. Shala, Pune, Pune, Maharashtra, 411004",411004,PO-411004-8c8a68,clean,False
"HOUUSE 29, Beta Resiency, Main  Lane, next topark, A.R.Shala, une, Punne, MMh, 41100",411004,PO-411004-8c8a68,low,True
"Shop 729, Shree Residency, Link Lane, Next to Metro Station, A.R. Shala, Pune, Pune, Maharashtra, 411004",411004,PO-411004-8c8a68,clean,False
"Roo 44144,, beta  toewr,, Liiink d,, besidtempel,, AR.. Shal,, un,, Pun,, hh,, 0104",411004,PO-411004-8c8a68,high,True
shop440 Srheee Soc Market arrg near dunkik lines .R.S hala ppunee un MHAARASHTAR 441004,411004,PO-411004-8c8a68,medium,True
Plot 719 Sai  Residenc Lik oRad ebhin bank ar.. shaala Pune pune h 4411004,411004,PO-411004-8c8a68,medium,True
"HNo 680, Beta Apartments, Station Street, Beside School, A.R. Shala, Pune, Pune, Maharashtra, 411004",411004,PO-411004-8c8a68,clean,False
uHose 835 Shree pAartmentss linkr Beside eTmplle ar.. shla unee Puuune Mahaarashtr 4110004,411004,PO-411004-8c8a68,medium,True
Fla No 569 beta egihts MRAKET MAR Opposite TTemlpe A.R.. Shalaa uPe puue,411004,PO-411004-8c8a68,medium,True
"Shop 228, Alpha Society, Station Street, Behind Metro Station, A.R. Shala, Pune, Pune, Maharashtra, 411004",411004,PO-411004-8c8a68,clean,False
"flat nno 919, eta Heights, Maarket Lane, Beside Buss Stop, .R. SHALA, Pun, Puen, 141004",411004,PO-411004-8c8a68,low,True
House 517 shree towerr Markeeet Path Oppoosite Hsopital A.R. Shhalaa UNNE uupne mahaaarshtra 410140,411004,PO-411004-8c8a68,medium,True
pplot 1105 Alpa Encclave Market Laee nextt t school airiport pune so pne aharashra 4410132,411032,PO-411032-20c68a,medium,True
"Sho 309, sai hights, Station RRoad, bbehind school, airportpune so, Puune, Pun, mhh, 4111032",411032,PO-411032-20c68a,low,True
"plot 455, SaiS ociety, Link Sttreet, next to schhool, AIRPORT PUN SO, uPne, Puune, M, 411023",411032,PO-411032-20c68a,low,True
hp 634 betta  soc Main RRoda eBhind Temmple airprot pun eso pnnue pen MMAHARASSHTRA,411032,PO-411032-20c68a,medium,True
Sh 69 Alppha Encclave ma nlane next to schhool airporrt puen so pu Pune 4110322,411032,PO-411032-20c68a,medium,True
"Flat oN 870, Bea Society, Main ath, next to schhool, airrport pune so, Puune, une, HM, 411023",411032,PO-411032-20c68a,low,True
Pott 940 AlphaTTower BBeehind School airpor punne so PPnue un h 4110332,411032,PO-411032-20c68a,medium,True
"Room 151, Beta Apartments, Link Street, Opposite Bank, Airport Pune SO, Pune, Pune, Maharashtra, 411032",411032,PO-411032-20c68a,clean,False
"Shop7 746, srhee esidency, main laanee, Beside Hossptia, aairrportp une so, uneee, PPu, 141002",411032,PO-411032-20c68a,high,True
Shop 77662 Shree oCmple Main aPthh Neaar Paark airpprt pune so Pune h 1410032,411032,PO-411032-20c68a,medium,True
"House 82, Sai Apartments, Market Marg, Next to School, Airport Pune SO, Pune, Pune, Maharashtra, 411032",411032,PO-411032-20c68a,clean,False
hhn 656 Alph aApartents Mrakte Rd Oppsite Tempe airprot pne so PPPune Pun 4101032,411032,PO-411032-20c68a,medium,True
"Plot 199, Sai Toewr, Market dR, behinnd hospital, airport punne so, puune, pnue, hm, 141032",411032,PO-411032-20c68a,low,True
Shoop 055 Beta TTowe ain magr BeehindH ospital aiporrt pune so ue pune Mh 40132,411032,PO-411032-20c68a,medium,True
"Plot 512, Beta Residency, Station Marg, Behind School, Airport Pune SO, Pune, Pune, Maharashtra, 411032",411032,PO-411032-20c68a,clean,False
"Plot 102, Beta Society, Main Lane, Behind Park, Airport Pune SO, Pune, Pune, Maharashtra, 411032",411032,PO-411032-20c68a,clean,False
Ploot763 Sai Hegights Sttaion Streeet BEHIND SCHHOO airor pune so Pune pnee MMMh 411302,411032,PO-411032-20c68a,medium,True
"Flat No 960, Shree Tower, Main Road, Beside Metro Station, Airport Pune SO, Pune, Pune, Maharashtra, 411032",411032,PO-411032-20c68a,clean,False
Flat No 9 Sai Residedncy Behind Metro Staioon airpportpune so UN Maharsatra 1132,411032,PO-411032-20c68a,medium,True
roo   m237-srhee ommplex-sation lllane-beisd ehhospital-aiarportpune so-une-PPn-14123,411032,PO-411032-20c68a,high,True
"Plo t849, SA HEIGHTS, main lanee, beside hosital, airport pune s, Puune, hM, 41032",411032,PO-411032-20c68a,low,True
"Flat No 596, Shree Complex, Link Street, Near Metro Station, Airport Pune SO, Pune, Pune, Maharashtra, 411032",411032,PO-411032-20c68a,clean,False
"Shop 634, Sai Heights, Main Road, Behind Park, Airport Pune SO, Pune, Pune, Maharashtra, 411032",411032,PO-411032-20c68a,clean,False
"hno 5000, Alpha  Enclave, station ppath, Behhind Hospital, airporrt pune so, Punee, Punne, 4411032",411032,PO-411032-20c68a,low,True
"plo t195, Sai Toewwrr, pOp Bus Stpop, aairportp uneso, UUEN, mmmh, 41110232",411032,PO-411032-20c68a,high,True
"Sho  91, Betaa Heigth, aMrketarg, earhopsital, iarprt pune sso, PUPE, PPnne, maharrashtrra, 140032",411032,PO-411032-20c68a,high,True
"hno 76, beta sc, arket Rd, Nr Narayan Pth, airport une so, Pne, puune, M, 411302",411032,PO-411032-20c68a,low,True
"uHsoe 353, BETAE RSIDENCCY, Staiton aaLne, BBehind Bus SStop, aairrpt pune so, ppunen, upnnne, Maahrashta, 4110332",411032,PO-411032-20c68a,high,True
"Flat No 254, Shree Tower, Station Street, Beside Bus Stop, Airport Pune SO, Pune, Pune, Maharashtra, 411032",411032,PO-411032-20c68a,clean,False
"House 701, Sai Heights, Station Street, Opposite Park, Airport Pune SO, Pune, Pune, Maharashtra, 411032",411032,PO-411032-20c68a,clean,False
Shoop 264-Shree  Twer-Main nPatth-Behin dBkan-airpotr pun seo-puu-MMh-410321,411032,PO-411032-20c68a,high,True
"HNo 873, Shree Tower, Market Marg, Opposite Bus Stop, Airport Pune SO, Pune, Pune, Maharashtra, 411032",411032,PO-411032-20c68a,clean,False
"Plot 83, BetaS oc, Statio Marg, Opposite Baank, aiirport pune so, uPne, Maharasshtra, 411032",411032,PO-411032-20c68a,low,True
"Plot 906, Alpha Tower, Station Marg, Opposite Bus Stop, Airport Pune SO, Pune, Pune, Maharashtra, 411032",411032,PO-411032-20c68a,clean,False
"hop 530, Shree Enclavve, Nr Hospita, airport punee so, Puen, Punee, MAHARAHSTRA, 410132",411032,PO-411032-20c68a,low,True
"hno6 ,, sai encvee,, ilnkr oadd,, seide BusS top,, iarpotp une so,, PNN,, 4012",411032,PO-411032-20c68a,high,True
"hno 15, Beta Sciety, Station Paath, Beside Metro Statino, airportpune so, puen, hM, 4111032",411032,PO-411032-20c68a,low,True
Plt 74 ShereT ower SttaionPath OPPOSITE HOOSITAL AIRPOORT PUUNE SO unne 41013,411032,PO-411032-20c68a,medium,True
"Room 399, Shree Residency, Main Street, Near Mandvi BK B.O, Airport Pune SO, Pune, Pune, Maharashtra, 411032",411032,PO-411032-20c68a,clean,False
"Plot 899, ShreeE nclave, Statiion Marg, Behind Prak, aairport pune so, ppune, Puen, 41132",411032,PO-411032-20c68a,low,True
sh p764 saai heighhts mainpat behind teplee airprot pune soo pne upn 41103322,411032,PO-411032-20c68a,medium,True
"Huoe  320,, BETA ENLAVV,, Likn aPh,, Nrr Temle,, airport  upneso,, ue,, mahaarasha,, 441103322",411032,PO-411032-20c68a,high,True
"Housee 6, Sai ppartmentss, Markett Lane,  rBhavan Peth, Aabrve, Punne, nPuee, h",412115,PO-412115-4b0052,high,True
"hno9, SShrree TTower, arket Lanen, Neear Pkr, Ammmbarvte, PPune, Punee, hMM, 41221115",412115,PO-412115-4b0052,high,True
"HHOUSE 259, Shree Sco, Staion Street, Behnid Bus Stop, ambarevt, upne, Pun, Mahaarashtra, 41115",412115,PO-412115-4b0052,low,True
"Plot 13, Alpha Heights, Market Marg, Behind Metro Station, Ambarvet, Pune, Pune, Maharashtra, 412115",412115,PO-412115-4b0052,clean,False
Flatt No 9440 SAII APARTMNTS sattio nmarg next tometro tsation maabarvet PPuune Puun H,412115,PO-412115-4b0052,medium,True
lt 945 Shree TTowre behnd schoool mabavet unne ppuen Maharashat 1215,412115,PO-412115-4b0052,medium,True
sho 388 Shre eCompex Min PPath net xto park ambaaret Punn Pne hhM 1442115,412115,PO-412115-4b0052,medium,True
"Room 47, Alpha Enclave, Link Road, Near Karvenagar, Ambarvet, Pune, Pune, Maharashtra, 412115",412115,PO-412115-4b0052,clean,False
"plot 26, Beta Aparttments, aMin Road, nr abnk, Amarvet, upne, PUNEE, 12115",412115,PO-412115-4b0052,low,True
"hno 499, Sai Heighs, Statin Marg, Bseide School, Ambarvvet, Puune, pnue, hM, 142115",412115,PO-412115-4b0052,low,True
"Plot 58, SaiHeights, Nr Nandded-Pune, mAbarvet, pne, 4121115",412115,PO-412115-4b0052,low,True
"House 140, Beta Apartments, Link Street, Behind Metro Station, Ambarvet, Pune, Pune, Maharashtra, 412115",412115,PO-412115-4b0052,clean,False
Sohop 5833-sai partemnt-Staito Lan-ear Metro Statino-AAmbarv-PuPnne-ueP-421115,412115,PO-412115-4b0052,high,True
SShop 4476 ai Encalve MAIN RAG nearm ajari bk b.o Ambaaarvet unee Pu Maharasttra 4411215,412115,PO-412115-4b0052,medium,True
"Ploot 920, ssai tower, Station dR, Nr Buss Stop, Ambarvett, Pne, PUE, h, 4122115",412115,PO-412115-4b0052,low,True
"ho 860, sai otwer, Link Lnae, ner hospital, Ambarvvet, Pne, Pue, maharashrta, 412115",412115,PO-412115-4b0052,low,True
House 959 sai aprtmnets main th oppp hosital amarvt puneee 4211115,412115,PO-412115-4b0052,medium,True
"Plot 889, Sai Apartments, Station Road, Next to Bank, Ambarvet, Pune, Pune, Maharashtra, 412115",412115,PO-412115-4b0052,clean,False
"Plot655, hSree Heights, Market Lan, next to meetro station, ambaarvet, PUN, Punne, 41211",412115,PO-412115-4b0052,low,True
laat o 383 Bteea  Complex main   stret eNar asab Peth mbAaarvet PPue M 241115,412115,PO-412115-4b0052,high,True
"Shop 233, Shree Tower, Link Lane, Opposite School, Ambarvet, Pune, Pune, Maharashtra, 412115",412115,PO-412115-4b0052,clean,False
"Flat No 20, Alpha Society, Market Road, Near Sachapir Street, Ambarvet, Pune, Pune, Maharashtra, 412115",412115,PO-412115-4b0052,clean,False
"Plot 122, Beta Tower, Main Road, Near Bavdhan SO, Ambarvet, Pune, Pune, Maharashtra, 412115",412115,PO-412115-4b0052,clean,False
rooom2 11 AAlpha  Apartments Lnik Street near chooll Ammbavret uune uune MhM 412215,412115,PO-412115-4b0052,medium,True
"hhno5688, alhpa owerr, satino mrag, Nr Wnnowariie, Ambaart, nPu, PUEN, mhhh",412115,PO-412115-4b0052,high,True
"SHO 7,, alpha  aparrtents,, Mrket  Margg,, Oppposiite Metro tation,, mAaret,, PUEE,, ep,, MAAHARASHTRA,, 12155",412115,PO-412115-4b0052,high,True
"rom 23, alpha rresidenccy, MARKTE  PTAH, Beside Buss Stop, Amrbve, Puen, puunne, 4121115",412115,PO-412115-4b0052,high,True
room26 beta twoerr Market Lane oopp teple Amravet PPuune unPe Maaharshtra 421151,412115,PO-412115-4b0052,medium,True
oro 681 SAI PATMENTS Sttatioon Marg Near oHspita mbarvvet pppune Puee M 41115,412115,PO-412115-4b0052,medium,True
"hoonn 938, hSree  Socity, tSaion Mag, Nr oHspitlal, ammbarv, Pnne, nPee, hh, 14221115",412115,PO-412115-4b0052,high,True
"Flat N o736, sai enclav, MARKETM ARG, Besde Bank, ambarve, Pne, Pne, 4121115",412115,PO-412115-4b0052,low,True
"Flat No 571, Shree Society, Main Street, Opposite Metro Station, Ambarvet, Pune, Pune, Maharashtra, 412115",412115,PO-412115-4b0052,clean,False
"Flat No 260, Shree Society, Market Street, Beside Bank, Ambarvet, Pune, Pune, Maharashtra, 412115",412115,PO-412115-4b0052,clean,False
Rom 4 Beta Apartmnts eside shcoool bamavet Pun uun 41115,412115,PO-412115-4b0052,high,True
"Room 995, Alpha Enclave, Link Marg, Near School, Ambarvet, Pune, Pune, Maharashtra, 412115",412115,PO-412115-4b0052,clean,False
"House 27, Sai Complex, Main Marg, Behind Temple, Ambarvet, Pune, Pune, Maharashtra, 412115",412115,PO-412115-4b0052,clean,False
hose 185 shreee heighs main marg bside hospiatl abmarvt Punue MAHHARASHTR 41251,412115,PO-412115-4b0052,medium,True
"houuse 577, Bea Twre, ai Marrg, Beeind Hospittal, ambate, nuee, Punnn, 14115",412115,PO-412115-4b0052,high,True
PLOT 4448-aiSE nclave-Maiiin Mar-nbrus top-ambarevt-peen-uPne-aharastr-4121511,412115,PO-412115-4b0052,high,True
Room 66 shree ennclavve MarkeMarg Nearr Templ Ambarvet un uPe MMahaarshtra 412511,412115,PO-412115-4b0052,medium,True
"House 804, Shree Heights, Main Path, Behind Park, Ambarvet, Pune, Pune, Maharashtra, 412115",412115,PO-412115-4b0052,clean,False
"Shop 52, Shree Apartments, Market Road, Near Temple, Ambarvet, Pune, Pune, Maharashtra, 412115",412115,PO-412115-4b0052,clean,False
Rooom 43 Bet aSciety amin lan nearr ark amebgaoon bk dso PUNN uupne 41137,411073,PO-411073-19d7bd,medium,True
Flaat NNo 677 Shree Enclllave mainp aath Behid Metrro Station abmegaon  bk dso uPune Pn MAHAASHTRRA 441073,411073,PO-411073-19d7bd,medium,True
"house 22, BETA COOMPLEX, Link Srteet, Bhind Park, ambegaon  bk dso, Pun, Punee, MMh, 4110773",411073,PO-411073-19d7bd,low,True
"HNo 467, Shree Tower, Main Lane, Next to Park, Ambegaon Bk DSO, Pune, Pune, Maharashtra, 411073",411073,PO-411073-19d7bd,clean,False
"Romo 873, beta towwer, aMin Road, Behind BBus Stop, ambegaon bk do, Puen, punee, 4111073",411073,PO-411073-19d7bd,low,True
rooom  6881-Shree Compmleex-MMaarket Laen-besdie hospitaaal-aambegaon bbkdso-PUN-epun-mm-440173,411073,PO-411073-19d7bd,high,True
"house 358, SAI  APARTMENTS, opposite baank, ambegaon bkk dso, pun, Puune, Mahraashtra, 4110073",411073,PO-411073-19d7bd,low,True
Plto  985 apha height Link Rd Nr Scchhool ambgaoon bk dso PNUNE nue Mhaarashra 44110073,411073,PO-411073-19d7bd,medium,True
"roo 367, Shree Towerr, lik rd, nr metrro station, ambegaoon bk dso, pun, Puen, Mhaarashtra",411073,PO-411073-19d7bd,low,True
hhno 26 Beta Apaartemnts Staiotn Lane N chool ambeegaon bk ddso upe PPUEN Mhaaashtra,411073,PO-411073-19d7bd,medium,True
"Flat No 842, Shree Tower, Link Road, Next to Hospital, Ambegaon Bk DSO, Pune, Pune, Maharashtra, 411073",411073,PO-411073-19d7bd,clean,False
"Shop 458, Alpha Enclave, Main Road, Near School, Ambegaon Bk DSO, Pune, Pune, Maharashtra, 411073",411073,PO-411073-19d7bd,clean,False
"HNo 64, Alpha Apartments, Main Street, Next to Temple, Ambegaon Bk DSO, Pune, Pune, Maharashtra, 411073",411073,PO-411073-19d7bd,clean,False
"SShop8, btea heihs, Beeesside Bank, amegao bkk dso, unPee, uPee, 41073",411073,PO-411073-19d7bd,high,True
lPt353 eBtaaa Soc link anne earm etro sattion mbgaon bkk dso PPen une Mahasrahtr 441170,411073,PO-411073-19d7bd,high,True
"hn o197, alpha residenncy, Market Srteet, Bheind Park, ammbegaon bk dso, Pue, Pue, Mahaashtra, 4110733",411073,PO-411073-19d7bd,low,True
"hno9o 17,, Sai Colx,, MAARKTE ALNE,, bessidehoospital,, ambegaonb k dso,, puu,, uunee,, M,, 4117303",411073,PO-411073-19d7bd,high,True
SShpo834 ShreeTToower Sttaionn R beind metro ssttaion ambegoann  bk dso puuen uP 4113,411073,PO-411073-19d7bd,high,True
roomm 4229 Ahpa Complex Main aMrrg Opposte Shool ambegan bk dsoo uPnee PPuen HMM 4117033,411073,PO-411073-19d7bd,medium,True
Flat N378 SHERE SC mainn paath eBind Temple ambegaoonb k dso ppuune,411073,PO-411073-19d7bd,medium,True
"House 183, Alpha Heights, Main Path, Opposite Temple, Ambegaon Bk DSO, Pune, Pune, Maharashtra, 411073",411073,PO-411073-19d7bd,clean,False
"Plto 707, ALPAH ENCLAVE, NEAR KKONDHWA LH B.O, ammbegaon bk dso, Puune, pun, m, 41107",411073,PO-411073-19d7bd,low,True
Poot 2226-Saii partmentts-Nr Ex. Serivcemaan oClony-aambegaonn bkk dso-Punee-pn-hmmm-411170,411073,PO-411073-19d7bd,high,True
house 249 SaiR esiddency mainlnae Opp Park abeagon bk dso Pe ne,411073,PO-411073-19d7bd,medium,True
lFat No 778 Alpha eight Opposite School ambbegaon bkd so Punnne Pue hh 41017,411073,PO-411073-19d7bd,medium,True
Room99775-Alppha Aaprmtents-ianr d-near metroo sttaation-ameegao nbk dso-pnnue-uP-maharahstra-41130,411073,PO-411073-19d7bd,high,True
Flat  o682 alphae nclav maiin lne Nr Pune  NNew Bazar AMBEGAON BK DSO Punne punnne Mh 441107,411073,PO-411073-19d7bd,medium,True
ohn 7330 AlpaH eight MAAAIN LANEE Nera Vishraatwadi abgeaon bk so uune pnun 41073,411073,PO-411073-19d7bd,high,True
oRom  680 Sai oScietty mainmarrg NEA  RBANK ambegaon bkdos Puuen un 41110733,411073,PO-411073-19d7bd,medium,True
"Hooouse7 71,, eBta eRsidencyy,, Sattion Mrrg,, Opposit eHospitl,, ambbegaoon b kdso,, une,, 141077",411073,PO-411073-19d7bd,high,True
HHouse 171 Sai Complpex liink marg Besside aPrk AMEBBGAON BK DSO nue Mahraashtr,411073,PO-411073-19d7bd,medium,True
Roo 297 Alha Residdency MARRKETLANE NEXXT TO BUS SOP ambeggaaon bk dso Pune uune Mh 40173,411073,PO-411073-19d7bd,medium,True
flat no 8 Si So Market  Rooad nr   bus stop abegaon bk  dso Pnee pu Mahaarashta,411073,PO-411073-19d7bd,medium,True
"Plot 790, Sai Enclave, Main Road, Near Bus Stop, Ambegaon Bk DSO, Pune, Pune, Maharashtra, 411073",411073,PO-411073-19d7bd,clean,False
"HNo 590, Alpha Heights, Main Street, Next to Temple, Ambegaon Bk DSO, Pune, Pune, Maharashtra, 411073",411073,PO-411073-19d7bd,clean,False
"Plot 694, Alpha Heights, Link Marg, Beside Bus Stop, Ambegaon Bk DSO, Pune, Pune, Maharashtra, 411073",411073,PO-411073-19d7bd,clean,False
"Plot 15, Shree Tower, Main Marg, Next to School, Ambegaon Bk DSO, Pune, Pune, Maharashtra, 411073",411073,PO-411073-19d7bd,clean,False
rom460 Alpha Heigghst Link Laene nrbnak mabegaon bk ds upn UUNE Mahrastra 11037,411073,PO-411073-19d7bd,medium,True
"Polt 166, beta  tower, Station arg, Nr Hospial, amegaon bk dso, upne, une, 4111073",411073,PO-411073-19d7bd,low,True
"flat noo 445, Shree Enclavee, station sttreet, Beside Schoool, ambegano bk dso, uPne, uPne, Mahraashtra, 4110073",411073,PO-411073-19d7bd,low,True
"Hoouse 373, Beta partments, SStation Marg, Opp Bnk, ambegaaon bk dso, PNE, 411073",411073,PO-411073-19d7bd,low,True
Flat   No 601 Alpha Heights LLin kMarg NNr  Temple ambbegaon  bk dso Puneee upen Maharashhtraa 4100173,411073,PO-411073-19d7bd,medium,True
"fllat no 547, Shree Enclve, station rrd, OPP PPARK, ammunition afctory khadki, pne, Puen, 4411003",411003,PO-411003-34b741,low,True
"Shop 246, alphaaapartments, mraketl anne, Bhnd Tempe, mmunition fcatory hkadki, puen, PPUUNE, 4101003",411003,PO-411003-34b741,high,True
"Room 709, Beta Enclave, Main Road, Near School, Ammunition Factory Khadki, Pune, Pune, Maharashtra, 411003",411003,PO-411003-34b741,clean,False
"room 908,, Sai Eclave,, Linnk  oRad,, op ssschool,, Ammmunitin Factory Khdki,, Puen,, ueen,, 4130",411003,PO-411003-34b741,high,True
"rooom m813, srheet oower, Lin ane, besied tero station, AAmmunition Fcatory Khaddki, PPune, nupe, h, 4111003",411003,PO-411003-34b741,high,True
"House 11, Sai eRsidency, MAI NROAD, next o hospital, Ammmunition Factory Khadki, Pun, pun, 141003",411003,PO-411003-34b741,low,True
"Room 798, Sai Residency, Main Lane, Behind Bus Stop, Ammunition Factory Khadki, Pune, Pune, Maharashtra, 411003",411003,PO-411003-34b741,clean,False
"HNo 612, Beta Society, Station Lane, Next to Metro Station, Ammunition Factory Khadki, Pune, Pune, Maharashtra, 411003",411003,PO-411003-34b741,clean,False
hhno 267 BEETA ENCLAVEE mmain pah nrbbaner dso pune Ammunnition Factory Khdaki Pnne unee 4110003,411003,PO-411003-34b741,medium,True
"Flat No 825, Beta Society, Link Street, Next to Temple, Ammunition Factory Khadki, Pune, Pune, Maharashtra, 411003",411003,PO-411003-34b741,clean,False
Plot  AlphaT oower StationL anne Near impalgaon Tarfa Narayaangaon B.O ammmunition factory kkhadki ppuen hh 41010,411003,PO-411003-34b741,medium,True
pot121-bea  enclve-ik rod-BESIDE  US SOTP-Amunitino Factory Khadi-ePn-Pn-Mhh-41110030,411003,PO-411003-34b741,high,True
"lfat no  1155,, shree  paartmments,, llin marg,, Behind Hspatl,, Ammunition acttory Khadkii,, uun,, Punneee,, 4411003",411003,PO-411003-34b741,high,True
Shop 770 saiennclave MAIN  ARG xnt to bus stop Ammunition Factoy Khhadki punee punee Mahhaashtra 4411003,411003,PO-411003-34b741,medium,True
"Shop 939, Beta Apartments, Link Street, Near Manjari Farm, Ammunition Factory Khadki, Pune, Pune, Maharashtra, 411003",411003,PO-411003-34b741,clean,False
Sohp 789-sai ersidec-aMMin Ptah-netx o mtero station-ammunition fctaroy khadki-PPen-npe-44100,411003,PO-411003-34b741,high,True
flatn o198 Beta oTweer Main Ptth nex to emtro station Ammuntion Factoyr Khadki punn Pnu 141003,411003,PO-411003-34b741,medium,True
pot 310 sshree aparrtments statioonm arg N rHospiatl Ammmunition Factory KKhadki upe m 41100,411003,PO-411003-34b741,medium,True
"House 19, Alpha Enclave, Market Street, Opposite Park, Ammunition Factory Khadki, Pune, Pune, Maharashtra, 411003",411003,PO-411003-34b741,clean,False
RRoo 94 asai aparments mani tssreet nnnr schhool Ammnuiti onFactory Khadki PPeu PPue mm 44103,411003,PO-411003-34b741,high,True
"Shopp 80,, Beat eRidency,, MrakteRoad,, pOp Bus Stop,, ammunition actrooy khadki,, PPue,, m,, 400",411003,PO-411003-34b741,high,True
"Room 444, Shree Residency, Main Lane, Near Park, Ammunition Factory Khadki, Pune, Pune, Maharashtra, 411003",411003,PO-411003-34b741,clean,False
"Romo  273,, Aplha Hegiihts,, maainnp ath,, n rak,, Amunition Factory Kahkdi,, uPne,, mhaharashrta,, 4111003",411003,PO-411003-34b741,high,True
Hsoue 34 Shree Apartnets Behidn BBankk Ammunitino Factory Khadki uPee ne 411130,411003,PO-411003-34b741,high,True
"House 499, Alpha Heights, Main Street, Near Hadapsar, Ammunition Factory Khadki, Pune, Pune, Maharashtra, 411003",411003,PO-411003-34b741,clean,False
"Flat No 501, Sai Society, Main Marg, Behind Bus Stop, Ammunition Factory Khadki, Pune, Pune, Maharashtra, 411003",411003,PO-411003-34b741,clean,False
Houe 124 Alph aeights Station Pth nextt o hopsital ammunittin factory khadki Puunee uen 411033,411003,PO-411003-34b741,medium,True
LT 473 sia toweer maain mar N rBu Stop ammunition factory khaddki puenn Pune mhaaarashtra 44411003,411003,PO-411003-34b741,medium,True
Fllat No 486 Alpha Residdency Mrkt aMrg Neear hool MMUNITION FACORY HKADKI Pueen hh 411000,411003,PO-411003-34b741,high,True
"house 8804, Alpha Residenyc, Market Roa, besiide park, Ammunition Factory Khadik, une, une, Maharshtra, 410103",411003,PO-411003-34b741,low,True
PLOT38 7 aSi Apartmenst Link Lane behind bus  stopp Ammunition FactoyK hadki Puuen uPen 141003,411003,PO-411003-34b741,medium,True
"HNOO 842, Allpha Heights, station mag, behindhospital, ammunition factory khadk, Puen, Mahraashtra, 4110003",411003,PO-411003-34b741,low,True
fla nn 355-aSi Heiigths-NearNvasahydri-Ammniton Faactory Khadki-Puen-uppne-h,411003,PO-411003-34b741,high,True
"hnoo 621, sai residecy, MARKET RAD, NEAR BUS SSTOP, ammunition factoyr khadki, puune, puune, M, 410103",411003,PO-411003-34b741,low,True
"LOT 0388, aSi Toowe, neext to hospiall, Ammunition Fator Khaadki, pnen, hMMh, 4111003",411003,PO-411003-34b741,high,True
"Fllat  No 15,, she sco,, staiton lanne,, ear a.r.shalla,, MMUNITIOON FFACTORY KHADKI,, npuee,, unPPe,, 41003",411003,PO-411003-34b741,high,True
SHOP 3834 ALPPHA COMPLX Staiton PPath NNeear School ammunitin facttory khadki punne Pe hh,411003,PO-411003-34b741,medium,True
"Housee 670, Alpha oc, Lin Marg, besid emetro station, Ammunition Factory Khadk, ppune, pnue, hM, 41103",411003,PO-411003-34b741,low,True
"Room 248, Alpha Residency, Main Street, Behind Temple, Ammunition Factory Khadki, Pune, Pune, Maharashtra, 411003",411003,PO-411003-34b741,clean,False
"SShop  47, alpha cmlppex, esdie chool, Ammunitio Fatorry Khadki, uppn, pnne, 4013",411003,PO-411003-34b741,high,True
"HNO6 83, Alph aEnclave, Linnk Road, Opp  Metro Station, Amunition Factory Khadki, PPune, Puune, 4111003",411003,PO-411003-34b741,low,True
SSohp 754 Alh aSoc MAISNTREET eNar Bus Stoop ammuniittion factory khadki Punnne Punn 4101103,411003,PO-411003-34b741,medium,True
Rooom 36 beta compe Markkt Street NrPPark nandngar uune Puuune Maharaashrta 415101,411051,PO-411051-877b0c,medium,True
"oRoom6 5, eeta ccomplex, inkSt reet, NET TTO TEPLE, nAandnaaggar, PUEE, uP, hM, 4110051",411051,PO-411051-877b0c,high,True
"Plot 230, Alpha Residency, Market Lane, Beside Park, Anandnagar, Pune, Pune, Maharashtra, 411051",411051,PO-411051-877b0c,clean,False
Shopp 91-EBTA ENCLAAV-link roaaa-NNr Prkk-nAandngara-en-h-411110051,411051,PO-411051-877b0c,high,True
"rom 702, Shre eSoc, STATION APTH, NEXT TO  SCHOOL, Anandnagaar, upne, Pue, Maharashttra, 4111051",411051,PO-411051-877b0c,low,True
nho2887-lppha Soc-Sttaion  Pth-Near Shol-Anadnnagr-PPuee-Pe-mmaarahstra-141101,411051,PO-411051-877b0c,high,True
"Room 944, Alpha Complex, Station Road, Behind Park, Anandnagar, Pune, Pune, Maharashtra, 411051",411051,PO-411051-877b0c,clean,False
Shohp7 22 BEA TOWRE SStatiion dR NNear SShivajjinagar AANNNADNAGAR nu ppnne MMMh 441101,411051,PO-411051-877b0c,high,True
"Shp 384, Alph aHeights, MainLane, Behind Metr Station, Anandnagaar, uPne, Puen, mhh, 4110551",411051,PO-411051-877b0c,low,True
"House 93, Alpha Society, Link Street, Opposite School, Anandnagar, Pune, Pune, Maharashtra, 411051",411051,PO-411051-877b0c,clean,False
Rom 67 Shrre Copmlex Beside  BBaank Ananndddagar uuPe nu hMM 151,411051,PO-411051-877b0c,high,True
"House 31, Alpha Compex, Lnik Lane, Near Ghorpri Bazar, Anandnaagar, Pun, uPne, M, 4110051",411051,PO-411051-877b0c,low,True
"hno 52, Beta nEclave, ain lane, NR KOTHHRUD, ANANDNAAGAR, Pue, Pue, Mharashtra, 4110051",411051,PO-411051-877b0c,low,True
"FlatN 3466, hee oc, nik patth, nettx to cshool, anadagarr, uPee, UNN, 411110551",411051,PO-411051-877b0c,high,True
"hno 55, Alpha Soceity, staton path, enxt to school, Anannagar, punne, mhh, 4111051",411051,PO-411051-877b0c,low,True
"Plot 603, Sai Heights, Station Path, Beside Park, Anandnagar, Pune, Pune, Maharashtra, 411051",411051,PO-411051-877b0c,clean,False
Houes  3449-Beat Toeer-Statoi Mrg-oppmmetro sttaion-Annandaagar-Pnue-punnnee-451,411051,PO-411051-877b0c,high,True
"Flatt oN 456,, ai Heigghtss,, Maret anLe,, N Hsopittal,, Annadnagra,, nPe,, une,, Maharasthraaa,, 44151",411051,PO-411051-877b0c,high,True
"Plot 807, Alpha Enclave, Main Lane, Behind School, Anandnagar, Pune, Pune, Maharashtra, 411051",411051,PO-411051-877b0c,clean,False
"Sh 17,, SSai TTTower,, Opp HHssopital,, anandddngar,, PUUE,, 441015",411051,PO-411051-877b0c,high,True
Plot 46 be tapartments Sttaation Lane nnext to metro sttation nndnagar uen Pnee AMHARRASHTRA 141015,411051,PO-411051-877b0c,medium,True
hnno 060 Si Enclaev Market RRoadd next to osital Ananddnaggar Pune aahrashtra 41151,411051,PO-411051-877b0c,medium,True
"plot 6900, alpha towr, Maiin Marg, behind bus sop, Annadnagar, Pun, 41151",411051,PO-411051-877b0c,low,True
houeu 149 Sai Siety Behind BBu sSotp Annadnaaar Puenee h 1105,411051,PO-411051-877b0c,high,True
Room 9991 Shreep artments nex tto bank AnAandnagar uune uen MH 411051,411051,PO-411051-877b0c,medium,True
"Room 8886,, pha apartmentts,, MarktPeath,, nr saanngrun b..o,, nAdnnagar,, uPnne,, Puneu,, aharasrhta,, 4110511",411051,PO-411051-877b0c,high,True
"Room 835, Alpha Enclave, Main Lane, Next to Hospital, Anandnagar, Pune, Pune, Maharashtra, 411051",411051,PO-411051-877b0c,clean,False
hno 775 AlphaA partmnts main  mrag NEXXT TO HOSPPITAL Annadagar uppne nue h,411051,PO-411051-877b0c,medium,True
"rom o998,, Shree oTer,, iLn Steret,, NNrBus Sop,, Andnaga,, Puuune,, pppuune,, 441051",411051,PO-411051-877b0c,high,True
"shop 650, lapha apartments, staiton lane, ehind Bus Stop, Anadnagar, Punee, Punne, Mhh",411051,PO-411051-877b0c,low,True
"House 350, Shree Tower, Market Road, Behind Metro Station, Anandnagar, Pune, Pune, Maharashtra, 411051",411051,PO-411051-877b0c,clean,False
"House 437, Beta Heights, Link Road, Opposite Hospital, Anandnagar, Pune, Pune, Maharashtra, 411051",411051,PO-411051-877b0c,clean,False
"Room 730, Sai Heights, Link Street, Behind Temple, Anandnagar, Pune, Pune, Maharashtra, 411051",411051,PO-411051-877b0c,clean,False
room 187 sai resideecny Linnk Lanee Nr Sivan B.O ananadgar upe Pen Maharashtra 11501,411051,PO-411051-877b0c,medium,True
plo  127 SHREE TOEWWR Oposite Meetro Station anandnaag PNEE 41105511,411051,PO-411051-877b0c,medium,True
oSp 507 Alpha Reeisdency Market RRooad Naer Baank Aandnnagar unee un aMharashtar 41115,411051,PO-411051-877b0c,medium,True
Shp 3553 Sai Hightts LNK TSREET Nr  Moravve Anandaggar pne Maharrashtraa 441101,411051,PO-411051-877b0c,medium,True
"FLAT NO 79, Sai Towre, STATION LAEN, behnid park, Anandnaagr, pnue, Mhh, 4110551",411051,PO-411051-877b0c,low,True
no 69 sai  residdency markett ppath Besiide Bus  Stop ANANDNAGAR Pune UPNEE mhm 41111051,411051,PO-411051-877b0c,medium,True
Shp 6113 SSai HHeights Market Lean BESSDIE PARK andnagar Pn Pen Mharsahtra 4101511,411051,PO-411051-877b0c,medium,True
"House 21, Sai Tower, Main Street, Near Nana Peth, Anandnagar, Pune, Pune, Maharashtra, 411051",411051,PO-411051-877b0c,clean,False
"Flat No 335, Shree Tower, Station Road, Next to Metro Station, Anandnagar, Pune, Pune, Maharashtra, 411051",411051,PO-411051-877b0c,clean,False
"hno 914, alpha soceity, Liink Path, nr sangrunb.o, Armmament, Puune, Pun, maharsahtra, 411021",411021,PO-411021-b6e411,low,True
"Plot 43, Beta Heights, Main Marg, Next to Hospital, Armament, Pune, Pune, Maharashtra, 411021",411021,PO-411021-b6e411,clean,False
"op 61,, hrhee Soc,, market paah,, OOpp Tpele,, AARAAMENT,, unPne,, PPUEN,, h,, 411021",411021,PO-411021-b6e411,high,True
"shop 8555, srhee scoitey, LinkS Streett, near  ivman gnr, Armenmt, pne, PPuuen, mahraaashrta, 41201",411021,PO-411021-b6e411,high,True
"Plot  390, ai residency, STATIO NPATH, Near BBank, armamnet, une, PPune, mmh",411021,PO-411021-b6e411,low,True
"Plo t960, BetaR esidency, Staton Path, BesideB us Stop, Armamet, pnue, punne, M, 41121",411021,PO-411021-b6e411,low,True
"Plot 37, shree twoer, Link Lanne, opposite bus sstop, Aramment, pun, une, Maharashtr, 41101",411021,PO-411021-b6e411,low,True
"Plot 325, Beta Society, Link Lane, Beside Bank, Armament, Pune, Pune, Maharashtra, 411021",411021,PO-411021-b6e411,clean,False
"Shop 100, Alpha Society, Main Road, Near Metro Station, Armament, Pune, Pune, Maharashtra, 411021",411021,PO-411021-b6e411,clean,False
"House 84, Betta Soc, Sation Street, Opp Bankk, rAmament, une, m, 411012",411021,PO-411021-b6e411,low,True
lPott 599 ShreeH eightss Beside  Bu sStop Armmment pue Pun MMHH 44110021,411021,PO-411021-b6e411,medium,True
"plt 5, Allph Copmlex, markaet marg, Nr Prak, Amamnett, uuen, pppune, Mharashtra, 4110211",411021,PO-411021-b6e411,high,True
"Polt 190, betasoc, OppTemple, armamment, upne, PUE, Mharashtra",411021,PO-411021-b6e411,low,True
"Plot 13, Sai Heights, Station Path, Behind Bus Stop, Armament, Pune, Pune, Maharashtra, 411021",411021,PO-411021-b6e411,clean,False
"roo69,, Beat Rsidenccy,, MarrktS treet,, bieisde park,, rAment,, Pnun,, pnue,, M,, 1201",411021,PO-411021-b6e411,high,True
"Romo 125, Alpha Compex, Station treet, Behiind Bank, Armaament, Pnue, une, Mhh",411021,PO-411021-b6e411,low,True
"Shoop 273, Beta ower, Markket Marg, Oppp Metro Station, armamment, Pun, pue, hm, 41021",411021,PO-411021-b6e411,low,True
"ho 6, Alphae siency, BEEHIND METTRO STATON, ammament, Puuune, pe, 44102",411021,PO-411021-b6e411,high,True
"House2 33, shree ccomplex, main pah, near busstop, armaemnt, Puen, h, 411012",411021,PO-411021-b6e411,low,True
room 34 bta  tower markeet lanne Oposite Bu Stop AArmment Pune Pu 411101,411021,PO-411021-b6e411,medium,True
HNNO 0 BetaA partents aMi Rd nnextto bus stop Armmanet unne uPune m 141012,411021,PO-411021-b6e411,medium,True
"Shop 28, aalpha enclave, Link Strete, Near ank, Armamnt, Pun, Puen",411021,PO-411021-b6e411,low,True
Rommo 418 Saiii Apartments Mket Road nneext to bank Armmmament un Pnu Mahraasthra 411021,411021,PO-411021-b6e411,medium,True
"huose 248, Shree pAartments, Nr Vidyanaagar Pune, Armamet, PPune, 41021",411021,PO-411021-b6e411,low,True
Poolt 82 ai Twerr aMiin Maarg next ot hospitlla rmamtn Peen Pun Mahaarhstra 4410221,411021,PO-411021-b6e411,high,True
"HNo 759, Beta Residency, Market Marg, Behind Bus Stop, Armament, Pune, Pune, Maharashtra, 411021",411021,PO-411021-b6e411,clean,False
"sophp 538, Sai Resdiiecny, mani maagr, Besde Hospittal, aarmmaentt, uPne, 1412011",411021,PO-411021-b6e411,high,True
"HNo 684, Sai Residency, Link Road, Beside School, Armament, Pune, Pune, Maharashtra, 411021",411021,PO-411021-b6e411,clean,False
"Room 169, Beta Tower, Market Street, Opposite Bus Stop, Armament, Pune, Pune, Maharashtra, 411021",411021,PO-411021-b6e411,clean,False
PLOOT4 4 Srree Society marke road Oppoite Baank Armame pune PUEE mahaashtrra 411021,411021,PO-411021-b6e411,medium,True
"House  531, Sai Towre, Station Streeet, next to prak, Armamnet, Pun, pue, Mharashtra, 11021",411021,PO-411021-b6e411,low,True
huose51-aphaa partmenst-MRAKEET PATTH-enxt ot teemple-Amraemt-Pnnue-401211,411021,PO-411021-b6e411,high,True
"Plot 18, Sai Enlcave, opposite busstop, Armment, Punne, Punee, MMh, 41021",411021,PO-411021-b6e411,low,True
HOUES 6 Sa iwer station laannne eihndP ark Armamment ue uPne Mahharstra 4411012,411021,PO-411021-b6e411,high,True
"RRoom 128, Alha Residency, Statioon Lane, Opp School, aarmament, pne, Pun, Maharashra, 4111021",411021,PO-411021-b6e411,low,True
"Shop 415, Sai Apartments, Market Lane, Next to Temple, Armament, Pune, Pune, Maharashtra, 411021",411021,PO-411021-b6e411,clean,False
hnno 77 Sai Toer STION  RD extt o tepmle ARMAEMNN eu 41110211,411021,PO-411021-b6e411,high,True
SShop 5-Sa iTwerr-Mnai  Marg-ebised bank-Araaent-unPee-une-Maharastrr-4111102,411021,PO-411021-b6e411,high,True
rom 977 SaC omplex link ad Beisde BBus Stop rmaent ue Pnu Mahhrashtra 1410021,411021,PO-411021-b6e411,medium,True
"Shop , SAI RESIDECY, nar park, Arrmament, uPne, M, 4111021",411021,PO-411021-b6e411,low,True
Plot61 Beta Apartetns lkin path nar bank Arammnt Pnu ne 14121,411021,PO-411021-b6e411,medium,True
p lt475 SaiiResiidency Statioooon Marg Opoposite ank Armammeentt unn nu M 44111012,411021,PO-411021-b6e411,high,True
Flat No 288 Shreee Encllave near aaunh t.s. Aunddh -Puen npue Punne Mahrashtra 41106777,411067,PO-411067-bfc198,medium,True
hnno  895 beta enclave NNear Metrro Station Anduh -Pune pune mharashhtra 4110076,411067,PO-411067-bfc198,medium,True
Flat NNNo 763 Alhpa Hights beside hopsittal aundh  -pne Pen 11067,411067,PO-411067-bfc198,medium,True
"HNo 713, Shree Society, Market Lane, Behind Metro Station, Aundh -Pune, Pune, Pune, Maharashtra, 411067",411067,PO-411067-bfc198,clean,False
oRmo 373 bta residnecy Maretk Street Near Hadappsra Andh -Punee nue 141067,411067,PO-411067-bfc198,medium,True
FLLAT NO 931 sa ienclvae ain MMarg behiind cshool aundh --puen Pnne Pnne 411007,411067,PO-411067-bfc198,medium,True
"Flat No 416, Alpha Heights, Station Lane, Next to Park, Aundh -Pune, Pune, Pune, Maharashtra, 411067",411067,PO-411067-bfc198,clean,False
"Shhop 255,, Shhre oc,, Maii Lnae,, nearr undh t.s,, uAdh P-une,, pnue,, nu,, 41067",411067,PO-411067-bfc198,high,True
"hno 4449, Sia Apartments, mainl ane, Beside Hospiatl, Aundh -Punne, Puen, uPne, 4110067",411067,PO-411067-bfc198,low,True
"hno192, hree Residency, Station aMrg, BBehind Hospital, AUNHD -PUNE, Pun, Puen, mahraashtra, 141067",411067,PO-411067-bfc198,low,True
Roomm 491 sai apartmenntts staio path BESIDE HOSSPITLA Aundh  Pune ppunee npe mh,411067,PO-411067-bfc198,medium,True
"PPlot 63, hree enclave, Likn Path, opp bank, Andh -Pune, Pnue, Punne, Maharashtraa, 41067",411067,PO-411067-bfc198,low,True
Huose 322 beta apartmetns lin kroaddd OPPPOITE SCHOOL Auun h-Pune PPnnue une h 41110076,411067,PO-411067-bfc198,high,True
"HOUSE 32, Shre eEnclave, Main Pth, ehind bank, uAndh -Pune, PUE, Punne, 4411067",411067,PO-411067-bfc198,low,True
"hno8 17, Alpha Heihts, LINK SSTREET, Near Karvenagaar, uandh -pune, uPne, PPune, Maharashtr",411067,PO-411067-bfc198,low,True
"Shoop 182, Shree Enclavve, next tom etro station, Aundh- Pune, pne, MHARASHTRA, 41067",411067,PO-411067-bfc198,low,True
hno3 46 BetaTowerr Stttion Road Opp MMetro tation AUND-H PUNE npe Pnne mmh 411067,411067,PO-411067-bfc198,medium,True
"Flat No 585, Sree Society, Link Lan, enxt to school, uAndh -Pune, une, Mahraashtra, 4110677",411067,PO-411067-bfc198,low,True
ROOM 12 Sa iEnlcave Opp pPark Andh- Pune PUNEN 41016,411067,PO-411067-bfc198,medium,True
"Pott 39,, Bea Hiegghts,, Near Metor taiton,, Auundh-Pue,, PUE,, mmmh",411067,PO-411067-bfc198,high,True
Shop 935 Allpa Enclave Link Marr Near Hoospiital Aundh -Pn puene maharasshttra 41017,411067,PO-411067-bfc198,medium,True
"ROO M909, Shree oSciety, ink Lane, Opp  Park, Aundh -Punee, puen, 4411067",411067,PO-411067-bfc198,low,True
"flaat no 1, Shree HHeights, Op Hosppitaal, Aund h  -Pune, PEEN, nue, mahrashta, 1411067",411067,PO-411067-bfc198,high,True
rooom6 64 Alph Enlcave Man Street next to bka Aundh -nPue nue upe 40167,411067,PO-411067-bfc198,medium,True
"Shop 953, Sai Enclave, Link Street, Beside Park, Aundh -Pune, Pune, Pune, Maharashtra, 411067",411067,PO-411067-bfc198,clean,False
"Ploo 11,, hre Socc,, LLIKNROAD,, Nr Shhool,, Auundh PP-une,, PPune,, Puun,, 41106",411067,PO-411067-bfc198,high,True
hno 889 ALPHA CMOPEX LI ROAD nexxt t obank Audnh- Pune Peu Pue Mhaaarashtra 41017,411067,PO-411067-bfc198,medium,True
"Room 624, Shree Society, Station Path, Near Temple, Aundh -Pune, Pune, Pune, Maharashtra, 411067",411067,PO-411067-bfc198,clean,False
Hoouse 8188 Alpha Towwe Link aPht Beside  Bus top Aunndh -Pnue Pune pu Maarashra 4116067,411067,PO-411067-bfc198,medium,True
"Shop 55, alpha heihts, maain marg, Opposite Hsopital, Aundh -Pnue, uPne, Pne, Mhh, 411067",411067,PO-411067-bfc198,low,True
Room 957 Bet aSSociety STATIONN AMRG near sanggun b.o Aundhh -une PPnue PPuen 4111076,411067,PO-411067-bfc198,medium,True
FLA TNO889-beta  complxee-iLk Mag-BBehind BBakn-und hPune-uP-Pnuu-401067,411067,PO-411067-bfc198,high,True
SHHOP 195 aS iEnclave stattion ptah Beeisde Bank AUNHD- PUNE Puenn Pne Mhh 41160,411067,PO-411067-bfc198,medium,True
"Huose 659, alhpa tower, OOpp Bank, Aundh P-une, Puune, Puen, MAHARAHTRA, 41067",411067,PO-411067-bfc198,low,True
"Plot 4766, shree osc, Station Street, next o hospital, aunddh -pune, Puune, uPne, maharashtrra, 41067",411067,PO-411067-bfc198,low,True
"Housse 674, shree omplex, Station Lanne, next tobus stop, aund -pune, Puen, Punee, m, 4111067",411067,PO-411067-bfc198,low,True
ouse2 53 Beta Socey Market RRdd Opposite Buss Stoop uandh --pune Peu punen 4110667,411067,PO-411067-bfc198,medium,True
"lFat No 798, SaiR esidency, Nera Iaf Station, aunndh -pune, uPne, Pun, mmh, 41167",411067,PO-411067-bfc198,low,True
hhho 43 Saai Apartmesn mainm ragg Op paBBnk AUNDH-PUEN PPneu h 411,411067,PO-411067-bfc198,high,True
"FFLAT NO 26, bbea residenc, LinkRoad, oppsosite pakr, Aundh Pue, uP, ep, 1167",411067,PO-411067-bfc198,high,True
FFFlat No 8817-sssai residncy-mamin r-Opostie chool-anuddh p-une-Puenee-aahrrashtra-41111076,411067,PO-411067-bfc198,high,True
"Plot 91, Shree Heigts, Near Pakr, aund h-pune, Punne, PPune, Maharashtraa, 41067",411067,PO-411067-bfc198,low,True
Housse 8004 Allpha Coomplex Main  tSreet nex to park Aunhdh T.S. Pen uPnee h 41100,411007,PO-411007-10daee,medium,True
"Plot 57, Beta Tower, Main Street, Near Temple, Aundh T.S., Pune, Pune, Maharashtra, 411007",411007,PO-411007-10daee,clean,False
"HNo 379, Alpha Society, Market Lane, Near School, Aundh T.S., Pune, Pune, Maharashtra, 411007",411007,PO-411007-10daee,clean,False
"Shop 857, Shree Enclave, Station Path, Near Bank, Aundh T.S., Pune, Pune, Maharashtra, 411007",411007,PO-411007-10daee,clean,False
"Room 951, Alpha Heights, Station Street, Next to Park, Aundh T.S., Pune, Pune, Maharashtra, 411007",411007,PO-411007-10daee,clean,False
"Plot 970, Alpha Tower, Link Path, Beside Park, Aundh T.S., Pune, Pune, Maharashtra, 411007",411007,PO-411007-10daee,clean,False
romo 1777 Beeta Toewr Main  Street nexxt to bak aundh t..s.. Pen Maharsashtra 4110077,411007,PO-411007-10daee,medium,True
shop  557 lpha Enave ttion Mrag Behid Bu tSop Aund hTT.S.. Pun puneee Mahaarshtar 41010077,411007,PO-411007-10daee,high,True
"Shop 418, Shree Enclave, Link Lane, Beside Bus Stop, Aundh T.S., Pune, Pune, Maharashtra, 411007",411007,PO-411007-10daee,clean,False
os 192 hhree Apratments Behhind uuBs Stop AAundh T.SS pppue PPnu Mahaashhtr,411007,PO-411007-10daee,high,True
"Shop 999, Alpha Residency, Market Street, Next to Bank, Aundh T.S., Pune, Pune, Maharashtra, 411007",411007,PO-411007-10daee,clean,False
"OUSE 349, aalpha soc, stationn road, Nr Pak, Aundhh T.S., pun, Puen, 410107",411007,PO-411007-10daee,low,True
"hhn49,, ALPA RESDIECY,, Maret arg,, behinn bus sotp,, uandhtt.s.,, punee,, Pnuu,, ahaarashtra,, 44110077",411007,PO-411007-10daee,high,True
FlatoN7 esre enclave Bese Teemple AAundh T.S. ue Puune hh 141007,411007,PO-411007-10daee,high,True
honn 95-eBta Apratmenst-EXT TTO METRO TSATION-uAndh.TS.-ppn-uPne-Maaaharrashtra-440107,411007,PO-411007-10daee,high,True
ohuse  269 Alphha Apartmetns Main Paat Oppp Schoool AAund T.S. ue uPen maharrashtra 4111070,411007,PO-411007-10daee,medium,True
"hno 244, EBTA SOC, ilnk rd, NEAR VIDYANAGR PUNE, Aundh T..S, Punee, PPune, hm, 4111007",411007,PO-411007-10daee,low,True
ohouse 666 beta apratment MAINPAH NNr Muhe B.O anud t.s. Puee uune mhhh 441100,411007,PO-411007-10daee,medium,True
"PLLOT 566, SAI COMOPLEX, sttaio paht, Oppp Shoo, AnudhT ..S, punn, Puen, 14100077",411007,PO-411007-10daee,high,True
Rom 03-lphha hights-INNKM ARG-BBeind Bakn-Aun dT..S-PPnne-nu-mhaaarshhtra-100,411007,PO-411007-10daee,high,True
"RRoom 657, hree Society, ain Rd, nnext to park, Aund T.S., PPune, Pue, Maharashttra, 4111007",411007,PO-411007-10daee,low,True
"HNo 610, Sai Society, Station Marg, Near Metro Station, Aundh T.S., Pune, Pune, Maharashtra, 411007",411007,PO-411007-10daee,clean,False
"Room 813, Beta Residency, Link Marg, Opposite Hospital, Aundh T.S., Pune, Pune, Maharashtra, 411007",411007,PO-411007-10daee,clean,False
hnoo9244 SSaiHegihts mai sttreeet Behiinnd ank AuhT.S. PPne 4007,411007,PO-411007-10daee,high,True
"Shop 845, Shree Complex, Main Path, Behind Hospital, Aundh T.S., Pune, Pune, Maharashtra, 411007",411007,PO-411007-10daee,clean,False
"Flat No 506, Shree Enclave, Main Path, Near Temple, Aundh T.S., Pune, Pune, Maharashtra, 411007",411007,PO-411007-10daee,clean,False
Fat oN 474 Betta Scoiety arekt Road Ner Khadakwasla R.S. aundht .s.. punen un MM 4411070,411007,PO-411007-10daee,medium,True
"Flat No 403, Shree Society, Link Street, Near School, Aundh T.S., Pune, Pune, Maharashtra, 411007",411007,PO-411007-10daee,clean,False
Flat NNo 2285 beat ssoc iLn kRd NNear Range Hlls AAundh TS.. uune Puuune 410007,411007,PO-411007-10daee,medium,True
lt 503 Shhreee Apartments MARETK LANE N RDECCAN GYMKKHANA uAndh T.SS. nPe H 411007,411007,PO-411007-10daee,medium,True
"room 089, BETA OMPLEX, next totemple, uAndh T.S., pne, ppune, hM, 4111007",411007,PO-411007-10daee,low,True
"Room 805, Alpha Enclave, Market Road, Near Bhavani Peth, Aundh T.S., Pune, Pune, Maharashtra, 411007",411007,PO-411007-10daee,clean,False
ooom 448 Shree Ecnlavee Nr  Punee City AundhT..S pune upnee Mahharrashtra 4111007,411007,PO-411007-10daee,medium,True
"Flat No 285, Alpha Enclave, Market Street, Opposite Temple, Aundh T.S., Pune, Pune, Maharashtra, 411007",411007,PO-411007-10daee,clean,False
"Flat No 432, Sai Apartments, Link Road, Opposite Park, Aundh T.S., Pune, Pune, Maharashtra, 411007",411007,PO-411007-10daee,clean,False
"HN O37, alpha soicety, oppp ark, uAndh T.S., Pne, Pue, Maahrashtra, 4111007",411007,PO-411007-10daee,low,True
"Shop9 05, Allpha Complex, MarketS treet, BesideBank, Aundh .S., pnue, pne, Maharshtra, 41007",411007,PO-411007-10daee,low,True
"pot 401,, Alpha Resicny,, Oppposite Shcoool,, Audh T.S..,, PPuneee,, Pnuune,, hh,, 04107",411007,PO-411007-10daee,high,True
Ploot 9 Beta Twoe Statio Strreet beside mtero tsation aundh .s. PPuune ne M 411007,411007,PO-411007-10daee,medium,True
hn 37 Bet Socity tSation Laen Besidee eTmple Anudh T.. pnne Puunne 4107,411007,PO-411007-10daee,medium,True
"plot 19, Beat Soc, Main aPth, beeside park, AundhT.S., upne, Pnue, 141007",411007,PO-411007-10daee,low,True
"Shop 868, Shree Apartments, Main Marg, Near Metro Station, Aundh T.S., Pune, Pune, Maharashtra, 411007",411007,PO-411007-10daee,clean,False
"hhno 782, Sai Residenncy, Man Marg, nr bibvewaddi, Baijrao Rd, Pne, puune, h, 411002",411002,PO-411002-d8d58b,low,True
lat no4 81 Sai  Societtty Main   Rad nrgdihi camp bjairrao rrd pnnnue pun Mharashttra 4110,411002,PO-411002-d8d58b,high,True
Flat Noo 948 Sai Hgehts LinkaPth behin dbus  stop Bjirao Roda un Puunee,411002,PO-411002-d8d58b,medium,True
Pot 376 SaiCC omplex Near Teplee bjairao  road uPn UPN 411000,411002,PO-411002-d8d58b,medium,True
room4  31 sai heights Link Lane next to  prk aBjira oRd Puee Puun 411002,411002,PO-411002-d8d58b,medium,True
"Flaat No 264, Beta Complxe, MAI ROAD, BESIDE BU STOP, Baijrao Rd, Puune, M, 4110002",411002,PO-411002-d8d58b,low,True
Hoous e945 alphha societyy Maret MMarg opp schollo bajiraaao rd Puunee pnune aMharashhtra 1102,411002,PO-411002-d8d58b,medium,True
"HOUS 198, sai heightts, ebhind metro station, bjirao road, uPne, Maharashra, 41102",411002,PO-411002-d8d58b,low,True
"Plot 987, Alpha Society, Market Road, Next to Hospital, Bajirao Road, Pune, Pune, Maharashtra, 411002",411002,PO-411002-d8d58b,clean,False
hoseu 273-ALPH EIGHTS-Stationn Lae-BBehind  Hsopital-bbajira roda-peue-411002,411002,PO-411002-d8d58b,high,True
Flat No 168 alpah apartmenst Besdei Hospital BajiraoRoda Pnu ppne aMahrashtra 411002,411002,PO-411002-d8d58b,medium,True
"HNo 278, Beta Residency, Main Lane, Next to Temple, Bajirao Road, Pune, Pune, Maharashtra, 411002",411002,PO-411002-d8d58b,clean,False
"Flat No 466, Alpha Complex, Link Lane, Behind Bus Stop, Bajirao Road, Pune, Pune, Maharashtra, 411002",411002,PO-411002-d8d58b,clean,False
"Plot 834, Alpha Tower, Station Path, Beside Bus Stop, Bajirao Road, Pune, Pune, Maharashtra, 411002",411002,PO-411002-d8d58b,clean,False
"Plt 658, Sai Ecnlave, STTAION STREET, Beside Bus Sttop, bajirao roa, Puune, MAHARASHTA, 141002",411002,PO-411002-d8d58b,low,True
"lat No 49,, Appha Compplex,, mket paht,, Nr oHosital,, Birao Rd,, upnn,, Puue,, mhhhh",411002,PO-411002-d8d58b,high,True
Flaat No 84 bet ssoc Main teet nexttoh ospital baajirao dr puunne uen 40102,411002,PO-411002-d8d58b,medium,True
"HSOP 718, SHREEE HEIGHTS, Link Margg, opposite bus stop, baijrao road, ppune, hM, 4411002",411002,PO-411002-d8d58b,low,True
"Plot 557, Shree Apartments, Market Marg, Near Srpf, Bajirao Road, Pune, Pune, Maharashtra, 411002",411002,PO-411002-d8d58b,clean,False
"Room 335, Shree Apartments, Main Marg, Behind Hospital, Bajirao Road, Pune, Pune, Maharashtra, 411002",411002,PO-411002-d8d58b,clean,False
Flato 81 bet aresidcy linnk ppath ent ot hospital bjjairaord Puneee pppunee amharastra 1410022,411002,PO-411002-d8d58b,high,True
"Shop 166, Alpha Complex, Station Lane, Next to Bus Stop, Bajirao Road, Pune, Pune, Maharashtra, 411002",411002,PO-411002-d8d58b,clean,False
"Flaat No 330, shhree apartments, Station ane, Behind Bus Sop, Bajiirao Rd, pne, MMh, 4110002",411002,PO-411002-d8d58b,low,True
"Plot 182, Sai Residency, Market Road, Opposite Hospital, Bajirao Road, Pune, Pune, Maharashtra, 411002",411002,PO-411002-d8d58b,clean,False
"Flat oN 997, Beta Residenncy, ink Lane, next to metr station, Bajiraao Rd, PPune, hM, 11002",411002,PO-411002-d8d58b,low,True
"Flat o 361, Shree EEnclave, lnk path, Behnd School, Bajiroa Road, PUNEE, h, 41002",411002,PO-411002-d8d58b,low,True
"ROOOMM422, Btaa Towwer, Staion Roaa, besidet eempl, aijrao RRd, ne, 4411002",411002,PO-411002-d8d58b,high,True
"hnoo 1, Alhpa Complex, ilnk rd, Behind BusS top, Bajirao Raod, pne, pun, Mahaarashtra, 4111002",411002,PO-411002-d8d58b,low,True
"Room 780, Shree Enclave, Main Road, Next to Metro Station, Bajirao Road, Pune, Pune, Maharashtra, 411002",411002,PO-411002-d8d58b,clean,False
flat o 16 Bae Society Maket  Street rrN Bank bajirrao roa Pe PPue M 41010,411002,PO-411002-d8d58b,medium,True
"Shop 849, Beta Apartments, Main Lane, Beside Bus Stop, Bajirao Road, Pune, Pune, Maharashtra, 411002",411002,PO-411002-d8d58b,clean,False
flat nnno 952 Bea Enclavve link lalne Beside Temple BBajirao dR pn Pnnue mhh 41110022,411002,PO-411002-d8d58b,medium,True
"House 297, Beta Society, Main Street, Opposite Metro Station, Bajirao Road, Pune, Pune, Maharashtra, 411002",411002,PO-411002-d8d58b,clean,False
"hno 020, alpha enlcave, Link Magr, nr metro statiion, bairao road, Punne, Pnue, 4411002",411002,PO-411002-d8d58b,low,True
"Roo88 5,, etaApartents,, Station Maarg,, BBESSIDE BANNK,, bajiaoo  rd,, Puu,, Pnnee,, maharshtaa,, 4110202",411002,PO-411002-d8d58b,high,True
"Shp o98, Alphh aRResidency, main anl, beehind hopsitl, BBajirao Rooda, puue, pne, MMaharsahttra, 41411002",411002,PO-411002-d8d58b,high,True
Flat No 59 Aphha Apratments Opposeit Tempple BiraoR d ePn une Mahharahrta 14020,411002,PO-411002-d8d58b,high,True
roo9 33-Sere Compllex-Markee tMar-nnaer deccan gymkhnaa-BajaroR oad-PPnne-uPuune-MM-4111002,411002,PO-411002-d8d58b,high,True
"Flat No 877, Sai Residency, Station Path, Beside Temple, Bajirao Road, Pune, Pune, Maharashtra, 411002",411002,PO-411002-d8d58b,clean,False
"Plot 273, Alpha Residency, Main Marg, Next to School, Bajirao Road, Pune, Pune, Maharashtra, 411002",411002,PO-411002-d8d58b,clean,False
"Plot 860, Shree Society, Main Lane, Behind Bus Stop, Bajirao Road, Pune, Pune, Maharashtra, 411002",411002,PO-411002-d8d58b,clean,False
"room 056, Sai Residnecy, Behnd School, Baijrao Rd, Pue, une, 141002",411002,PO-411002-d8d58b,low,True
"House 462, Shree Tower, Link Road, Behind School, Baner DSO Pune, Pune, Pune, Maharashtra, 411069",411069,PO-411069-a11a02,clean,False
Fat No 7225 alpha apartmnes next to  parkk bane dsso pune Pune Pune Mhaarahstra 41169,411069,PO-411069-a11a02,medium,True
"Plo t221, Aplha Apartments, oopposite bank, BANER DO PUNE, pnue, une, 41069",411069,PO-411069-a11a02,low,True
"lFta o 671,, taa Soc,, nrarpk,, BARN DSO PUNE,, eun,, uuPPne,, Maaarshtr,, 111069",411069,PO-411069-a11a02,high,True
Room 83 alpha hheigghts Behind  Parrk aner dsop une unee PPPune MAHHARSAHTRA 41106999,411069,PO-411069-a11a02,medium,True
"ho 403, Sai Residenyc, pposite hopstial, abner dds opune, UUN, PPNEU",411069,PO-411069-a11a02,high,True
"POT 582, shree towwe, lnkl nae, Beside Metor Staiotn, baer ds upne, une, u, amharahra, 4411109",411069,PO-411069-a11a02,high,True
Shho 520 Shr Tower ext ot hospital baaenr dso pune pueen hh 41019,411069,PO-411069-a11a02,medium,True
Fta No 905 Shree Resdiency mn marg next  to temmple banr so pune Pune h,411069,PO-411069-a11a02,medium,True
Hos 393 alpha rsidency Minn Path r Hospiital banerdso punee Pneu Puun hhM 411690,411069,PO-411069-a11a02,medium,True
"huose 997, Shree Towe, link llane, BEHIND BAK, baner dso une, PPune, Punee, hm, 4110069",411069,PO-411069-a11a02,low,True
n o346-srhee ssociety-li krooad-enxt too bannk-bnaer dsso pnue-Pune-nuue-hMMh-411066,411069,PO-411069-a11a02,high,True
"SShop 478, SSai Tower, near hsopital, baner dsoo pune, Punee, Puen, Mahaashtra, 4111069",411069,PO-411069-a11a02,low,True
"Flat No 459, Shree Enclave, Main Road, Opposite Bus Stop, Baner DSO Pune, Pune, Pune, Maharashtra, 411069",411069,PO-411069-a11a02,clean,False
Soh p741 Sai Tooer near s.s.c.axm board banre dso puune pen PUE ahraashtra 411066,411069,PO-411069-a11a02,medium,True
hno 7200 LPAHA RESIDENCY Link atth Opposite Shcoool bnaerd so pune pnu Pnuee Mh,411069,PO-411069-a11a02,medium,True
hon  560 Shree  oc aMrket arg rn ganesshkhind baner dso pu uune ue Mharashta,411069,PO-411069-a11a02,medium,True
ho186-Sai  Tore-Main Lanee-nexxt ot temle-bner ddsso pune-pnnuee-NNE-Maharasshtra-119,411069,PO-411069-a11a02,high,True
plot  426 Alpha iHeghts aMrkket Path nex  to hospital baner dos une pune maharaashtar 4110,411069,PO-411069-a11a02,medium,True
"hhno 963, Bea Enclave, AMRKET PATH, nr ban, baner dso puen, PNUE, une, 411069",411069,PO-411069-a11a02,low,True
"Plot 818,, eta Twoerr,, sttaion mra,, nexxt o metro statoin,, banrd so pne,, ueen,, Pneeu,, 10699",411069,PO-411069-a11a02,high,True
"House 836, Alpha Society, Market Marg, Behind Bank, Baner DSO Pune, Pune, Pune, Maharashtra, 411069",411069,PO-411069-a11a02,clean,False
"HNo 46, Sai Society, Main Road, Next to Bus Stop, Baner DSO Pune, Pune, Pune, Maharashtra, 411069",411069,PO-411069-a11a02,clean,False
"HNo 191, Shree Heights, Station Street, Near Govt. Polytechnic, Baner DSO Pune, Pune, Pune, Maharashtra, 411069",411069,PO-411069-a11a02,clean,False
"Room 231, Sai Residency, Link Street, Opposite School, Baner DSO Pune, Pune, Pune, Maharashtra, 411069",411069,PO-411069-a11a02,clean,False
HN 25 Beta Heiggts Mainn Road POP SCOHOL baner dsoo puune nue PPne Mahharashtrra 41609,411069,PO-411069-a11a02,medium,True
POLT3 17 sia twer Sttin Lane Near Digi Campp baner dsop nue uPen pnne MhM 1069,411069,PO-411069-a11a02,medium,True
"Shop 791, Shree Enclave, Main Path, Near Temple, Baner DSO Pune, Pune, Pune, Maharashtra, 411069",411069,PO-411069-a11a02,clean,False
Room   8772 Alpha Apartmens Markket Ptah bbside bus sto baner so ppne Punne maharsaaahtra 141669,411069,PO-411069-a11a02,high,True
"Hous e313, Alpha Heihgts, Nera Bus Stop, bner dso pune, Puune, Maharasshtra, 11069",411069,PO-411069-a11a02,low,True
"LPOT 1, Shree Apartments, nexxt to school, BANER DSO PUN, PUUNE, Pnue, 411609",411069,PO-411069-a11a02,low,True
"polt 288, Alha Soc, Mai nMarg, near  school, baner sdo pune, puen, Pue, maharasthra, 41106",411069,PO-411069-a11a02,low,True
lot 74 Sai Heihgtts maiin marg Op Metr Station banerdso pun PU Puue 4116009,411069,PO-411069-a11a02,medium,True
"Shop 479, Sai Residency, Link Path, Beside Metro Station, Baner DSO Pune, Pune, Pune, Maharashtra, 411069",411069,PO-411069-a11a02,clean,False
shop  1 Shree Aaptrments tation ane nextt t metro station banrr dso pune unne Pn Maaharahstra 44111069,411069,PO-411069-a11a02,medium,True
"Room 35, Sai Apartments, Link Marg, Beside Hospital, Baner DSO Pune, Pune, Pune, Maharashtra, 411069",411069,PO-411069-a11a02,clean,False
latNo 796-SaiR eisdecy-StationSrteett-nr buus tpo-baner dsso  puune-eu-Puuneee-416619,411069,PO-411069-a11a02,high,True
oRom142-SShee Encalve-mian magrg-N cShhool-baner ds pun-PUE-neu-aahrashtr-4160,411069,PO-411069-a11a02,high,True
"HNo 575, Beta Complex, Station Lane, Near Bus Stop, Baner DSO Pune, Pune, Pune, Maharashtra, 411069",411069,PO-411069-a11a02,clean,False
"Plot 743, Alpha Tower, Main Marg, Beside Bank, Baner DSO Pune, Pune, Pune, Maharashtra, 411069",411069,PO-411069-a11a02,clean,False
"Plot 650, Shree Apartments, Station Lane, Near School, Baner DSO Pune, Pune, Pune, Maharashtra, 411069",411069,PO-411069-a11a02,clean,False
"Flat No 389, Beta Heights, Link Path, Near Mohamadwadi, Baner DSO Pune, Pune, Pune, Maharashtra, 411069",411069,PO-411069-a11a02,clean,False
"Flat No 488, Beta Residency, Link Marg, Behind Hospital, Bavdhan SO, Pune, Pune, Maharashtra, 411071",411071,PO-411071-b69a05,clean,False
"hn 32, AAlpha Society, near hosptal, BAVDHAN  SO, une, Puen, Maharasthra, 4411071",411071,PO-411071-b69a05,low,True
HNOO 64 Alphaa Complxe Marke Rtd oppsote temple bavdhan o PPuen Pune 4111071,411071,PO-411071-b69a05,medium,True
Ploot2 62 alpa ccomplex Man Paath Beside Metrot Sation bavdan sso Punnne uPune MAAHRASHTA 41117,411071,PO-411071-b69a05,medium,True
"Plot 18, Shree Reesidency, Statino Marg, nxt to temple, bavvdhan so, pne, Puen, Maahrashtra, 141071",411071,PO-411071-b69a05,low,True
"Flat No 669, Shree Heights, Market Lane, Next to Bank, Bavdhan SO, Pune, Pune, Maharashtra, 411071",411071,PO-411071-b69a05,clean,False
"House 759, Alpha Heights, Main Street, Next to Hospital, Bavdhan SO, Pune, Pune, Maharashtra, 411071",411071,PO-411071-b69a05,clean,False
"ltaNo 210,, Shrere Hieghts,, marketsstreett,, Opposite Hossppital,, vbadhn so,, un,, Punne,, 1440171",411071,PO-411071-b69a05,high,True
"Flat No 14, Beta Heights, Market Marg, Beside Temple, Bavdhan SO, Pune, Pune, Maharashtra, 411071",411071,PO-411071-b69a05,clean,False
"Pllot 994, Alpah Heights, Maiin Lane, Beside Mtro Station, bbavdhan so, Pnue, Maharsahtra, 411701",411071,PO-411071-b69a05,low,True
"ROM 74, Beta Heihgts, MAIN ATH, Beehind Bank, bavdan so, punne, aharashtra, 141071",411071,PO-411071-b69a05,low,True
"Room 252, Sai Heights, Station Street, Behind Bank, Bavdhan SO, Pune, Pune, Maharashtra, 411071",411071,PO-411071-b69a05,clean,False
"hno 169, Alpha HHeights, LLink Lane, nr hopital, bavdhaan so, Pue, uPne, hM, 41071",411071,PO-411071-b69a05,low,True
Flat No 15166-BTEA SCOIEYT-MMain   Marg-BEEISDE HSOPITAL-abdan so-pn-MMMhh-41710,411071,PO-411071-b69a05,high,True
Shpo2 550-eta reiisdency-amrket arg-BEISD EPAARK-AVDHANN SSO-upne-ppuune-4111071,411071,PO-411071-b69a05,high,True
"romm 79, SaT wer, nnxet to ubs stop, bavdhnn soo, eP, unP, 410171",411071,PO-411071-b69a05,high,True
"House 460, Sai Tower, Market Marg, Near Temple, Bavdhan SO, Pune, Pune, Maharashtra, 411071",411071,PO-411071-b69a05,clean,False
"House 517, Beta Tower, Main Road, Behind Bank, Bavdhan SO, Pune, Pune, Maharashtra, 411071",411071,PO-411071-b69a05,clean,False
"Flat No 452, Beta Society, Main Marg, Near Manjari BK B.O, Bavdhan SO, Pune, Pune, Maharashtra, 411071",411071,PO-411071-b69a05,clean,False
"House 540, Beta Residency, Main Street, Opposite Hospital, Bavdhan SO, Pune, Pune, Maharashtra, 411071",411071,PO-411071-b69a05,clean,False
hn o52 Saai Apartmentss Statiio Marg nr kondhaw l b.o bavdan s un Puenn h,411071,PO-411071-b69a05,medium,True
"hon 168, Bet Heights, Statio Marg, besied bus stop, bavhan so, Puen, upne, maharashtar, 4411071",411071,PO-411071-b69a05,low,True
Room 944 BEA APARTMNTS Behind Meto Statio bvadhan os pnee h 411701,411071,PO-411071-b69a05,medium,True
lFatN o  978-Sa iesidenyc-market reet-BBeside Templ-bavhannn so-u-Puunee,411071,PO-411071-b69a05,high,True
room 80 Sherre Heights staion path Neaar Shukrawar Petth-Pune bavdhan  uupne MMh 411071,411071,PO-411071-b69a05,medium,True
"Shpo 166, ALHA APARTMENTS, Maarket Marg, next to hhospital, bavdhanso, Punne, M, 41071",411071,PO-411071-b69a05,low,True
"Flat No 877, Alpha Tower, Link Lane, Beside Hospital, Bavdhan SO, Pune, Pune, Maharashtra, 411071",411071,PO-411071-b69a05,clean,False
"Room 902, Alpha Apartments, Market Road, Beside Bank, Bavdhan SO, Pune, Pune, Maharashtra, 411071",411071,PO-411071-b69a05,clean,False
lot 33 lpha ower Statin arg nexxt to prk bavdh nso unPe unee Mahraasshtra 410117,411071,PO-411071-b69a05,medium,True
hSoop 66 aSi Compllex MI NLANE Neaar Rashtra Bhhasha Bhavan bavdahn  so uen nue MAHARASHTRA 411171,411071,PO-411071-b69a05,medium,True
Houuse5 99 SHREE RSEIDENYC Nr Schooool bavdhnn so unne uPune 41101,411071,PO-411071-b69a05,medium,True
"room826, shree twer, mainn path, Besde School, bavhdan so, PPune, PPune",411071,PO-411071-b69a05,low,True
"House 798, Sai Enclave, Market Street, Behind Metro Station, Bavdhan SO, Pune, Pune, Maharashtra, 411071",411071,PO-411071-b69a05,clean,False
PPlo 591-ai resideenncy-besiddee ark-BAVH SO-UNE-une-41071,411071,PO-411071-b69a05,high,True
"Room 525, Shree Residency, Market Lane, Next to School, Bavdhan SO, Pune, Pune, Maharashtra, 411071",411071,PO-411071-b69a05,clean,False
"Shop 491, Alpha Heights, Main Lane, Opposite Temple, Bavdhan SO, Pune, Pune, Maharashtra, 411071",411071,PO-411071-b69a05,clean,False
"HNo 118, Sai Tower, Station Road, Next to Temple, Bavdhan SO, Pune, Pune, Maharashtra, 411071",411071,PO-411071-b69a05,clean,False
"HNo 951, Alpha Complex, Market Road, Next to Metro Station, Bavdhan SO, Pune, Pune, Maharashtra, 411071",411071,PO-411071-b69a05,clean,False
"Shop 848, Sai Heights, Main Marg, Beside Bus Stop, Bavdhan SO, Pune, Pune, Maharashtra, 411071",411071,PO-411071-b69a05,clean,False
"Flat Noo 49, lpha tower, ink Lane, Beside Parrk, bavddhan so, pun, pun, hm, 41071",411071,PO-411071-b69a05,low,True
"house 4511, betar esidency, Nea rMetro Station, bavdhaan so, punee, Punee, MMaharashtra, 41101",411071,PO-411071-b69a05,low,True
"nh 28, Alpa  Coplex, Statin Sree, besde schoool, bbavddhan o, Pnuuue, uPne, MMM, 417",411071,PO-411071-b69a05,high,True
"House 761, Beta Apartments, Station Road, Beside Temple, Bhavani Peth, Pune, Pune, Maharashtra, 411042",411042,PO-411042-28000f,clean,False
"lot 66, Alpha Aprtments, main strete, Near Parrk, Bhaavani Peth, Puen, UPNE, 411402",411042,PO-411042-28000f,low,True
"hSpoo 31, shreee tower, lnik rod, nnext to metro satio, bhavian pth, eu, Mharstra, 11042",411042,PO-411042-28000f,high,True
"ROMO 599, beta aapartments, Marke tPath, Behidn Park, Bhavani eth, Puune, upne, Maharahtra, 41104",411042,PO-411042-28000f,low,True
hno153 BETAA HEIGHSTT ma i rd Bhen dHospital hbavani eht uenn PNUU Maahraashtraa 410422,411042,PO-411042-28000f,high,True
lFat N 190 SAI EHIGHS BehnidTemple bhvanai peth ppne M 41104222,411042,PO-411042-28000f,medium,True
"Flat No 117, Alpha Society, Station Path, Behind Hospital, Bhavani Peth, Pune, Pune, Maharashtra, 411042",411042,PO-411042-28000f,clean,False
"HNo 234, Sai Enclave, Station Lane, Next to School, Bhavani Peth, Pune, Pune, Maharashtra, 411042",411042,PO-411042-28000f,clean,False
"hno163, Beta Aparrtments, station street, besidee bank, Bhavani Peh, Pnue, 4111042",411042,PO-411042-28000f,low,True
"Plo 8851, BetEanclave, Sttionarg, nr bnaaak, bhavvanni peeth, ppue, uPPn, h, 4110442",411042,PO-411042-28000f,high,True
"pllot 749, alpha towerr, lnk street, next tot emple, havani Peth, upne, Punee, Maharashrta, 41102",411042,PO-411042-28000f,low,True
hnno12 Alpha Aaptremnts next t ouus stop Bhhavani Pth unee uune Maahrashta 4411042,411042,PO-411042-28000f,high,True
"HNO 2799, Btea Residency, ilnk marg, beside tmple, havani Peth, PPUNE, PNE, Maharahtra, 4411042",411042,PO-411042-28000f,low,True
"orom 617, Aplha Heights, link streett, oppposite temple, bhavanii peth, pun, PPune, 141042",411042,PO-411042-28000f,low,True
"Flat No 139, Alpha Residency, Market Road, Opposite School, Bhavani Peth, Pune, Pune, Maharashtra, 411042",411042,PO-411042-28000f,clean,False
Houuse 9 allpa complex iLnk Patth Beside  Tempel Bahvani Peht uPen Pnuee 4111402,411042,PO-411042-28000f,medium,True
Housee 1880 Alpha Enave tation Rd near tple Bhvani eth Pune pune mh 4111042,411042,PO-411042-28000f,medium,True
"plot 5 2, hSree Cmpolex, liiinks treet, nrb su sotp, BhvaaniPeth, pnne, Maahaarstra",411042,PO-411042-28000f,high,True
"hno 3556, Beta Towr, station ane, behind prak, hBavani Peth, pue, Puen, 4411042",411042,PO-411042-28000f,low,True
"PPlot 570, Shree Compplex, Marekt Street, Near Bajirao dR, Bhavain Peth, Pun, une, 4110422",411042,PO-411042-28000f,low,True
lo t18 BeaH eghts mmains tret Behnd Hsopial Bhavi Peeth peu,411042,PO-411042-28000f,high,True
hus 79 Alpha eRsidenycy staion ath Neaar Bajiirrao Rd BHAVAIN PPETH unee pnue hM 11404,411042,PO-411042-28000f,high,True
"Plot 880, Sai Residency, Market Lane, Opposite School, Bhavani Peth, Pune, Pune, Maharashtra, 411042",411042,PO-411042-28000f,clean,False
hnn o125 hhsree society Lnk PPath Nr Hospital bhavaai peth npe 41104,411042,PO-411042-28000f,medium,True
Plo  667 Beta oS NrP akr aBvani Peth PUEEN ppunee h 1102,411042,PO-411042-28000f,medium,True
"hnoo 139, srhee enclave, linkm arg, Nr SSchool, Bhavani Pteh, Puune, 411042",411042,PO-411042-28000f,low,True
"Pllot 533, aiS Heigths, MaketM  arg, nx to bnak, Bhaai Pteh, p, upue, aMharstra, 4110",411042,PO-411042-28000f,high,True
"HN O88399,, Beeta  esidency,, mmarkte ane,, Beide ankk,, bhavani pet,, Punu,, unnPe,, 410242",411042,PO-411042-28000f,high,True
lFat  No 4055-alphha residey-marketll an-Opositee Hosiptal-Bhavan Ptth-PU-1102,411042,PO-411042-28000f,high,True
"FFlat No88 45, sssaiapartments, aMi d, beehnd hospiital, BHAVAI PETH, PPune, pn, MMhM, 41140442",411042,PO-411042-28000f,high,True
Housse52 9-Betao Scety-Maket Path-Near Pimpalgaon Tafra Naaryangao nB.O-bbhavai pet-Pee-uen-Maharathrra-1100422,411042,PO-411042-28000f,high,True
"HNo 896, Sai Society, Station Street, Beside Bus Stop, Bhavani Peth, Pune, Pune, Maharashtra, 411042",411042,PO-411042-28000f,clean,False
"Room 479, Alpha Heights, Main Path, Next to Hospital, Bhavani Peth, Pune, Pune, Maharashtra, 411042",411042,PO-411042-28000f,clean,False
"Shop 468, Alpha Enclave, Link Marg, Beside Temple, Bhavani Peth, Pune, Pune, Maharashtra, 411042",411042,PO-411042-28000f,clean,False
lfant o 900 AlphaC mplxe StationLanne Behind BussS to Bhavani Pet uneee uPee maarasshhtra 14102,411042,PO-411042-28000f,high,True
"romo 721, allpha complex, marketr d, bbehind school, Bhavani eth, Pun, puune, MMh, 4111042",411042,PO-411042-28000f,low,True
Rooo m413 Beaa Eclave maiiin sttreet ebside schooool BBhaavnii Peth Pnue Puune Mahrraahtra 141042,411042,PO-411042-28000f,high,True
"Flat No 567, Alpha Residency, Main Road, Behind School, Bhavani Peth, Pune, Pune, Maharashtra, 411042",411042,PO-411042-28000f,clean,False
"hno 504, shree oc, naer bank, Bhavani Peht, Pue, aharashtra, 141042",411042,PO-411042-28000f,low,True
Flatt  o38-Allpha Residecn-Link eLn-nr temmlpee-Bhaavani Pett-Puun-PPPun-Maarashtarr-4410442,411042,PO-411042-28000f,high,True
"roomm  5449, btea  twoer, Linkk tret, BhindScohol, hhavanipeth, upnnee, Pnnee, 4411402",411042,PO-411042-28000f,high,True
"Flat No 749, Sai Residency, Station Road, Near Metro Station, Bhavani Peth, Pune, Pune, Maharashtra, 411042",411042,PO-411042-28000f,clean,False
"lPot 282, aSi Enclave, Main Mrag, next to temle, BhusariC olony, une, PPune, 41138",411038,PO-411038-af51a6,low,True
Husee 93 Alph aTTwer Market Street Nr Bst op BhusariColny Pnunne Peen Maharaashtra 10038,411038,PO-411038-af51a6,high,True
"Shop 834, Sai Societ, amin marg, opp baank, bhusari coolny, ppune, une, hm, 411038",411038,PO-411038-af51a6,low,True
sh 704 Alph Encalve next tto tempel bhusarioclony Pueen Pnuee 44411038,411038,PO-411038-af51a6,medium,True
sho9p24-Alhpa ower-STAAION STREET-BEHIND BB SSTOP-BhBusari olony-uPnen-Peuu-Maahrahstra-4101883,411038,PO-411038-af51a6,high,True
"Flt No 674, Alpha omplex, opp paark, bhusari colnoy, Pne, Puune, MAHRASHTRA, 411038",411038,PO-411038-af51a6,low,True
"Plot 122, Beta Apartments, Station Road, Beside Temple, Bhusari Colony, Pune, Pune, Maharashtra, 411038",411038,PO-411038-af51a6,clean,False
"SShop 959, betta complex, NEAR MHOAMADWADI, bhusaricolony, Pun, pnue, maharastra, 4111038",411038,PO-411038-af51a6,low,True
"Room 861, Alpha Complex, Station Lane, Near Temple, Bhusari Colony, Pune, Pune, Maharashtra, 411038",411038,PO-411038-af51a6,clean,False
"Flat NNo 829, Shree Toer, MAI NLANE, Beside Bakn, Bhusar Colony, Pue, puune, mmh",411038,PO-411038-af51a6,low,True
noh 851 SHEER SOC Near aBn Bhuasri Colon PPunne PPun 4138,411038,PO-411038-af51a6,medium,True
"Flat No 363, Alpha Complex, Main Street, Near Mundhva B.O, Bhusari Colony, Pune, Pune, Maharashtra, 411038",411038,PO-411038-af51a6,clean,False
"Plot 117, Beta Residency, Link Street, Next to Bank, Bhusari Colony, Pune, Pune, Maharashtra, 411038",411038,PO-411038-af51a6,clean,False
Shop 688 Alha Reesidency station d Oppp Parkk Bhuarii Colony pu 41038,411038,PO-411038-af51a6,medium,True
"flatn o 201, sai enlave, MARET STREET, Naer Bus Stop, bhusari coolny, PPune, uPne, maharahstra, 410138",411038,PO-411038-af51a6,low,True
"Roo m397, Shree Apartmnets, market roda, opposite schoo, bhusari clony, UPNE, PUUNE, 41038",411038,PO-411038-af51a6,low,True
"hn 22288, Shree Ennclaav, ia Path, Nearr BhusaiColony, husri Colony, pnne, uPee, mharastr, 14103388",411038,PO-411038-af51a6,high,True
Plo  t544 BetaSoiccety Min  Rd Opp Mtero Stattio Bhusari Cooollny nPee eu 14038,411038,PO-411038-af51a6,high,True
lpot 81 aSi Apartemnts Main PPaath Beside Hospital bhusari  cloony PPunee h 41138,411038,PO-411038-af51a6,medium,True
"hn o221, alpha compelx, Lnk Marg, BESIIDE TEMPLE, bhussari colony, Pnue, puen, 41038",411038,PO-411038-af51a6,low,True
HUOSE 7800 hree  soc LinkRR d Oppp chool bhusari cooolny Pneu Peun 4111083,411038,PO-411038-af51a6,medium,True
no 482-SShree Enclavve-MarkteM argg-Besiide Hospial-Bhusri Coolony-une-ePu-m-110083,411038,PO-411038-af51a6,high,True
"OOM297, Shee  Enclavee, MainL nne, ext to ospial, bhusari colonyy, Pun, Puee, 111083",411038,PO-411038-af51a6,high,True
"SHOP99, SHREETOWER, Market Stree, Behind MMetro Station, Bhusari Colnoy, Puen, Puune, 410138",411038,PO-411038-af51a6,low,True
Houss  e58 Allpha Apatrmments Besside Metro tSation uBsari Coloony Puen pe h 4111138,411038,PO-411038-af51a6,high,True
"FlatNo551,, Alpha EEnclave,, Opp akk,, Bhussari Colloy,, nuee,, pnn,, 4103",411038,PO-411038-af51a6,high,True
"HHouse 205, Shree Residncy, behind bus top, Bhusari oClony, Punee, uPne, HM, 11038",411038,PO-411038-af51a6,low,True
Faalt o 72-Sai Aprtmets-Link Seet-next t bn-BBhusari oloyn-puu-PUUNE-411083,411038,PO-411038-af51a6,high,True
"ouse 859, SaiE nclave, Link Pah, nextt o bus stop, hbusari colony, punne",411038,PO-411038-af51a6,low,True
FlatNo 53 bta societyy link aapth Beesid Park Bhusarri Colonny PU PPunne Maharshta 41308,411038,PO-411038-af51a6,medium,True
"Room 211, Sai Apartments, Link Street, Next to Metro Station, Bhusari Colony, Pune, Pune, Maharashtra, 411038",411038,PO-411038-af51a6,clean,False
oRom 99113-Allpha Encalve-mianl ne-netx to meto statio-buhrai colony-pe-44111308,411038,PO-411038-af51a6,high,True
HOS E468 aSi Residenccy MARKET   LANE Behind Bus SSotp Bhusaari Colnoy pnnue Pun 41100038,411038,PO-411038-af51a6,medium,True
"Flat No 542, Sai Complex, Station Marg, Next to Park, Bhusari Colony, Pune, Pune, Maharashtra, 411038",411038,PO-411038-af51a6,clean,False
oShp 4 Beta Socey sation apth pOp Tmple bbhusari colonyy punee pupne m 411103,411038,PO-411038-af51a6,medium,True
"Roo 224, Sai Societty, MMin Ptah, nenxt to templle, husarri olony, ppuen, Pueenn, mahhrashttra",411038,PO-411038-af51a6,high,True
"House4 71, Sai Commplex, Station ane, Behind Hoospital, Bhusar Colony, Pnue, Puune, Maharashttra, 411083",411038,PO-411038-af51a6,low,True
hn 833 Alphaa Aprtments amin arg next too bus stpo bhusarri coolony Pune Pune h 44110038,411038,PO-411038-af51a6,medium,True
hhon2 75-isa residenc-statiioonn street-Nr MetoS taton-BBhusar Collony-Pune-M-11008,411038,PO-411038-af51a6,high,True
"Plot 902, Beta Apartments, Station Lane, Next to Park, Bhusari Colony, Pune, Pune, Maharashtra, 411038",411038,PO-411038-af51a6,clean,False
"Room 192, alpha nclavv, MaMrkett Street, Besiide Hosptall, bhusai  olony, Pne, u, 113088",411038,PO-411038-af51a6,high,True
Pl t495 saii socc pp Teple Bhusaari Colny Punen Pue 41110388,411038,PO-411038-af51a6,medium,True
Shpo 2 shhree reesidenccy opp cchol Bbvwadii pnnne,411037,PO-411037-f8f396,high,True
oom 3776 Alphha Apaartments Staiton Pathh nr tmepel biibvewai punn unne Maharashtra 41037,411037,PO-411037-f8f396,medium,True
"Plot 104, Shree Society, Main Marg, Behind Bus Stop, Bibvewadi, Pune, Pune, Maharashtra, 411037",411037,PO-411037-f8f396,clean,False
"Flat No 449, Sai Residency, Market Marg, Next to Metro Station, Bibvewadi, Pune, Pune, Maharashtra, 411037",411037,PO-411037-f8f396,clean,False
"Plot 557, AlphaR sidecny, link patahh, Beihdn Buus Stop, bbibevawdi, unee, Mahaaratra, 441317",411037,PO-411037-f8f396,high,True
"Shoop 53, Shree Toewr, link stret, beside buss top, bivbewadi, Puune, hM, 410137",411037,PO-411037-f8f396,low,True
"Polt 777, BBeta Residency, Market Srteet, Behind Scholo, Bibvewaadi, Punne, Pun, 410137",411037,PO-411037-f8f396,low,True
"HNO332, BBeta Enclave, mainr d, NR PAKR, BIBVEWAI, Pne, Mhh",411037,PO-411037-f8f396,low,True
"flatno 514, Shhree Enclave, iLnk Road, OOpposite Park, ibvewadi, Pnue, Punee, h, 4111037",411037,PO-411037-f8f396,low,True
"lat no 474, Shree oTwer, Link  Rd, bbehind temple, bibvvewadi, Pne, Puen, m, 11037",411037,PO-411037-f8f396,low,True
"House 387, Sai Residency, Station Road, Near Bank, Bibvewadi, Pune, Pune, Maharashtra, 411037",411037,PO-411037-f8f396,clean,False
Hues 49 aSi Heghts likn  path ea Khadakwasla R.S. Bibevawdi Pue uen Mhhh 141307,411037,PO-411037-f8f396,medium,True
hnoo 2711 Sai Hiegths aket Street Besidee Parkk bbvewadi Puee 411377,411037,PO-411037-f8f396,medium,True
Room88 10 Shree SSociety besside hospittal Bibbvewai Pn Puunee MM 111037,411037,PO-411037-f8f396,medium,True
"plto 778, Alpah Heights, Staiton Rd, pp Hospital, Bibvewdai, PUUNE, Punne, 41107",411037,PO-411037-f8f396,low,True
"HNo 614, Sai Heights, Main Lane, Next to School, Bibvewadi, Pune, Pune, Maharashtra, 411037",411037,PO-411037-f8f396,clean,False
FLT O 805 Sai eihgts StationS treett next to arrk bibbevwadi PNE Punnne 41110337,411037,PO-411037-f8f396,medium,True
"Room 796, Alpha Society, Link Path, Beside Metro Station, Bibvewadi, Pune, Pune, Maharashtra, 411037",411037,PO-411037-f8f396,clean,False
"House 821, Sai Apartments, Station Path, Behind Bus Stop, Bibvewadi, Pune, Pune, Maharashtra, 411037",411037,PO-411037-f8f396,clean,False
"Plot 38, Betta Soc, Nr Dr.B.A. Chowkk, Bbvewadi, Puune, Pnue, MMh, 41103",411037,PO-411037-f8f396,low,True
houes 1755 sai copmlexx nrpak bbvewdai PPunne pneu 411337,411037,PO-411037-f8f396,medium,True
hnno 59 Allppha Complex iLnk oad nar hospial Bibvewad Pn punee 44110037,411037,PO-411037-f8f396,medium,True
"Flat No 138, alha heights, MMarkt Magr, oppoiste scchool, iBbvewaai, Peuun, pne, mmh, 4410173",411037,PO-411037-f8f396,high,True
sho p 117 alpha heihtss Lik aLne Beside Bus Stop bivbewai PuPne PNNE MMaharashtar 441037,411037,PO-411037-f8f396,medium,True
Shoop 3200 ShreeCComplex Linkkk Marg nnext to metroo station bivbewwadi pe pupne M,411037,PO-411037-f8f396,medium,True
"hno5 2, Alpah Heights, link mrag, Beihnd Temple, Bbvewadi, punee, Punne, 41037",411037,PO-411037-f8f396,low,True
"SHO P838, Shree Tower, tation Marg, Near Rashtra BhashaBhavan, bibvewaid, Punee, une, Maharashrta",411037,PO-411037-f8f396,low,True
"House 420, Sai Complex, Main Marg, Near Metro Station, Bibvewadi, Pune, Pune, Maharashtra, 411037",411037,PO-411037-f8f396,clean,False
"Shop 686, Shree Enclave, Station Marg, Opposite Bank, Bibvewadi, Pune, Pune, Maharashtra, 411037",411037,PO-411037-f8f396,clean,False
"PLTO 447, alllpha apartments, Sattoin Rd, Near Puuen New Bazra, biivewadii, punneee, Pnun, h, 110337",411037,PO-411037-f8f396,high,True
"shop6 54, Sai Apartents, Station Maarg, Opp Prk, BIBVEWDAI, pun, Pnue, h, 11037",411037,PO-411037-f8f396,low,True
"oHuse33 63,, alpah apartmnt,, nextt ot pak,, Bibvedwa,, Pen,, UUE,, 41103377",411037,PO-411037-f8f396,high,True
PPlott 647-ShreeeAppartments-Link  Ptahh-net t bankk-Bibewdai-une-Pun-110037,411037,PO-411037-f8f396,high,True
"FLAT  N 46,, shreeh heights,, rn lkmananagar,, bivbewaad,, NE,, uuuPne,, 441130",411037,PO-411037-f8f396,high,True
"Flat No 393, Beta Enclave, Main Street, Beside School, Bibvewadi, Pune, Pune, Maharashtra, 411037",411037,PO-411037-f8f396,clean,False
"rmom 582, ahhpa enclave, ain Path, next tos coool, bibvwei, unen, upunee, M, 4113",411037,PO-411037-f8f396,high,True
"Poolt7 44,, SHEREE  ENCLAVE,, ani Lan,, ooposite templ,, bbivewwdai,, ne,, Pnne,, 411000337",411037,PO-411037-f8f396,high,True
flat no9  ETBA TOWR amrket  r NarTeple Bbiewwadi Pnen aMhaashtra,411037,PO-411037-f8f396,high,True
Pllot 6-Shree Societyy-Staattion ane-beeisde schol-bivewdi-Pun-une-maharstra-1103337,411037,PO-411037-f8f396,high,True
"Shop 64, Bea Soc, statino marg, nar metro station, Biibvewadi, PUEN, 41137",411037,PO-411037-f8f396,low,True
"Flat No 867, Beta Society, Link Path, Behind Bus Stop, Bibvewadi, Pune, Pune, Maharashtra, 411037",411037,PO-411037-f8f396,clean,False
"hno 9971, Alpha Apartmeents, ilnk road, Nr Metr oStation, Bibewadi, PUE, HM, 141037",411037,PO-411037-f8f396,low,True
"HOOUSE125, Saa iEnclaev, Makket  Road, Nr Dr.B.A.  Chowk, botanica agrden - upne, Punenn, 11020",411020,PO-411020-66a778,high,True
"House 576, Alpha Society, Market Road, Behind Park, Botanical Garden - Pune, Pune, Pune, Maharashtra, 411020",411020,PO-411020-66a778,clean,False
"Shop 932, Beta Residency, Link Marg, Next to Hospital, Botanical Garden - Pune, Pune, Pune, Maharashtra, 411020",411020,PO-411020-66a778,clean,False
"hnho945, Alhpaa Twoer, Nea Bannnk, BOTANICAL GGARDE - UPNE, uue, eP, mhaarahtr, 41110200",411020,PO-411020-66a778,high,True
"oRom 44, aplha society, Maret Lane, Near Ban, botaical garden - pune, Punee, M, 4110200",411020,PO-411020-66a778,low,True
oRRom 715 Beat Height Beehin dMetro Station botaincal agrden - pune Puune Maharrahstra 4111200,411020,PO-411020-66a778,medium,True
oom115-aSi nclaave-MMARKTET LANE-NNrBus Stpo-Botanical rGaden - Pnue-Pneue-pppne-MMahharastra-411100,411020,PO-411020-66a778,high,True
"Plot 415, Sai Enclave, Station Lane, Near Bhavani Peth, Botanical Garden - Pune, Pune, Pune, Maharashtra, 411020",411020,PO-411020-66a778,clean,False
"flat no 9337, AlphaSoc, BBehind Park, Botanical Garden  -Pune, pne, Pnue, Maharashtr, 141020",411020,PO-411020-66a778,low,True
"Room 417, Shree Residency, Station Marg, Beside Park, Botanical Garden - Pune, Pune, Pune, Maharashtra, 411020",411020,PO-411020-66a778,clean,False
fllat on 697 Beta EEncllave marrke tpath Near Kravvenagar Botanica lGarden-  Pune uppne ue Maharashhtrra 111020,411020,PO-411020-66a778,medium,True
Shhop 4004 shree soocity LLLink Lane next to tmmple Botanical Garden - Pune pune Mahharahtra 411100,411020,PO-411020-66a778,medium,True
lot 85 ShreeHHeights Main Mrrg Nr ospial Btoanical Garden - Pun PUE UUNE 4112020,411020,PO-411020-66a778,medium,True
"hno 733,, AlhaComplex,, statoin  stret,, NE AHROSPITAL,, Btanicall Garden - une,, Pun,, ue,, Maahhrashrta,, 4411100",411020,PO-411020-66a778,high,True
"shop 4415, Beta oc, link ane, Opposite Mtero Station, Botanical Garden  Pune, uPne, PUEN, aharashtra, 411020",411020,PO-411020-66a778,low,True
"shop 84, Shhree Enclave, amrket path, NEARP ARK, Botanical Garden - une, pnue, Puen, 4111020",411020,PO-411020-66a778,low,True
"Flaat No 759, Sai Aparrtments, arket Path, Nr Khadkii Bazar, BOTANICAL GARDEN  -PUNE, upne, 4110220",411020,PO-411020-66a778,low,True
lat No984 Alpha Resiednccy Link aMg Near Hdpsa rI.E. Botanical Garde -Pune unee UN Maharashhttra 4102,411020,PO-411020-66a778,medium,True
"ROOM 440, Btea Cmpleex, Nera Scho, botanica lgaarden  -pune, EPU, ppunnne",411020,PO-411020-66a778,high,True
"Pot2  ,, Saii  Resdency,, rrmket marg,, R ABNNK,, Botaincal Garden -Pue,, upunee,, Maharshtarr,, 4112000",411020,PO-411020-66a778,high,True
shop 3371 Alpah Residenc Link Seret Oppoosite Hosital BOTANICAL ARDEN-  PUNE puee mm 4110220,411020,PO-411020-66a778,medium,True
hosue516 shhree complx LLnik Street NearB nk BOTANICAAL GGARDEN - PUNE upn 41100220,411020,PO-411020-66a778,medium,True
Houus7 10-saai aparttmens-Maii RRd-O TTemple-BotancalG arden - Pue-PPe-Pnuu-4110020,411020,PO-411020-66a778,high,True
"Room 625, BETA OC, Statoin Road, Nera Range Hills, Botanical  Garden - Pune, Pnue, UNE, mhh, 411020",411020,PO-411020-66a778,low,True
"polt 29, Alppha Society, station  path, nr  kasba peth, Botanical Grden - Pune, uPne, 4411020",411020,PO-411020-66a778,low,True
room 266 SShree Towre Mian aMrg BESIDE BUS SSSTOP Botanical Gaden - une Pnune pnu MMMh 111020,411020,PO-411020-66a778,medium,True
hno 400 BETA HEIHGT Likn Magr eBside ank Botanicla Garden - Pne Pnne Peun 14020,411020,PO-411020-66a778,medium,True
"ROM 366, Alppha Complex, Linkk Road, opposite shool, Botnaical Garden - Pune, PPune, Punne, 411002",411020,PO-411020-66a778,low,True
hooouse 390 ALPHA SOIET Sttion Street next  to baank otanical Garde n- Pune PUNE PPuen Mhrashtra 441100,411020,PO-411020-66a778,medium,True
Flat N  40-alpha rsiddencyy-ain ooad-Beiind Schhool-Botnical arden  Pune-punne-PNNEU-1410022,411020,PO-411020-66a778,high,True
"PLOOT 303, Sai Heeights, Sttation Lane, r Hospital, botanical garedn - pune, PPUNE, PPune, MMh, 4110220",411020,PO-411020-66a778,low,True
"falt no 290, Alpha Complx, Opp Paark, Botanical Garden - Punne, PUN, pne, hm, 411002",411020,PO-411020-66a778,low,True
Shhop 7725 eBBta Soc man ilane nr pparrk BOTANICLA GARDEN - PNE ne Maaharashttra 41200,411020,PO-411020-66a778,medium,True
hn 74 Sai Rsiidency oppsoitee temple botanial garedn - pune uen PPue mahrashtrra 14120,411020,PO-411020-66a778,medium,True
"PPlot 936, Sai oSciety, oppt emple, Botanical Gadren - Pune, pue, Puune",411020,PO-411020-66a778,low,True
hnoo 80 Sai Residnecyy MaiinP ath Besiide Bs Stop botaniccal garden -pune upen Pnu MM 1020,411020,PO-411020-66a778,medium,True
pot243-Bte Towwer-arkte tsreet-behindt emmpple-Botanical aren - Pue-Pe-harasthra-4111220,411020,PO-411020-66a778,high,True
"Shop 421, Sai Apartments, Main Road, Opposite Bank, Botanical Garden - Pune, Pune, Pune, Maharashtra, 411020",411020,PO-411020-66a778,clean,False
"Rooom 979, Alpa Tower, Link LLane, Besidee School, botanical garden -p une, PUEN, punne, hM, 411020",411020,PO-411020-66a778,low,True
"Room 644, Sai Apartments, Station Lane, Beside Temple, Botanical Garden - Pune, Pune, Pune, Maharashtra, 411020",411020,PO-411020-66a778,clean,False
Shop41 Alpha Coomplxe MarketPtah Bheind Bus Sto bottanical gardden - pune Punn M 4110120,411020,PO-411020-66a778,medium,True
"SHOP 257,, Sree Tor,, Mani RRRd,, Nerrr School,, Botanical Gaarden  Pne,, unp,, uP,, aharashrtta,, 4441100",411020,PO-411020-66a778,high,True
"Flat No 78, Alpha Heights, Market Street, Behind Bank, C D A -O, Pune, Pune, Maharashtra, 411001",411001,PO-411001-d30fab,clean,False
Flat No 55997 SHREE S lik road netx to hosptial c d  ao- unne uPnee 411001,411001,PO-411001-d30fab,medium,True
"Flat No 420, Shree Tower, Market Path, Opposite Park, C D A -O, Pune, Pune, Maharashtra, 411001",411001,PO-411001-d30fab,clean,False
lFatt Noo 194 BBet aEncclave MainPaatth Nr GhorpuiBaazr C D AO unee aharastr 04101,411001,PO-411001-d30fab,high,True
PPLO 627 Bt Heights Maiin Lne Opp  Hospita CC D  A-O ppun uPn maharahtar 41100,411001,PO-411001-d30fab,medium,True
ouese 769 apla osc Oppoositee Shool cc  da -oo Pneeu PPnu M 410100,411001,PO-411001-d30fab,high,True
"Plto 297, Betaa Tower, Station Lnae, Opp Schoool, C D A- O, Puen, Punee, Maharashtraa, 411001",411001,PO-411001-d30fab,low,True
Shpo 6665 ssaai tower maket d Besid ePak C DA -OO Pueen uen m 41010,411001,PO-411001-d30fab,medium,True
h o7577-Beta Heiiths-ian aLne-BBeside  Par-C DDA --Puuunne-eu-4100001,411001,PO-411001-d30fab,high,True
House7 7 SAI HEEIHGTS LINK REET Beside oHspittal CD A  -O Pue Punnee 410001,411001,PO-411001-d30fab,medium,True
"hno 7, Btea Tower, MARKET SRTEET, bbeside bank, C D A O, PNUE, pun, 41101",411001,PO-411001-d30fab,low,True
Flat o  673 aalpha sociiety marke troaad Opp Bakkn  CD  A-O uPnne ppune 1001,411001,PO-411001-d30fab,medium,True
"House 573, Shree Residency, Market Road, Next to Temple, C D A -O, Pune, Pune, Maharashtra, 411001",411001,PO-411001-d30fab,clean,False
"HNo 936, Shree Complex, Station Road, Behind Park, C D A -O, Pune, Pune, Maharashtra, 411001",411001,PO-411001-d30fab,clean,False
shooppp 833 Saia Soociety mraktee path eside Hospitaal C  DA  O nne,411001,PO-411001-d30fab,high,True
Plolt 808 Beta Residnecyy Nr Hopitaal  c a -o Puue PPuen mh 114001,411001,PO-411001-d30fab,medium,True
"Plot 7, Sai Residency, Main Marg, Behind School, C D A -O, Pune, Pune, Maharashtra, 411001",411001,PO-411001-d30fab,clean,False
"House 262, Sai Residency, Main Path, Near School, C D A -O, Pune, Pune, Maharashtra, 411001",411001,PO-411001-d30fab,clean,False
HHuse 40 ShreeS o SStation Mrg ne to bus stop C D A- ne Pn 14001,411001,PO-411001-d30fab,medium,True
"huse 5058, shree calve, Beside Mreto Stattion,  D  A--O, upun, Pun, aMarastra, 11001",411001,PO-411001-d30fab,high,True
"House 792, Sai Residency, Main Street, Opposite Hospital, C D A -O, Pune, Pune, Maharashtra, 411001",411001,PO-411001-d30fab,clean,False
"hno 377, Beta  Soc, station street, Beside Ban, C D A O-, pne, 411001",411001,PO-411001-d30fab,low,True
"Rooom 155, Alpha Towre, Main Lnae, Nea Temple, C D A -, Pne, pne, 41100",411001,PO-411001-d30fab,low,True
"Hous3 03,, SheeC mplex,, inkk Streeet,, Opposite Metro  Statino,, C D A-O,, Puen,, eu,, Mahaasthra,, 0401",411001,PO-411001-d30fab,high,True
aFlt No 831 Bet partments Station Laneee opp schollo C D AO  une uPn marhaashtra 41010,411001,PO-411001-d30fab,medium,True
"lot 15, Alpha eights, marketlane, Near Bs Stop, c dd a -o, Puen, Puune, Mahharashtra, 41001",411001,PO-411001-d30fab,low,True
"n 64,, Sai eResidency,, Liinkk Roda,, bihn dhospital,, CC DA-O,, ppe,, Pue,, hhM",411001,PO-411001-d30fab,high,True
"Hus e519, aalpha encllaave, LnikM ag, bseide metrsotation, CDD A -O, PPe, PPnue, MM, 4411000",411001,PO-411001-d30fab,high,True
"Plot 466, Sai Residency, Market Lane, Beside Temple, C D A -O, Pune, Pune, Maharashtra, 411001",411001,PO-411001-d30fab,clean,False
"Room 6922, Shree Heihts, Main RRoad, Opposite Metro tSation, C D A  -O, pun, Puen, Maharasshtra, 4110011",411001,PO-411001-d30fab,low,True
"Room  431, betasociety, ain path, Behidn Metro Station, C D A --O, Pun, Punne, Mhh, 41100",411001,PO-411001-d30fab,low,True
"House 863, Alpha Heights, Station Marg, Behind Bank, C D A -O, Pune, Pune, Maharashtra, 411001",411001,PO-411001-d30fab,clean,False
"Shop 6554, ALPHAA COMPLEX, Staton Rd, behind bs stop, c d  a-o, Punne, mmh, 4110001",411001,PO-411001-d30fab,low,True
flat n o 714 Shrre Tower Mian Mrg Opp Hosspitl cc d a o Pneu 14101,411001,PO-411001-d30fab,medium,True
Hous  8338 alpah ocpmlex Maii d  ospital  D AA -OO PPneu eun 41001,411001,PO-411001-d30fab,high,True
"HNo 511, Sai Tower, Market Road, Behind School, C D A -O, Pune, Pune, Maharashtra, 411001",411001,PO-411001-d30fab,clean,False
Plot   59-saia paments-MMaiMarg-BBBehind Bank-C D A  -O-Pueee-pueenn-441101,411001,PO-411001-d30fab,high,True
"HNo 434, Beta Residency, Main Street, Opposite Hospital, C D A -O, Pune, Pune, Maharashtra, 411001",411001,PO-411001-d30fab,clean,False
"nho 622, shreeh eights, Makret Lane, Op pSchool, c da -o, une, upne, aMharashtra, 41101",411001,PO-411001-d30fab,low,True
"Flat No 309, Alpha Enclave, Main Road, Next to Hospital, C D A -O, Pune, Pune, Maharashtra, 411001",411001,PO-411001-d30fab,clean,False
houus  305-shreea rpatments-Staation Marg-Opposite Hspoial-cc  d  -o-PPunnee-pue-Mahaarshtra-411100,411001,PO-411001-d30fab,high,True
Fllat No 44 Bettta Enclave Main Ma Bessde Bank C   A-O PNUEE Pun M 41001,411001,PO-411001-d30fab,medium,True
"RRoom 350, Shere Complex, Mraket Rd, opposite baank, coongress house rd, Pue, M, 41005",411005,PO-411005-e4fda4,low,True
"Rom 89, Sai Rsediecy, lnik street, esidde Prk, ONGRESS HOUSE RDDD, PPne, M, 4110505",411005,PO-411005-e4fda4,high,True
"hn 932, Alpha Sc, Lik Path, next to emple, congress hous rd, Pne, une, Maahrashtra",411005,PO-411005-e4fda4,low,True
Pllo 4177-Srhee  Compplex-makeptath-Nr Sasanneagrr-congress house rdd-puuen-puuee-MAHRAASTRA-441100,411005,PO-411005-e4fda4,high,True
PLOTT 51 ShereComplex MainStree behindmtro station Conress HouseRd npe Puenn h 411005,411005,PO-411005-e4fda4,medium,True
shho 23 Beta Residnccy rN Hospiatl conngress house  road nPe 41110055,411005,PO-411005-e4fda4,medium,True
oRo m2 shree t ower Lnink Mag NeaH opsital congerss ous erd n 41005,411005,PO-411005-e4fda4,high,True
"House 456, Sai Ecnlave, STATIONN STREET, Opposit Bank, congress house raod, Pun, uPne, mahraashtra, 41005",411005,PO-411005-e4fda4,low,True
Shop 228 Alpha Soc MARKEE TSTREET nr omdel oclony congresss houes road uPn PN 4110105,411005,PO-411005-e4fda4,medium,True
Plott9 52 Sai Apartmenntss main llae Nr BuS top OCNGRESS HOUSE ROADD Pun MAHRAASHTTRA 411005,411005,PO-411005-e4fda4,medium,True
room 71 ai So Statioon oad Bsside School conngress houes rd uune UUNE MMMH 41100,411005,PO-411005-e4fda4,medium,True
"Flat No 353, Sai Tower, Market Marg, Beside Temple, Congress House Road, Pune, Pune, Maharashtra, 411005",411005,PO-411005-e4fda4,clean,False
"Flat No 285, Shree Heights, Link Marg, Next to School, Congress House Road, Pune, Pune, Maharashtra, 411005",411005,PO-411005-e4fda4,clean,False
"flta no 5777,, SaiR eidecny,, marke tpthh,, besid ohspial,, Congress Hosuee  Road,, PPu,, Pnn,, Maharahttraa,, 411050",411005,PO-411005-e4fda4,high,True
Shopp5  92 Shre oTower Linnkk Marg Beseide chool congresss huser oad Puen upee MMahashtra 4110,411005,PO-411005-e4fda4,high,True
"Shop 309, Shree Enclave, Station Street, Opposite School, Congress House Road, Pune, Pune, Maharashtra, 411005",411005,PO-411005-e4fda4,clean,False
"FltN No 707,, Beta CCopelx,, MARE STREEET,, NearB u sSStop,, oCngrress House dR,, ppuneee,, Puun,, 14110005",411005,PO-411005-e4fda4,high,True
"lFat o876, shreer esidency, ttion Mrag, n baner dsopunee, Cogress House dR, uep, ppne, 41100",411005,PO-411005-e4fda4,high,True
Room 3346 Sai Toer Statioonn Road next tto tepmle Congggress House Rd ppunne 10105,411005,PO-411005-e4fda4,medium,True
"oh p721, SaiSoooc, Nr Pakr, Conggress HoouseRd, EN, mhm, 4105",411005,PO-411005-e4fda4,high,True
"Shop 129, Alpha Society, Station Marg, Opposite Park, Congress House Road, Pune, Pune, Maharashtra, 411005",411005,PO-411005-e4fda4,clean,False
hop 24 Sai  Apartmments Behind SSchoool Congresso use Rd upn PUNNE 4411005,411005,PO-411005-e4fda4,medium,True
flat no 2200 Alpha Aprtments besdie hosppital Congress Houes Roadd Puun ne 14100,411005,PO-411005-e4fda4,medium,True
"Room 241, Sai Heights, Main Marg, Next to Temple, Congress House Road, Pune, Pune, Maharashtra, 411005",411005,PO-411005-e4fda4,clean,False
"Shop 996, BBeaR esidency, Lnk SSStreet, nr  9rd .o, conngresshoouse road, nee, uPee, MMahrahtra",411005,PO-411005-e4fda4,high,True
"house6 7, shrree heights, liink marg, Opp Bakn, Congresss House Road, Punee, Pne, Maharshtra, 41005",411005,PO-411005-e4fda4,low,True
"HOUSEE 621, sai resiedncy, link raod, Neear School, Congrress House Rd, puen, MHH, 4110005",411005,PO-411005-e4fda4,low,True
"Shop 197, Shree Heights, Main Street, Next to Hospital, Congress House Road, Pune, Pune, Maharashtra, 411005",411005,PO-411005-e4fda4,clean,False
" no681,, Bet apartmets,, Opp eetrro Station,, COGNRESS HOUE  ROAD,, Punee,, ue,, 44110050",411005,PO-411005-e4fda4,high,True
Shhop 6552 beta comlpeex MAINSTREETT next ot parrk Conggresss House Road PNNE PPue hh 1105,411005,PO-411005-e4fda4,medium,True
fla noo 757 Beta Soicetyy Main Street Oppossite Hospital Congress House Rd nue Pun 140105,411005,PO-411005-e4fda4,medium,True
oomm 438 Beta Tower Makret d enxt to meetro station Congress Housee Roaad PPunne Pneu 411055,411005,PO-411005-e4fda4,medium,True
"House 414, Beta Complex, Station Marg, Near Temple, Congress House Road, Pune, Pune, Maharashtra, 411005",411005,PO-411005-e4fda4,clean,False
faat no 952 sai heihgs Mi nRd ext to hospita Conges House Road upune upe 411005,411005,PO-411005-e4fda4,medium,True
"Flat No 25, Shre Heights, ink rd, Nr Schhool, CongressHouse Road, PPune, pue, 41105",411005,PO-411005-e4fda4,low,True
nno 738 sai residency ear bs stop Congress HouseR dd ne mahaastra 4105,411005,PO-411005-e4fda4,medium,True
"Houe 438, Beta AApartments, ain Road, beside hospitla, CongressHouse Rd, PUEN, une, Maahrashtra, 11005",411005,PO-411005-e4fda4,low,True
"HNo 370, Beta Enclave, Market Street, Opposite Park, Congress House Road, Pune, Pune, Maharashtra, 411005",411005,PO-411005-e4fda4,clean,False
hno 5 Sai Twwer Man Lane next to scoool CongerssH ouse Rd Pune PPue MH 4110005,411005,PO-411005-e4fda4,medium,True
"Flat NNo 988, Beta Apartmeents, StationRoad, Opp Shcool, congress house  road, Puen, Punee, h",411005,PO-411005-e4fda4,low,True
HO 38 Sia Encave market mrrag poposite hosspital congres houser oad Pen pun Maharaasthra 44411005,411005,PO-411005-e4fda4,medium,True
Fla too 623-Srhee Soo-mmraket ane-ppposite  Temple-ongress hhous erd-unPee-4100005,411005,PO-411005-e4fda4,high,True
"Rm  772, SaiiA partemnts, tationstreeet, Nr Tmple, Dasv aaLvasa, Puneeee, PPUNE, 41121",412112,PO-412112-fd5748,high,True
Roo mm45-sshree co-Marketa Ptth-nexxt to hosial-dasvse lavassa-neu-hM-4412112,412112,PO-412112-fd5748,high,True
"HNo 349, Beta Residency, Market Road, Near Bus Stop, Dasve Lavasa, Pune, Pune, Maharashtra, 412112",412112,PO-412112-fd5748,clean,False
"House 9939, Sai Heighhts, Link  Marg, next to ban, Dasve Lvaasa, pnue, une, 412112",412112,PO-412112-fd5748,low,True
"Fla No 803, Shee Heights, Main Mag, behind metrro station, Dasve Laasa, Pnue, une, h, 4121122",412112,PO-412112-fd5748,low,True
"nho 429, allpha soc, Station Paht, Opp SSchool, dasve lvasa, punne, Pun, 41212",412112,PO-412112-fd5748,low,True
Flat No914 rhee HHeights Markt Stert Bhei nHospital Dasve Laaaas upue PPueen Mahaarashhhtra 14122,412112,PO-412112-fd5748,high,True
"oRom 39, SSai Complex, Link Roa, nearbaner dso pune, dasv elavasa, Punee, Puune, Mahaarashtra, 421112",412112,PO-412112-fd5748,low,True
Ploot 36 Alphha Resiidency Lik Lae nexxt to bus sop Dave Lavvasa pnuee nue MMharashtra 411211,412112,PO-412112-fd5748,medium,True
Shp 46 ebtta tower Mai Lne nr schholo Dase Lavasa npue Pu h 4212,412112,PO-412112-fd5748,medium,True
"lot 287, ai Residency, AMIN PATH, oppp park, Dasve Lavas, Pnue, Pun, h, 411212",412112,PO-412112-fd5748,low,True
FLT NO 269 beat osc Mai  Lane Beside Paak Dasv eLaasa PPuen PPuen MM 441212,412112,PO-412112-fd5748,medium,True
"flato8 09, sai ehight, oooposite hospital, dasvea vaasa, PPune, upeen, hMM, 411",412112,PO-412112-fd5748,high,True
"plot 1 770,, ShreeE cnlae,, Mrket Raaod,, opp metro sttation,, Dasvvve Lavsa,, puuue,, uune,, mhh,, 41212",412112,PO-412112-fd5748,high,True
"Houe 220, alpha  heights, Beside Bankk, Dasve LLavasa, Pnue, Mahrashtra, 41212",412112,PO-412112-fd5748,low,True
"Shopp 302, alphaa soc, market mrg, ear Model Colony, DasveL avasa, Punee, puune, Maharsahtra, 42112",412112,PO-412112-fd5748,low,True
"lo t94,, Apha Resdenncy,, Link Maaagr,, NearS cho,, Dasev Lavaassa,, eu,, puuuen,, 144212",412112,PO-412112-fd5748,high,True
"ROOM 70, saiheights, beide school, dassve lavasa, pnue, upne, maharashtraa, 411212",412112,PO-412112-fd5748,low,True
"nho  2, SSSai Heights, Makre oRad, Opposie BusS topp, daasve aavasa, punee, M, 441221122",412112,PO-412112-fd5748,high,True
"HNo 858, Shree Society, Link Road, Beside Bank, Dasve Lavasa, Pune, Pune, Maharashtra, 412112",412112,PO-412112-fd5748,clean,False
house 882 sai residnc NEARR ABNK Daasve avasa Punn ppnue 41121,412112,PO-412112-fd5748,medium,True
"HNo 799, Beta Apartments, Link Lane, Near Hospital, Dasve Lavasa, Pune, Pune, Maharashtra, 412112",412112,PO-412112-fd5748,clean,False
plot0 3 Sa Heeights LinRd BBehind  Bus Stop Dasv  Lavasa PUNE Mh 4221112,412112,PO-412112-fd5748,medium,True
"Shop 561, Shree Society, Link Road, Near Deccan Gymkhana, Dasve Lavasa, Pune, Pune, Maharashtra, 412112",412112,PO-412112-fd5748,clean,False
"HNo 262, Sai Tower, Market Lane, Near Rashtra Bhasha Bhavan, Dasve Lavasa, Pune, Pune, Maharashtra, 412112",412112,PO-412112-fd5748,clean,False
House 3-Sia oTwwer-statooin rooad-N raSlisbury Parkk-DasveLaavas-PE-unue-Maarhastra-42212,412112,PO-412112-fd5748,high,True
"hno  747, Sa Residency, Mai nPath, Behind Temle, asve Lavasa, Punee, Punne, hm, 4112112",412112,PO-412112-fd5748,low,True
"hop 356, bte arsidency, nrhsiptal, dasve  lavasa, Pneue, up, maharshtra, 41212",412112,PO-412112-fd5748,high,True
"Shop 568, Sai Apartments, Station Lane, Behind School, Dasve Lavasa, Pune, Pune, Maharashtra, 412112",412112,PO-412112-fd5748,clean,False
"hose 77, Alpha AApartments, Main Roaad, besid etemple, aDsve Lavasa, Pue, Puune, mahaarashtra, 41212",412112,PO-412112-fd5748,low,True
HHos 758 lpha Rsiency MainRRd neext tos chool asve aLvassa ppnu nppue h 4112111,412112,PO-412112-fd5748,high,True
flat  no  568 alph aaparmtents man steet next ometro station Dasve LLavaas Pueen Pune 4121112,412112,PO-412112-fd5748,medium,True
"Flat  No 349, eta Heights, market magr, next ot temple, Davse Lavasa, Punee, une, Mhh, 41112",412112,PO-412112-fd5748,low,True
"latN o 5,, sai heghtss,, Stattoin Lan,, Besidee Bus Stp,, Dasve Lasa,, en,, ppune,, h,, 412111",412112,PO-412112-fd5748,high,True
pllo t261 Beta Apartmeent Lnk  Road Op  Park DAVE LAAVASA pen 42112,412112,PO-412112-fd5748,medium,True
Rooom 614-alpaah socieyt-Bsie Schooll-aasvve Lavasa-PPNE-Puuee-h-4211,412112,PO-412112-fd5748,high,True
"Sohp 257, Alpah Enclave, Nr Kondhwa Lh B.OO, dasve lvaasa, pue, pnue, MMh, 4122112",412112,PO-412112-fd5748,low,True
polt  161 Beta Apartments Marekt Streett next too bus sop Dassvve Lavasa PPunee Punen Maharshtrra 4112,412112,PO-412112-fd5748,medium,True
"ROM 7, Beta Towre, tation road, Behinnd School, Dasve Lavaasa, Pne, puen, aMharashtra, 412112",412112,PO-412112-fd5748,low,True
Shho 50-BettaResiidency-Sttaionn Mrg-N METRO TATIO-Dsve LLavas-uee-e,412112,PO-412112-fd5748,high,True
"Falt Noo 173, Alph Toowr, mai roaddd, po bak, Davsve Laasa, ppne, mm, 241122",412112,PO-412112-fd5748,high,True
"Room 37, alphaa heights, LINK MARGG, enar bank, DASSVE LAVASA, Pnue, Pue, 411212",412112,PO-412112-fd5748,low,True
"Shop 2235, alpha aparmtents, NRR TEMPLE, Deccan Gmykhana, PPune, Pun, 4110044",411004,PO-411004-ce67e2,low,True
ho 520 Alpha Compelex linkl  ane Besidee TTemple Dccan Gymkkhana Punue hMM 41110004,411004,PO-411004-ce67e2,medium,True
"House 164, Beta Heights, Link Path, Next to Park, Deccan Gymkhana, Pune, Pune, Maharashtra, 411004",411004,PO-411004-ce67e2,clean,False
"Soo 76, bta society, next to shcholo, DeccanGymkhaanna, n, 4100004",411004,PO-411004-ce67e2,high,True
"hSo 91, etaSco, tation path, eBind Bus tSop, Decccan Gmykhhana, Pne, h, 4014",411004,PO-411004-ce67e2,high,True
hhous  416 SAIENCLVVE maarket  sreet op pteple DDDeccan ymkhana en une 41044,411004,PO-411004-ce67e2,high,True
"Shop 317, Alpha Enclave, Station Lane, Beside Bank, Deccan Gymkhana, Pune, Pune, Maharashtra, 411004",411004,PO-411004-ce67e2,clean,False
"oRom 619,, et aTowe,, Mani  Lan,, Near Bankk,, eccanGyymkhana,, nune,, Pne,, M,, 44110040",411004,PO-411004-ce67e2,high,True
"HNo 523, Beta Society, Main Marg, Near Metro Station, Deccan Gymkhana, Pune, Pune, Maharashtra, 411004",411004,PO-411004-ce67e2,clean,False
rooom 33444 Be taRessidency ilnnk alne Nr Bus ttpo Deccann GGmkhana uPPe une 41004,411004,PO-411004-ce67e2,high,True
"House 143, Shree Enclave, Main Road, Next to Bank, Deccan Gymkhana, Pune, Pune, Maharashtra, 411004",411004,PO-411004-ce67e2,clean,False
"Flat No 323, Sai Complex, Market Lane, Opposite Bank, Deccan Gymkhana, Pune, Pune, Maharashtra, 411004",411004,PO-411004-ce67e2,clean,False
"House 471, Beta Enclave, Station Marg, Beside Metro Station, Deccan Gymkhana, Pune, Pune, Maharashtra, 411004",411004,PO-411004-ce67e2,clean,False
"Shop 442, ai apartments, Main  Path, next t metro station, deccan gymmkhana, pue, pun, M, 4111004",411004,PO-411004-ce67e2,low,True
FlaatNo844 SaiC omppplex lik stre NEA RRBHUSARI COLOYN eDcccan  Gymkhana NEE pue mhaarsahttra 10104,411004,PO-411004-ce67e2,high,True
"Room 155, Alpha Apartments, Market Lane, Behind Bank, Deccan Gymkhana, Pune, Pune, Maharashtra, 411004",411004,PO-411004-ce67e2,clean,False
"House 445, lphha eights, aMrrrket Street, beside tmepplee, deccan gymkhan, upe, Mhh, 4411004",411004,PO-411004-ce67e2,high,True
"Shop 93, Sai Complex, Link Street, Opposite Temple, Deccan Gymkhana, Pune, Pune, Maharashtra, 411004",411004,PO-411004-ce67e2,clean,False
"hn9 66, S aEnlcave, aaMin Rad, besiedb ak, deccann ygkhana, ppnune, pnuu, aahrahstra, 4004",411004,PO-411004-ce67e2,high,True
"Plot 79, Alpha Society, Main Marg, Opposite Bus Stop, Deccan Gymkhana, Pune, Pune, Maharashtra, 411004",411004,PO-411004-ce67e2,clean,False
hno 200 Beat Heigghts eBsside Hospital Decccan Gymkhanaa pueen ppun MAARASHTA 1004,411004,PO-411004-ce67e2,medium,True
"Shop 914, betasociety, Linkk Path, nr vidyannagar pune, Deccan Gyymkhana, upne, Puen, Mhh, 4110044",411004,PO-411004-ce67e2,low,True
oHse 823-Sai  omple-SSttaon Rd-Behind Hoospppital-Deccan yGkhna-nPu-Pue-Maharashrta,411004,PO-411004-ce67e2,high,True
FLA TNO 14 alpha ehghts lik stret NrLohgaon decccan  gymkhana punne puene MAHAARSHHTRA 4101004,411004,PO-411004-ce67e2,medium,True
Plot337 beta reiency Mrkte Lane Besideu s Stop DEECCAN YGMKHANA Puenn uPnne hMM,411004,PO-411004-ce67e2,medium,True
lot9 6-Alpha Towre-Market Sttrree-NEXT TO EMTRO STATIOIN-Deccaan Gymhhkana-ppeu-eP-41104,411004,PO-411004-ce67e2,high,True
oRom 7228 Sa Enclae Nr Shivannee B.O Decn Gymkhana puneee unee 411104,411004,PO-411004-ce67e2,medium,True
House 2551 Srhee oTwer Link Marg n rhaniwar peth-pune DeccanGG ymkhana pune pnuee 410004,411004,PO-411004-ce67e2,medium,True
"Hosue 183, Shree Apartemnts, Link Ptah, Near Hadpsar I.E, DECAN GYMKHANA, Pun, PUUNE, MMh, 41100",411004,PO-411004-ce67e2,low,True
"SShp 83,, Sia oCmmplex,, MARRKET TRD,, neear rahstra hasha bhavan,, Decacn Gymkhn,, pue,, Pue,, 41104",411004,PO-411004-ce67e2,high,True
ooom5 05-bta eclae-staion od-Opposie s Stop-Decac GGymkhana-pun-npee-amharastar-41100444,411004,PO-411004-ce67e2,high,True
"Flat No 793, Sai Apartments, Link Marg, Behind Hospital, Deccan Gymkhana, Pune, Pune, Maharashtra, 411004",411004,PO-411004-ce67e2,clean,False
"HNo 916, Shree Heights, Main Marg, Near A.R. Shala, Deccan Gymkhana, Pune, Pune, Maharashtra, 411004",411004,PO-411004-ce67e2,clean,False
HHoouse 528 Shree Socityy neext  to hospital Dcecan Gymkana uupne Pn 4110044,411004,PO-411004-ce67e2,medium,True
Rooom 8885 shrere tower Markeett Lane Nrr Hopital decacn gymkkhana punne unee Mahrashtar 411004,411004,PO-411004-ce67e2,medium,True
"Shop 566, Sai Heights, Market Street, Near School, Deccan Gymkhana, Pune, Pune, Maharashtra, 411004",411004,PO-411004-ce67e2,clean,False
"HNo 686, Beta Complex, Station Marg, Behind Hospital, Deccan Gymkhana, Pune, Pune, Maharashtra, 411004",411004,PO-411004-ce67e2,clean,False
"Room 764, Alpha Complex, Station Path, Opposite Hospital, Deccan Gymkhana, Pune, Pune, Maharashtra, 411004",411004,PO-411004-ce67e2,clean,False
room25 Sai Ressidecy OPPB ANK Decan yGmkhana Pueen NUE MMharashtra 11040,411004,PO-411004-ce67e2,medium,True
Hoouse  466 SSai Residncy StationLan bhenid metro station decccan ggymkhana ne Puun Maaharshtra,411004,PO-411004-ce67e2,medium,True
"room 3313,, etarr esidency,, Staiionn Lane,, Bein dPaark,, Deccan GGymkhhan,, uun,, m,, 4111000",411004,PO-411004-ce67e2,high,True
"ROOOM 681, Alpha Sociey, MARKETT LANE, Besidde Bus Stop, deccan  gymkhana, Puune, pue, Maharashhtra, 4110004",411004,PO-411004-ce67e2,low,True
"hno 1, SHREE ENCLAVEE, Nar Bank, dhankawaid, Punne, Punee, Maharashtr, 4110433",411043,PO-411043-15aff2,low,True
"House 721, Beta Apartments, Station Path, Near Khadki, Dhankawadi, Pune, Pune, Maharashtra, 411043",411043,PO-411043-15aff2,clean,False
Plot 12888 Shree eHightss ink strreet Nr Hospiita DHNAKAWDI unee Pu 4114,411043,PO-411043-15aff2,medium,True
Shhoop 9 et Sooc aMin Lanen Behid Bus So Dhhaknwaadi puuunne Pune Mharashtarr 140443,411043,PO-411043-15aff2,high,True
Spo 984-Beta Ressiddecny-Man Sttree-Near Metro Stainn-Dhankawai-puenee-uuen-MM-41143,411043,PO-411043-15aff2,high,True
"Flat No 369, Alpha Society, Market Road, Opposite Hospital, Dhankawadi, Pune, Pune, Maharashtra, 411043",411043,PO-411043-15aff2,clean,False
"Room 273, Alpha Complex, Station Road, Next to Park, Dhankawadi, Pune, Pune, Maharashtra, 411043",411043,PO-411043-15aff2,clean,False
plo 474 Betta Towre Statino aPth nex to bus top Dhankawadi punnne M 1411043,411043,PO-411043-15aff2,medium,True
RROOOM 9972 Beta Apattrmennts mainaph next t bu sttop Dhakawdi uen epun hh 44111043,411043,PO-411043-15aff2,high,True
"plloot 288, AlphhaCmplex, next tto ttemplle, dankaaawadi, punee, Pnne, hhm, 411",411043,PO-411043-15aff2,high,True
"Room775, Sai Reisdency, MARKE TSTREET, Behidn Temple, Dhnkawadi, une, 411043",411043,PO-411043-15aff2,low,True
"Pllot34 5,, Sai Reesiiidency,, Linnk Sttreet,, Opp aBnn,, hankaadii,, unen,, nu,, MMMaharsahtra,, 411403",411043,PO-411043-15aff2,high,True
"HNo 17, Beta Enclave, Station Road, Behind Park, Dhankawadi, Pune, Pune, Maharashtra, 411043",411043,PO-411043-15aff2,clean,False
PPlot 45333 beta ttoewr net o parkk DDhankaaawdi puee Pun 4114103,411043,PO-411043-15aff2,high,True
"FLAT NNO 296, Beta  Apartments, Station oad, Opp Schhool, Dhankaawdi, Pue, pue, 410143",411043,PO-411043-15aff2,low,True
"shhop 910, Alpha Aparttments, Marekt Lane, Behind Bus Sop, ddhankawadi, UPNE, Pnue, HM, 4411043",411043,PO-411043-15aff2,low,True
flaat no 98 ETA RESIDNCY Stationn arg BesideeBank Dhaknawaddi Pune PU 4111034,411043,PO-411043-15aff2,medium,True
"Flato  820,, sai scociey,, lnk streete,, BehindMetro Stattion,, dhhankwaddi,, upnn,, ePun,, maarashra,, 1403",411043,PO-411043-15aff2,high,True
N 789 alpha paartment stion marg next tpoark Dakawadi Pnne uPe MMaharashra 1441043,411043,PO-411043-15aff2,medium,True
"lot 2, BTSOC, sttaion lan, Bind  Park, Dhanaawid, PPuunne, h, 1110443",411043,PO-411043-15aff2,high,True
"Shop 82, Shreee Apartments, Link Mar, beside schoo, Dhaankawadi, Puune, Pue, 4110043",411043,PO-411043-15aff2,low,True
oomm 988-alpah enllcave-bbesiidee bus stop-DDhnaawadi-PUNNE-PPUEE-hh-41134,411043,PO-411043-15aff2,high,True
"Poot 399, PAA APARTMENTS, market ane, pOp Bus SSStop, hankaai, pppun, uPne, hh, 141004",411043,PO-411043-15aff2,high,True
"Plot8 , Shrree Towr, sattion mrgg, behind schol, Dhankwwaid, unne, P, ahaarasshtra, 41100043",411043,PO-411043-15aff2,high,True
"Plot 809, Sai Enclave, Main Road, Opposite Metro Station, Dhankawadi, Pune, Pune, Maharashtra, 411043",411043,PO-411043-15aff2,clean,False
"OHSE 189, alpha aappartemnts, ln ikrd, Benhind Metro Station, dhanaakwdi, uPeen",411043,PO-411043-15aff2,high,True
"huse 423, Beat Society, LINK STEET, opp bannk, dhankawad, Pnue, une, hM, 4110043",411043,PO-411043-15aff2,low,True
oRoom 86 sia complex Station Lan Beside eTmlep Dhankkwaaid nne UUPE hhM 41110334,411043,PO-411043-15aff2,high,True
"lt NNo 961,, Srree oCmplex,, Sttaation Mrg,, next t hoital,, Dhanakwaadi,, uPn,, 41111034",411043,PO-411043-15aff2,high,True
"lot 327, sai eenclave, Mainn Marg, Beehind Park, Dhankaadi, PPUNE, une, Maharaashtra, 411034",411043,PO-411043-15aff2,low,True
"flat n oo 281,, BETA APPARTMMENTS,, ation  Street,, Beihhnd Mettro Station,, dhankwaaad,, Pnuue,, ppuun,, 41130",411043,PO-411043-15aff2,high,True
"hSo p89, bteat soc, ttionStreet, Nr eTlme, Dankwaaid, unP, pne, 1130",411043,PO-411043-15aff2,high,True
"Room 762, Shree Socieety, link streeet, nr tempel, Dhankaawadi, PPune, UPNE, hm, 141043",411043,PO-411043-15aff2,low,True
Polt 373 eBta Encclave Station  dR Opposit Teemple Dhankawia pnnue PPPune mh 4103,411043,PO-411043-15aff2,medium,True
"hnoo 554, Shree Aparments, ink marg, Behin dBus Stop, Dhaankawadi, PPune, MMh, 4111043",411043,PO-411043-15aff2,low,True
"hn o747, SaiT ower, Statio nMarg, eside Temple, Dhakawadi, PUEN, une, mahrashtra, 411403",411043,PO-411043-15aff2,low,True
"Flat No 862, Shree Tower, Station Road, Opposite School, Dhankawadi, Pune, Pune, Maharashtra, 411043",411043,PO-411043-15aff2,clean,False
"plo t9, sai reisdency, Market ath, Opp TTemple, dhankwadi, Pue, PPune, h, 41043",411043,PO-411043-15aff2,low,True
Flat  637 beta societyyy MARKT PPATH NEXTTO SCHOOL Dhankwai uPune npe aaharashtra,411043,PO-411043-15aff2,medium,True
flatn oo 397 Alph Encclave NRBUS SSTOP Dhaankawadii pnu Pune MMh 410134,411043,PO-411043-15aff2,medium,True
Huose 667-SaiS oieyt-StatiioL ane-near ospiitall-Dhnakkawdai-un-PNNNE-aMharrashra,411043,PO-411043-15aff2,high,True
"Room26222,, sai woter,, Link Phta,, Oppp Metro Sttion,, Dhknwadi,, uPPn,, une,, MMhhh,, 4113",411043,PO-411043-15aff2,high,True
plot 968 shree rseiency Link tret near kondhwakhh b.o danoi unne Punee 41101555,411015,PO-411015-38fa16,medium,True
"oom 335, beta  soc, markeet rd, nxt to bus stop, Dhanri, pue, Pun, hM, 411051",411015,PO-411015-38fa16,low,True
"hhno 968, EBTA ENCLAVE, Staiton Road, beside hosspital, dhaonri, Pnue, maharashta, 4411015",411015,PO-411015-38fa16,low,True
lot69 SSaiH eighst OppT Teple Dhhanroii Pnne Mhh,411015,PO-411015-38fa16,high,True
Shoo 812 Alha Residnecy Nr Deccaan Gymkhaana Danoori Pnu ppunee 41110,411015,PO-411015-38fa16,medium,True
"RRom3 87,, ai  Reisdency,, BEHIDN  TEMPEL,, dhhnoir,, Pn,, PPne",411015,PO-411015-38fa16,high,True
Hou 851 Alphaa Heights aMniM arg BEHIN TTEMPL DHAANORI uPnn M 14110155,411015,PO-411015-38fa16,high,True
"Plot 416, Alpha Heights, Station Marg, Beside Hospital, Dhanori, Pune, Pune, Maharashtra, 411015",411015,PO-411015-38fa16,clean,False
"House 263, Sai Heights, Station Marg, Opposite Park, Dhanori, Pune, Pune, Maharashtra, 411015",411015,PO-411015-38fa16,clean,False
Huse174 SiT ower NNr Puen City DHANOII Pnu pne hh 14101,411015,PO-411015-38fa16,medium,True
"Flat No 37, hSree Tower, LIINK MARG, net to hospital, Dhanri, Puen, Pun, hM, 411105",411015,PO-411015-38fa16,low,True
plo t35 Alppha Heihgts minroad Bseide Hosspital Dhanir pu PPune 410115,411015,PO-411015-38fa16,medium,True
omo 753 BBetta Complex Min Rd OpositeBank Danoi PPun Pune Mh,411015,PO-411015-38fa16,medium,True
"Roommm 986, asi coplx, aMret Pathh, behnid bus stop, dhanooiri, ppune, unnne, hMh, 114105",411015,PO-411015-38fa16,high,True
"Room 559, Beta Society, Market Street, Behind Park, Dhanori, Pune, Pune, Maharashtra, 411015",411015,PO-411015-38fa16,clean,False
"Romo 290, Si Enclave, mraket street, r bank, Dhanri, une, PPune, hM, 411015",411015,PO-411015-38fa16,low,True
Sh p959 Shree Aaartments aMrrket Street Nr Hoisptal Dahonri une uPnne 411015,411015,PO-411015-38fa16,medium,True
Plto 350 Alphha oc Market Sreet oopp park dnhaori puuen Pnuee mahaarsthra 410115,411015,PO-411015-38fa16,medium,True
HHoe 479-BETAT ENCALVE-markte aane-Besde HHospiital-Dhanroooi-PPuue-neu-MAARASHTRA-441111015,411015,PO-411015-38fa16,high,True
"flat  no 682, SHREE TOOWER, market rad, Nr Armamnt, dhanorri, upne, Puen, 41101",411015,PO-411015-38fa16,low,True
"House 58, Beta Tower, Market Street, Near N.C.L. Pune, Dhanori, Pune, Pune, Maharashtra, 411015",411015,PO-411015-38fa16,clean,False
shpo 221 Apha Toower Opp Sool hdarni pnue Punnen Maharstra 411001115,411015,PO-411015-38fa16,high,True
hosue 992-btea residnc-Stattiona Lne-Behiind Bnak-Dhonori-unee-MM-411011,411015,PO-411015-38fa16,high,True
"ffflatn o 664, AllphaHeigts, rN ospiatl, danori, Pnuue, Puuene, mm, 1101555",411015,PO-411015-38fa16,high,True
Plto 96 etaSocity Sttaioo nRd nr airport une  soo hdnorii UPN 14110,411015,PO-411015-38fa16,high,True
"Room 93, ALPHA APARRTMENTS, market treet, Behind Metro  Station, Danori, Puune, PPune, 4411015",411015,PO-411015-38fa16,low,True
"ROOM 5877, ALPH AAPARTMENTS, Opp Hosital, Dhanor, pne, Pun, 411015",411015,PO-411015-38fa16,low,True
"House 22, BETA APARTMENS, maarket rd, Nrr Yerwada, dhanoi, PPune, Pne, 11015",411015,PO-411015-38fa16,low,True
"Flta No 455, Alpha Residecny, tation Rd, beside schoool, Dhanoori, Puen, Punee, 4411015",411015,PO-411015-38fa16,low,True
"house  275, Shree Eclave, Link Patth, behind tempe, hDanori, uPne, Pun, h, 4411015",411015,PO-411015-38fa16,low,True
lat No 822 SSai Compelx MMian Lane beside hopitl Dhnoori Puue pnee Maaraashtra 441015,411015,PO-411015-38fa16,medium,True
"HNo 751, Sai Apartments, Station Street, Behind Park, Dhanori, Pune, Pune, Maharashtra, 411015",411015,PO-411015-38fa16,clean,False
Roooom 74-HREE SOIEETY-Sttation Street-nex ttoo scohol-DDnori-unn-ueen-11401,411015,PO-411015-38fa16,high,True
"PPlot 380, shree enclave, beside hospittal, Dhanor, Punee, Pnue, Mahrashtra, 41015",411015,PO-411015-38fa16,low,True
nho5 5 SAI AAPRTMENTS Mraket PPat Nr Teelme hnari uPneee Pue 4100115,411015,PO-411015-38fa16,high,True
Sho p204 Saai eHights esside Metro Station Dhaori peun unne Mhaarashta 4411015,411015,PO-411015-38fa16,medium,True
"Flat No 374, Beta Tower, Main Lane, Beside Bank, Dhanori, Pune, Pune, Maharashtra, 411015",411015,PO-411015-38fa16,clean,False
Flat No2 883 Beta Resiedency eBside Metro Stationn Dhaoni Peu uPnee 41051,411015,PO-411015-38fa16,medium,True
"Plot 52, Beta Tower, Station Path, Behind Hospital, Dhanori, Pune, Pune, Maharashtra, 411015",411015,PO-411015-38fa16,clean,False
house 663 Shree Encvae Behiind Mtro Station dhhanor unee h,411015,PO-411015-38fa16,medium,True
"Room 856, Beta Residency, Link Marg, Beside Bus Stop, Dhanori, Pune, Pune, Maharashtra, 411015",411015,PO-411015-38fa16,clean,False
rroom 336 saisc Lin kaMrg netx o temple haanori peu punue Mahraaashtra 411015,411015,PO-411015-38fa16,medium,True
flatn o 03 Alpha Heiights Lik Stret Near Bsu Sotp igi Camp Puuune PPUE hMM 411015,411015,PO-411015-c21442,medium,True
House  776 Sheere Enclavve Markett Lane bsiebank iDhgi amp Pnne PPnuee aharashhtrra 111105,411015,PO-411015-c21442,high,True
"Roo 154,, SA HEEIGHTTS,, makreet  lane,, next to aaabnk,, IGHI CAMMMP,, Puune,, uuen,, 4111155",411015,PO-411015-c21442,high,True
hhhno 799-lApha Reesidncy-Lnik  Lan-Bseie Templle-DgihhiC amp-Pun-Pnue-Maaharshtrra-1410115,411015,PO-411015-c21442,high,True
"HNo 887, Alpha Complex, Link Marg, Near Hospital, Dighi Camp, Pune, Pune, Maharashtra, 411015",411015,PO-411015-c21442,clean,False
"Flat No 589, Shree Heights, Link Road, Near Bus Stop, Dighi Camp, Pune, Pune, Maharashtra, 411015",411015,PO-411015-c21442,clean,False
"polt 617, Alpha Heighhts, statiion rd, OPPOSITE METO STATION, DIGHHI CAMP, pun, pne",411015,PO-411015-c21442,low,True
"hSop 290, BEA TOWER, MainPath, enxt to bank, dighic amp, puen, PUNEE, mahharashtra, 411105",411015,PO-411015-c21442,low,True
"ho 347, Shree Encalve, mmarket street, opposite hosiptal, DIGHI CMP, Pun, Pun, maharashtar, 4111015",411015,PO-411015-c21442,low,True
"Shop 692, Beta Enclave, Market Street, Near Bhavani Peth, Dighi Camp, Pune, Pune, Maharashtra, 411015",411015,PO-411015-c21442,clean,False
"HNo 219, Beta Heights, Main Road, Beside Metro Station, Dighi Camp, Pune, Pune, Maharashtra, 411015",411015,PO-411015-c21442,clean,False
Ploot 76 Betta Aaprtments Behnd Bankk Dighi ampp pune uPnee 4111015,411015,PO-411015-c21442,medium,True
llta No 259 alpha  omplx lik mg rrN Pak DgihiCmp pe nupe MMh,411015,PO-411015-c21442,high,True
"Room 29, Alpha Heights, Station Road, Beside Park, Dighi Camp, Pune, Pune, Maharashtra, 411015",411015,PO-411015-c21442,clean,False
FLAT NOO 3998 Betta Apartmennts rMket Path nr schl DIHI  CAMP uPe Pnee MAHARASHRTRA 41111015,411015,PO-411015-c21442,medium,True
"hho 5422,, aSi Rseidencyy,, station sstreet,, Oppsoite HHosppital,, Dggihi Cam,, unen,, Puue,, h,, 14110115",411015,PO-411015-c21442,high,True
lot 4453-SSai ights-mrket path-Opp Metrro Satino-dighic campp-npuue-Pnue-411051,411015,PO-411015-c21442,high,True
lFa No 93-ShreH eighst-mart dr-Bessidee Shool-DDighi Cmmap-uPun-41015,411015,PO-411015-c21442,high,True
"lat No 521, SaiApartments, lnik street, Bheind Park, Dihgi Camp, PPUNE, uPne, Mahaarshtra, 41015",411015,PO-411015-c21442,low,True
"hno  743, sai enclvae, beside bus sto, Digghi Camp, UPNE, pun, HM, 4110015",411015,PO-411015-c21442,low,True
"Flla tN 159, Betaaa Towr, nextt o  bus sotp, dighi  amp, nep, un, mahraahsra, 11115",411015,PO-411015-c21442,high,True
"hno 75, Sai Aparments, Beeside School, Dighi Cmap, Punee, Punne, 41105",411015,PO-411015-c21442,low,True
"PLOT 3369, Shreee Enclave, Station  Rd, Beside Tempel, Dighhi Camp, Puune, puune, aharashtra, 41015",411015,PO-411015-c21442,low,True
Polt 059 BetTa ower BBEIDE TEMPLE Dighi aCmmp ue unee Maharashtrta 4111015,411015,PO-411015-c21442,medium,True
hSop4 83 ssai twer Stain Lane nea lokmanyaangar Dghi aCmp ppuune pnu Mahaasshtra 44411015,411015,PO-411015-c21442,medium,True
hn7o 78 Shree Towwre BesideHopital Diighi CCamp Pune pnuee 4110015,411015,PO-411015-c21442,medium,True
"room 091, Alph aApartments, Market ath, Ner Bank, dighi caamp, uPne, Pue, MMh, 410115",411015,PO-411015-c21442,low,True
"plo t498, ShreeSoc, makret marg, Besidde Hospital, Dighi Capm, pue, Puune, h, 41115",411015,PO-411015-c21442,low,True
"RRomoo 437,, shrecomlpex,, Mak tPath,, nrshhool,, Dghii Cmap,, uuen,, uPnn,, 411011",411015,PO-411015-c21442,high,True
"Hous 31, Btea Tower, Lnk Path, next to par, dighi ccamp, uPne, ppune, maharahstra, 4110115",411015,PO-411015-c21442,low,True
"Room 259, Alpha Heights, Market Street, Behind Temple, Dighi Camp, Pune, Pune, Maharashtra, 411015",411015,PO-411015-c21442,clean,False
housse 21 hsree heigghts Statin oStreet OPP HOSSSPITAL dihig camp ne 4101115,411015,PO-411015-c21442,medium,True
"Shop 821, Sai Enclave, Market Marg, Next to Metro Station, Dighi Camp, Pune, Pune, Maharashtra, 411015",411015,PO-411015-c21442,clean,False
"hsop 831, Sai nclave, Mrket Marg, nexxt to bank, dighi  camp, pue, UPNE, 4110015",411015,PO-411015-c21442,low,True
Shp 4118 Sia Residencyy Liik Lane Behinnd Hospita Dighi CCmap ppun Pue h 110155,411015,PO-411015-c21442,medium,True
nho 6866 bet aparrtments aiMn Street behnd bus stoop dighic apm uPPne 1411015,411015,PO-411015-c21442,medium,True
"Plot 574, Alpha Enclave, Link Road, Behind Temple, Dighi Camp, Pune, Pune, Maharashtra, 411015",411015,PO-411015-c21442,clean,False
"Flat Noo 246, Beta Resiency, Link Lae, next to shcool, dighii camp, PUEN, Punne, 4111015",411015,PO-411015-c21442,low,True
"Flat No 6966, Beta  Residency, MMarket Lane, next to schoo, DIGHI CCAMP, uPne, Punee, 11015",411015,PO-411015-c21442,low,True
"Fla No 681, Shreee Society, maiin marg, Behind Par, ighi Camp, Puen, ppune, 141015",411015,PO-411015-c21442,low,True
"Plot932, sai enclae, Main Magr, nnext to hospital, dighhi camp, UPNE, maahrashtra, 411051",411015,PO-411015-c21442,low,True
Ploot 30 Alpha oCmplex marrket arrg ebhind shopital DDighi ampp PPPPune Puu 44115,411015,PO-411015-c21442,high,True
"Plot 644, Shree Tower, Station Path, Behind Bus Stop, Dr.B.A. Chowk, Pune, Pune, Maharashtra, 411001",411001,PO-411001-467002,clean,False
"FlatoN 838, aS iResdiency, Behn Shool, dr.b.a .cho, nue, uen, Mhh",411001,PO-411001-467002,high,True
"Room 911, Beta Residency, Market Road, Near Hospital, Dr.B.A. Chowk, Pune, Pune, Maharashtra, 411001",411001,PO-411001-467002,clean,False
"Hoouse 231,, Bta nEclave,, Mian Marrg,, Behid  Bannk,, D.B.A .howk,, eu,, mm",411001,PO-411001-467002,high,True
"Flat No 230, Beta Complex, Link Marg, Near Temple, Dr.B.A. Chowk, Pune, Pune, Maharashtra, 411001",411001,PO-411001-467002,clean,False
"Room 362, Beta Tower, Market Road, Behind Metro Station, Dr.B.A. Chowk, Pune, Pune, Maharashtra, 411001",411001,PO-411001-467002,clean,False
roomm 225-lApha Aparrtemnts-iink ane-opp tmeplle-Dr.BA.. Chowk-puune-mh-14110001,411001,PO-411001-467002,high,True
"hno 886,, alphacmolex,, iL nMarg,, nextt o hosptaal,, Dr.BA. Cohk,, Pe,, Pnneu,, 4101011",411001,PO-411001-467002,high,True
flat  no  729 sia apartmeents MianRd Behidn Hosiptal Dr.B.A .CChowk ne UE aMharashtraa 441001,411001,PO-411001-467002,medium,True
"Room 840, Shree Enclave, Station Path, Behind Temple, Dr.B.A. Chowk, Pune, Pune, Maharashtra, 411001",411001,PO-411001-467002,clean,False
ssshop 1102 EETA RESIENCY Marrket Mrarg nr teemlp Dr.BA.C hhowk punnen upne MM 4411010,411001,PO-411001-467002,high,True
"Polt 551, sai toer, markt path, Beeside School, dr.b.a.c howk, Puune, Puune, 41001",411001,PO-411001-467002,low,True
"HOUSE551, Shrree Enclave, Statino Path, Opp Hosptial, Dr.BB.A. Chowk, pnue, PPune, mahrashtra, 4111001",411001,PO-411001-467002,low,True
"shhop 600, alpha heghts, Sttation Rd, Besid School, dr.b.a.  chowk, une, hM, 411001",411001,PO-411001-467002,low,True
Flta o 57 SSai Soccietty tSatino Margg nr  hsoiptal dr.b.a. chok PPneu nuue 410,411001,PO-411001-467002,high,True
"Flat No 967, Sai Apartments, Link Street, Beside Temple, Dr.B.A. Chowk, Pune, Pune, Maharashtra, 411001",411001,PO-411001-467002,clean,False
orrom 97 AlphaH eeights Maiin Mrag Opp Tmmple Dr.B.A howk Puee Puunne mh 4101,411001,PO-411001-467002,medium,True
house4  56 Sai Redsiency Saattion Lane next to  cshool dr.b.aa. howk PPuen 111001,411001,PO-411001-467002,medium,True
"lo 7737,, Alph Aprmtents,, Main  athh,, Neear Tmeeple,, dr.ba.. choowk,, peen,, uuen,, h,, 410001",411001,PO-411001-467002,high,True
"Plot 587, Shree Society, Station Path, Near Temple, Dr.B.A. Chowk, Pune, Pune, Maharashtra, 411001",411001,PO-411001-467002,clean,False
"hn 36, SAI ECNLAVE, linnk marg, Op Park, Dr.B.A. Chokw, une, Puen, hm, 41001",411001,PO-411001-467002,low,True
"hon5338,, Bta Rsiidency,, mai marrg,, NarrP ark,, Dr.BA.A.. Chowk,, ePu,, upue,, aharaashtra,, 441101",411001,PO-411001-467002,high,True
Houe866 shree complex link strrete eNar Parkk DR..BA. CHOK puue punne AHARASHRTA 4100,411001,PO-411001-467002,medium,True
oro m560 ai Heighs neext ot schoool dr..b.aa. chowk pen puune hmm 44111001,411001,PO-411001-467002,high,True
Plt 55400-sai nlaave-link ssteeet-r Puune Ciyt-Dr..A.C howk-pu-Pnue-Maharashhhttra-410011,411001,PO-411001-467002,high,True
"plot 711, Beta Towe, ink Lane, opp bus stpo, dr.ba. chowk, Pue, Pnue",411001,PO-411001-467002,low,True
shp 72 Sai Rseidencyy Lin kPathh OOppposite Hospital Dr.B..A. Choowk Pnune uPen 411010,411001,PO-411001-467002,medium,True
oom 4447 Alpphha Residency SSttation Marg Besidee Parrk d.rb.a. choowk puue uen 4110010,411001,PO-411001-467002,medium,True
"Flaa oN 757,, saa enlcave,, market tsretee,, Bedsie Mtero Station,, Dr.B.A. hkow,, uPne,, MAHAASHTRA,, 41000",411001,PO-411001-467002,high,True
"Shop 959, Alpha Enclave, Main Marg, Near Metro Station, Dr.B.A. Chowk, Pune, Pune, Maharashtra, 411001",411001,PO-411001-467002,clean,False
"Shop 71, Beta Residency, Main Lane, Behind Metro Station, Dr.B.A. Chowk, Pune, Pune, Maharashtra, 411001",411001,PO-411001-467002,clean,False
Hosee 402 hsree towr INK RAOD r PPark dr.b..a chow PNUEE ue HHM,411001,PO-411001-467002,medium,True
"Plot 22, Shree Enclave, Main Street, Opposite School, Dr.B.A. Chowk, Pune, Pune, Maharashtra, 411001",411001,PO-411001-467002,clean,False
Shpo 106 APHA SOOC next ot hospita DDRB.A. CHOWK UNE 411100,411001,PO-411001-467002,medium,True
"Flat No 526, SAI RRESIDENCY, market rooad, next to hospitaal, Dr..B.A. Chowk, Puune, une, Mahharashtra, 410101",411001,PO-411001-467002,low,True
"ho 451, BeaResdiency, STATTION LANE, esside Shcool, Dr.B.AA. Chwokk, uPe, unnne, hhhM, 11001",411001,PO-411001-467002,high,True
"lat No 568, Shree Society, ain Lane, next to  school, dr.b.. chowk, PPune, Puen, MMh, 4110001",411001,PO-411001-467002,low,True
ousse 913 allpha apartents station sstrete Nearr Schol DD.RB.A. CHOWK puee PNU MMaarashtra 14101,411001,PO-411001-467002,medium,True
"hno 15, sre towr, sttaionro ad, nnnext ot school, Dr.B.A. Chwok, nne, 4100011",411001,PO-411001-467002,high,True
plot 902 Alpha Rseidenccy tSaton Street beihnd  park Dr.B..A. hCowk Puunne Punn 411101,411001,PO-411001-467002,medium,True
Plott 2882 SAI HEIGHSTS Lin Pah N rGaneshkhid drb.a. choowk Pnnue Pen Mh 110001,411001,PO-411001-467002,medium,True
"Plott 969, Allpha Apartments, Station Pah, next to hospiital, dr.b.a. chokw, une, Mhh, 4110001",411001,PO-411001-467002,low,True
"nho 704, SaiR esidency, Opposite Scchool, dunkrikl  ines, Punen, PUUUNE, Maharasthra, 41101",411014,PO-411014-b95d68,high,True
Shopp2 26 beta societyy MarketL ne Nr Dighi Cm dnkirklines Peu Mh 41110114,411014,PO-411014-b95d68,medium,True
"Plot 533, Beta Apartments, Market Marg, Beside Bank, Dunkirk lines, Pune, Pune, Maharashtra, 411014",411014,PO-411014-b95d68,clean,False
"hno2 30, Shree TTower, Behind Temlpe, dunkirkl ines, punne, Pne, hM",411014,PO-411014-b95d68,low,True
hhno 1866 Beta Commplexx taation marg Nr  Hosspital dunkikr llines upnne Puunee Maaharshtra 41014,411014,PO-411014-b95d68,medium,True
plto 72 shrree apartmnts maket mrag Oppsoite  Bank unkirk linees PPue hMM 41101114,411014,PO-411014-b95d68,medium,True
"lot 177, shree cmplex, Link Lan, Behhind Bus Stop, dunnkirk lines, PNE, puen, 411014",411014,PO-411014-b95d68,low,True
Huse 276 Betaa Apartents Nr etro tation dukir lines NPE MM 441114,411014,PO-411014-b95d68,medium,True
"oRom 782,, Sai Apartens,, Opposite Metr  oStation,, DUNKIIIRKK LINES,, en,, nee,, 14110144",411014,PO-411014-b95d68,high,True
"Hosue 980, Alpha Residnecy, sstation road, Beside School, dunkirk lnes, une, Puen, 411014",411014,PO-411014-b95d68,low,True
"Shop 991, Alpha Heights, Main Street, Behind Park, Dunkirk lines, Pune, Pune, Maharashtra, 411014",411014,PO-411014-b95d68,clean,False
"Flat No 824, Alpha Complex, Main Street, Opposite School, Dunkirk lines, Pune, Pune, Maharashtra, 411014",411014,PO-411014-b95d68,clean,False
"House 506, Shree Apartments, Link Lane, Near Park, Dunkirk lines, Pune, Pune, Maharashtra, 411014",411014,PO-411014-b95d68,clean,False
"House 273, Beta Enclave, Link Path, Near School, Dunkirk lines, Pune, Pune, Maharashtra, 411014",411014,PO-411014-b95d68,clean,False
oomm  389-SaSi Copmlex-Mainn LLaen-nr s.p. collegg-undkirkk lines-Pnue-n-hM-41111014,411014,PO-411014-b95d68,high,True
"Flat No83, shee society, Statioon Lane, nxt to hospital, dunkirk lnies, ppune, Puune, Maharaashtra",411014,PO-411014-b95d68,low,True
rooom373-saie ncle-aain aLne-beesidee school-udnkriik lines-Puuuune,411014,PO-411014-b95d68,high,True
"shop 3344, shree comlpex, Sattion Street, op park, dunkirk ines, PPune, PUEN, M",411014,PO-411014-b95d68,low,True
"Shop 62, Sai Enclave, Main Road, Opposite Bank, Dunkirk lines, Pune, Pune, Maharashtra, 411014",411014,PO-411014-b95d68,clean,False
flat  n o430-AAlhpa ower-Marke tSrteeet-BBEHIND TEMLEE-duunkiirkl ines-npu-Mharatshra-44110,411014,PO-411014-b95d68,high,True
rrooom 366 Sia Toweer lin kkpath Beside chol dnukik lines pen 11014,411014,PO-411014-b95d68,medium,True
FFlatNo 119 alppha residenc ink RRoad Behind PPaark dunkikr lins upnne Pnuee 41141,411014,PO-411014-b95d68,medium,True
oom 412 shree  compllex Maai nRoad Beside School dunkrk linnes pnu Mharashtrra 4104,411014,PO-411014-b95d68,medium,True
"flat no o9936,, AlphaRsiidency,, MaarketR Rd,, Bhin dMetro Stattion,, duniirk lines,, u,, upneee,, 4114401",411014,PO-411014-b95d68,high,True
lo t96-SHREE APARTMMETTS-MMarketPah-EBHIND HOSPITAL-dukirk ilnes-nPee-uue-Mharashr-4100014,411014,PO-411014-b95d68,high,True
"HNo 518, Sai Heights, Link Road, Near Aundh T.S., Dunkirk lines, Pune, Pune, Maharashtra, 411014",411014,PO-411014-b95d68,clean,False
"Plot 300, Shree Apartments, Main Marg, Opposite Park, Dunkirk lines, Pune, Pune, Maharashtra, 411014",411014,PO-411014-b95d68,clean,False
"SHO 110, AAlpha Enclave, Market Mag, Near Schol, dukirk lines, pue, PPune, Maharashrta",411014,PO-411014-b95d68,low,True
"Shop 35, Shree Tower, Main Marg, Opposite Bus Stop, Dunkirk lines, Pune, Pune, Maharashtra, 411014",411014,PO-411014-b95d68,clean,False
"houe 123, shere heights, staion road, nnext to park, duknirk lines, Punne, Punee, aharashtra, 41101",411014,PO-411014-b95d68,low,True
"Room 462, Beta Society, Main Road, Near Bus Stop, Dunkirk lines, Pune, Pune, Maharashtra, 411014",411014,PO-411014-b95d68,clean,False
"Sho p359, Alph Complex, Link  Lane, next to temlpe, dunkir klines, punne, puune, 4110114",411014,PO-411014-b95d68,low,True
"House 687, Sai Residency, Main Marg, Next to Bus Stop, Dunkirk lines, Pune, Pune, Maharashtra, 411014",411014,PO-411014-b95d68,clean,False
Huose 45 AlpahA partments MainR oda pp Hospial dnukirk liines pu 41114,411014,PO-411014-b95d68,medium,True
"flta no 79, Shrree Heights, Opp Bankk, dnkirk lines, pne, H, 4110114",411014,PO-411014-b95d68,low,True
"Shop 290, Sai Complex, Link Lane, Beside Metro Station, Dunkirk lines, Pune, Pune, Maharashtra, 411014",411014,PO-411014-b95d68,clean,False
"House 854, Shree Heights, Market Marg, Next to School, Dunkirk lines, Pune, Pune, Maharashtra, 411014",411014,PO-411014-b95d68,clean,False
"Room 968, Sai Complex, Market Path, Behind Metro Station, Dunkirk lines, Pune, Pune, Maharashtra, 411014",411014,PO-411014-b95d68,clean,False
"faa no 51, she complx, Behind Bus top, dukirr lines, Puue, hh, 4411044",411014,PO-411014-b95d68,high,True
Room 19 shre copmlex nxet o park unkirkl ines PUN unee 4100114,411014,PO-411014-b95d68,medium,True
RRooom 436 beeta reisdeency Besid uBs Sto dunkirkr linnes PPu uun M 410014,411014,PO-411014-b95d68,high,True
Plot20 3 AAlpah Complex Mrekt Marg eside Metro Statoin udnkirkl ines uen 41011,411014,PO-411014-b95d68,medium,True
Pollt 987 Shrree Heghts MainM ar opposite schhol east  kadki PPunee Pune 4111003,411003,PO-411003-2a3a87,medium,True
"Hou1e 03,, Alpha oCmplexxx,, ink  ath,, BSEIDE TEMMPL,, East Khhhdaki,, PEU,, Puee,, Mhaashtra,, 1403",411003,PO-411003-2a3a87,high,True
Flat o445 sai aapartments SStatiion Lane neext to hsopital Esast Khadki pune Pn 4110003,411003,PO-411003-2a3a87,medium,True
"Plo 254, bta complex, Statio nPath, Besidee Hospital, east khadik, une, Punne, 4111003",411003,PO-411003-2a3a87,low,True
Falt No 62 ShreT ower link pah behind su stop as Khadki Pnuee uPn 41100033,411003,PO-411003-2a3a87,medium,True
"Shop 661, Sai Apartments, Main Marg, Behind Metro Station, East Khadki, Pune, Pune, Maharashtra, 411003",411003,PO-411003-2a3a87,clean,False
"Rooom 872, betta apartments, MAIIN MARG, oopposite bus stop, east kkhadki, PPune, punee, 4411003",411003,PO-411003-2a3a87,low,True
hous 13 Alpah Aartments Markeet Paath OOppP ark esst khadki Pune ppunne Mhaarashtra 4110033,411003,PO-411003-2a3a87,medium,True
"SShop 668, BETTA COMPLEX, near metro statin, aEst Khadki, uPne, Maharahstra, 411003",411003,PO-411003-2a3a87,low,True
"House 461, Alpha Residency, Link Street, Beside School, East Khadki, Pune, Pune, Maharashtra, 411003",411003,PO-411003-2a3a87,clean,False
"Flaatt No6 21, srhee resency, eeside parkk, Eat KKhadik, Penn, pun, 41003",411003,PO-411003-2a3a87,high,True
"nho 709, Alpha Heigths, Markett Marg, next to bs stop, eastkhadki, Puen, une, 141003",411003,PO-411003-2a3a87,low,True
"ohuse 631, BEA RESIDENCY, Behind Scohol, East hadki, uPne, Maharashta, 4110033",411003,PO-411003-2a3a87,low,True
"Sp o24, Alpha  Heghst, LI KSTTREET, Nar  Scool, Easst Kakdi, Puu, punnn, M, 11000",411003,PO-411003-2a3a87,high,True
House632-betta  encalve-saionmarg-neaar  dhanakwadi-eesa tkhadki-Pnue-PPn-4410130,411003,PO-411003-2a3a87,high,True
Romo 13 Alph aAparttments Sttaioon Lane Oppp Hospial east khadki PNUEE PPnue Mharashta 1411003,411003,PO-411003-2a3a87,medium,True
Poot 376 alpha apaments BEIND HSPITAL EastKahdki Peun 1100,411003,PO-411003-2a3a87,medium,True
Flat o 89 shree hieghs ManM arg next t parkk East Kahkdi Pune hMM 41013,411003,PO-411003-2a3a87,medium,True
SHHOP 2866-alpha socitteey-Linkk  Ptah-benhdi school-est khaadik-Pnueee-pppune-410130,411003,PO-411003-2a3a87,high,True
"Shop 834, Alpha Heights, Station Road, Next to Bus Stop, East Khadki, Pune, Pune, Maharashtra, 411003",411003,PO-411003-2a3a87,clean,False
Plt 902 Beta Apaartmennts stationm ag rN Hospita east khdakii ppnue upune Maharashhtar 14103,411003,PO-411003-2a3a87,medium,True
"Plot 9, Beta Apartments, Market Lane, Near Bus Stop, East Khadki, Pune, Pune, Maharashtra, 411003",411003,PO-411003-2a3a87,clean,False
nho 257 Alpha SSocc Maarkket Marg Beside Park Eat Khadi Peun PPne h 4103,411003,PO-411003-2a3a87,medium,True
"lpto317,, SaiR esidney,, MainnnStreet,, behin dschoo,, Ets Kahdki,, puune,, pun",411003,PO-411003-2a3a87,high,True
hno 44455-lAha TTower-StatinR ooad-nex to uubs stop-east khakiii-Punne-PPune-4110003,411003,PO-411003-2a3a87,high,True
"HNo 193, Shree Residency, Market Road, Next to Metro Station, East Khadki, Pune, Pune, Maharashtra, 411003",411003,PO-411003-2a3a87,clean,False
"House 52, Sai Residency, Link Street, Opposite Park, East Khadki, Pune, Pune, Maharashtra, 411003",411003,PO-411003-2a3a87,clean,False
"flatn o 628, Alphha Complex, MRKET LANE, Near Pak, East Khhadki, uPne, Puune, 41003",411003,PO-411003-2a3a87,low,True
"Flat N o452, SRHEE TOWER, mainstreet, OPPB ANK, easst khadki, Pne, UPNE, 41103",411003,PO-411003-2a3a87,low,True
"House 245, Shree Complex, Link Path, Behind Temple, East Khadki, Pune, Pune, Maharashtra, 411003",411003,PO-411003-2a3a87,clean,False
"Shop 701, aplha heights, Station SStreet, NEXT TO TEMPEL, eat khadki, pnue, Pue, Maahrashtra, 41003",411003,PO-411003-2a3a87,low,True
shpo  286 Alph aAaprtments NrB us top eeast khaadki upe Peun MAHARSAHTA 1003,411003,PO-411003-2a3a87,medium,True
SH 9950 Sai esidennncy behinn dtemlpe EEast Khaaadki Puuun Pue Maarashhta 44110300,411003,PO-411003-2a3a87,high,True
plto 33 SShreeS ociety station atth Bseiide Park Est Kadki pune nue 41110003,411003,PO-411003-2a3a87,medium,True
"Romo 868, Sai Enclaev, station marrg, Near Bnak, East Kahdki, Puen, punne, 411003",411003,PO-411003-2a3a87,low,True
hno9 60 Alpha Twor ilnk mrg nearparrk Esat Khaadki unee PEN Mh,411003,PO-411003-2a3a87,medium,True
"Flat No 174, Alpha Residency, Link Path, Near Sinhgad Technical Education Society, East Khadki, Pune, Pune, Maharashtra, 411003",411003,PO-411003-2a3a87,clean,False
"Flat No 945, Shree Society, Main Marg, Next to Temple, East Khadki, Pune, Pune, Maharashtra, 411003",411003,PO-411003-2a3a87,clean,False
"Flat No 802, Sai Heights, Market Marg, Next to School, East Khadki, Pune, Pune, Maharashtra, 411003",411003,PO-411003-2a3a87,clean,False
Fat NNo 8559-lpha Apartments-Near aVdgan  Budruk-Esat hKadkii-ppe-4111003,411003,PO-411003-2a3a87,high,True
"HNo 233, Beta Heights, Market Street, Behind Bank, East Khadki, Pune, Pune, Maharashtra, 411003",411003,PO-411003-2a3a87,clean,False
"Shop 95, Sai omplex, Opp Bankk, east khadik, pun, Punee, MAARASHTRA",411003,PO-411003-2a3a87,low,True
"HNo 971, Beta Residency, Station Path, Next to School, Ex. Serviceman Colony, Pune, Pune, Maharashtra, 411038",411038,PO-411038-88cce4,clean,False
House 812 alpah apartmentts MainM agr Behhind Templee Ex. ServicemaC olony Punen Puun mmmh 410318,411038,PO-411038-88cce4,medium,True
"Room 31, Alpha Copmlex, Link ath, next to tmple, Ex. Serivceman Colony, upne, PUNEE, 4411038",411038,PO-411038-88cce4,low,True
ploo 995 Sai o Maan Street Near oHspitl exs erviceman colony PPune npe hMM 4113308,411038,PO-411038-88cce4,medium,True
SShop593 S esidency pOp Metr Stattion EX. SERRVICEMAN CCLOONY Puee Peeu Maharashrta 4101,411038,PO-411038-88cce4,high,True
nho948 SShreee Soc Statio Strete Behnidd School EEx. Serviceman Coloyn Punne 411108,411038,PO-411038-88cce4,medium,True
"Pll 685,, Bea Heightts,, mai laneee,, Behnnid BusStop,, E.x Servceman Coloony,, puue,, hh,, 14410338",411038,PO-411038-88cce4,high,True
"Rom 3031, Sai Ressiddenc, markt amr, Bhein dSchoo, x. seervicema ncolony, PPPnue, uuPnne, h",411038,PO-411038-88cce4,high,True
Plot 533 Apha Apartment behind metr statoin Ex. Sreiceman Colony pen Pu aharahstra 411038,411038,PO-411038-88cce4,medium,True
"Plot 590, Beta Apartments, Main Path, Behind Bus Stop, Ex. Serviceman Colony, Pune, Pune, Maharashtra, 411038",411038,PO-411038-88cce4,clean,False
"flat  no 431, Alpa Society, Markket Street, ehind temple, Ex. Serviceman Coolny, punee, Puune, 4111038",411038,PO-411038-88cce4,low,True
"HSOP 149, Saai Enclave, ain path, Nr PPark, ex. erviceman colony, PNUE, Puen, Maharahtra, 41138",411038,PO-411038-88cce4,low,True
"hn 86, ALPHA HEIGTS, Staation Path, OppMetro Station, Ex. Srviceman Colony, Pne, puune, h, 41138",411038,PO-411038-88cce4,low,True
Plto 391 ai Encave maket street Bside  Hospital Ex. Servicema Colonny pun uen m 41183,411038,PO-411038-88cce4,medium,True
"lPot 783, beta heigghts, Main Marrg, NEAR GGHORPADE PETH, Ex. Sevriceman Colony, Puen, Puune, 41038",411038,PO-411038-88cce4,low,True
Flat No   2117-AlphaResideeency-mian magg-Beside Bs Stop-EX. SEERVICEMAN CONLY-Puuenn-maharrashtrraa-11308,411038,PO-411038-88cce4,high,True
"hon2688, Saai Comlpx, ain sreeet, Opositee Pakr, Ex.S errvicemn Colony, nu, Maharashraa, 401388",411038,PO-411038-88cce4,high,True
roo 758 Alpph aEnclave Main Streret Near Dhanori. BO Ex. SServicceman Colony Pune Pen,411038,PO-411038-88cce4,medium,True
"House 21, Sai Heights, Market Lane, Near Bank, Ex. Serviceman Colony, Pune, Pune, Maharashtra, 411038",411038,PO-411038-88cce4,clean,False
Sho p88 Beta SSoicety nxt to pakr Ex. Serrviceman Coloony PPue ppunee 4113308,411038,PO-411038-88cce4,medium,True
"House 345, Sai Enclave, Market Path, Behind Park, Ex. Serviceman Colony, Pune, Pune, Maharashtra, 411038",411038,PO-411038-88cce4,clean,False
hno 62111 Sai Sociietyy Makert Path r Bnk Ex. Servicean Coolony Pu npe mahrashtar 410138,411038,PO-411038-88cce4,medium,True
huose 788 Shrree Residenncy Link  Mrg BEESSIDE HOSPITAL Ex. eSrvicman Colony unee Mhhh 41110388,411038,PO-411038-88cce4,medium,True
"Rooom2 001, tea So, Markket argg, nxet tto sschool, ex. serviicemman coloyn, pneeu, uP, h, 4111008",411038,PO-411038-88cce4,high,True
"romo 47, lApha Complex, Market Sreet, besid park, Ex. Serviiceman Colony, PUNEE, Puen, 41138",411038,PO-411038-88cce4,low,True
Plot4  13 Bea Sooc SSTATIOON MARG Op pBankk ex. servceman ccolony Peu uune 41100338,411038,PO-411038-88cce4,medium,True
"hno 75, Beta Hights, Near Baank, Exx. Serviceman Colony, Pne, 4110388",411038,PO-411038-88cce4,low,True
"Plot 529, Sai Heights, Link Road, Beside School, Ex. Serviceman Colony, Pune, Pune, Maharashtra, 411038",411038,PO-411038-88cce4,clean,False
"Flat o 413, alhpa complex, next to par, Ex. Servceman Colony, Punne, pne, MMh, 4411038",411038,PO-411038-88cce4,low,True
"shop690, beta heightts, tSation Rd, near  metro station, Ex. erviceman Colony, punee, aMharashtra, 11038",411038,PO-411038-88cce4,low,True
"House 49, Shree Society, Market Road, Next to Hospital, Ex. Serviceman Colony, Pune, Pune, Maharashtra, 411038",411038,PO-411038-88cce4,clean,False
Rom9 9 Sai Rsiedncy MMarket oRad Behind Metro Stttion xE. erviceman Colony nue pnu Mh 41318,411038,PO-411038-88cce4,medium,True
"house 633, shree encllave, STATINO STREET, Beside Hospiital, ex. serviceman colnoy, Pnue, une, h, 141038",411038,PO-411038-88cce4,low,True
"HNo 448, Alpha Enclave, Link Lane, Beside Bus Stop, Ex. Serviceman Colony, Pune, Pune, Maharashtra, 411038",411038,PO-411038-88cce4,clean,False
hno 297 Beta Artments MMain Pth Naer Govt. oPlytechnic Ex.  Seviceman Colony upe punn Maharrastra 4101338,411038,PO-411038-88cce4,medium,True
Sho p76 ShreeSco StatioS treet nnera pune Ex.  Serivceman Colony Pu puenn,411038,PO-411038-88cce4,medium,True
"Plot 908, Beta Complex, Link Marg, Opposite Bus Stop, Ex. Serviceman Colony, Pune, Pune, Maharashtra, 411038",411038,PO-411038-88cce4,clean,False
"Shop 384, Alpha Apartments, Link Road, Behind School, Ex. Serviceman Colony, Pune, Pune, Maharashtra, 411038",411038,PO-411038-88cce4,clean,False
"Shop 202, Beta Society, Market Road, Near Bus Stop, Ex. Serviceman Colony, Pune, Pune, Maharashtra, 411038",411038,PO-411038-88cce4,clean,False
"HNO4 97, Shree CComplex, Station arg, opposite shool, Ex. Servicmean Colony, une, une, mhh, 41038",411038,PO-411038-88cce4,low,True
Room8 6 Sre Residency ext to chool ex serviceman ccolony Pune Pen,411038,PO-411038-88cce4,medium,True
"HNo 21, Alpha Tower, Station Marg, Next to Metro Station, Ex. Serviceman Colony, Pune, Pune, Maharashtra, 411038",411038,PO-411038-88cce4,clean,False
"pot 702,, Shhree Rsdiency,, mn stree,, besid tempplee,, FFilm Isntitut,, uunee,, Pun,, MMaharahsttra",411004,PO-411004-8bba75,high,True
"House 257, Beta Residency, Main Lane, Near Sadashiv Peth, Film Institute, Pune, Pune, Maharashtra, 411004",411004,PO-411004-8bba75,clean,False
"house 376, alpha ecnlave, main ath, Near Metro Sattion, FilmI nstitute, pne, 4111004",411004,PO-411004-8bba75,low,True
hn 45 hhree Heights Lik ath besiied bank FlimInstitute Pune MAARSAHTRA 4110440,411004,PO-411004-8bba75,medium,True
Rom 26 eta oc Station Marrrg next too hospitl IML INSTITUTE upen Pnee M 411004,411004,PO-411004-8bba75,medium,True
sh p237 Alpha Compel Linnk Ptah OPP METRO STAIN iFlm Instiutte upen unne 411104,411004,PO-411004-8bba75,medium,True
hhn5o 69 Shree Hiihgts saattioon rd Benid Shool film ntitutte ePn nune Mahaahtar 411004,411004,PO-411004-8bba75,high,True
hno   38 Beeta Heighhts sttaio  road NNa rRange Hills FilInsitute un upnnne MM 4100004,411004,PO-411004-8bba75,high,True
"Flat No 91, Beta Residenccy, station mrg, beside metro staion, fim institute, Pue, uPne, aharashtra, 411040",411004,PO-411004-8bba75,low,True
"Flat No 699, Shree Heights, Main Path, Next to School, Film Institute, Pune, Pune, Maharashtra, 411004",411004,PO-411004-8bba75,clean,False
"House 764, Beta Enclave, Station Road, Near Khadki, Film Institute, Pune, Pune, Maharashtra, 411004",411004,PO-411004-8bba75,clean,False
Shpppo 82-BetR esidenccy-statoina mrg-Behindn  Bus Stop-Film IInsitutte-nPee-n-HAARASHTTRA-41100,411004,PO-411004-8bba75,high,True
Sho 21 SRE SOC rn etmple Film nIsttute uPe Pneu hMh 40104,411004,PO-411004-8bba75,medium,True
Rooom31-Alhpa Aparmennts-Statoin Pahh-near vimann gr-film inttuet-upnee-MHHAARSHTRA-1400,411004,PO-411004-8bba75,high,True
Fl No 110 alph socity Link Lnee Near DDr.B.A. Chwk filmm instittue Pune puuen Mharashtr 4110,411004,PO-411004-8bba75,medium,True
oom 361 APHA COMLE Stati oMrag Bihndd Bus Stop FFilm Isntitute ppnuee nue Maaharaashtr 4110104,411004,PO-411004-8bba75,high,True
hno  3811 Saii Resiidency linnk lae next to scohhol Film Insttiue peu pn 141004,411004,PO-411004-8bba75,medium,True
"Shop 693, Shree Residency, Main Path, Next to Metro Station, Film Institute, Pune, Pune, Maharashtra, 411004",411004,PO-411004-8bba75,clean,False
HNNO 8664 sai ressiidency Maini Rd Opposit oHspital Film Institute uPnne Pneu 4101004,411004,PO-411004-8bba75,medium,True
"Room 786, Beta Complex, Main Marg, Opposite Temple, Film Institute, Pune, Pune, Maharashtra, 411004",411004,PO-411004-8bba75,clean,False
HNOOO 502 Beet Comlex staton  arg NrM undhvaa .BO Fiilm Inttiute PPUNEN h 41110044,411004,PO-411004-8bba75,high,True
"room 67, Bea Soc, Near Bak, Flm Institute, puen, Pun, Mhh, 4110004",411004,PO-411004-8bba75,low,True
"Romo 169, Sai Compplex, LinkRd, eNar Hospital, Film Insitute, PNUE, Puen, hm",411004,PO-411004-8bba75,low,True
"Plot 880, Shree Enclave, Main Marg, Near Hospital, Film Institute, Pune, Pune, Maharashtra, 411004",411004,PO-411004-8bba75,clean,False
"Pllot 702, shrree heights, STATON MARG, behind ark, Film Intitute, Puen, pne, maharahstra, 4111004",411004,PO-411004-8bba75,low,True
"Flatt No 49, SSai Apartmetss, inkd , Nr Armametn, Flim nIstitue, nuue, Pnue, MAHARSSAHTRA, 4101044",411004,PO-411004-8bba75,high,True
"room 4428, SAI APARTMETNS, Marekt Path, near gonhdale ngr, Film Intsitute, Pue, 4110004",411004,PO-411004-8bba75,low,True
ous4 4-Beeeta Enclavee-Markket  treet-NarTempe-Fim Inttsitute-Puunnne-MMhhh-411004,411004,PO-411004-8bba75,high,True
"Flat No 8812, Beta Coplex, arket street, Beehind Park, ilm Institute, ppune, upne, 41104",411004,PO-411004-8bba75,low,True
Hoes 217 sai enclvaae Maintreet NERA HOSPITLA Film IInsitute punn unee Maharashtrrra 411004,411004,PO-411004-8bba75,medium,True
Romo5 89 lpha aparttments an Rd Ne aPark Fim nstitute Pune Pune hMM 141004,411004,PO-411004-8bba75,medium,True
ohp 86 Sa Residenny Linkaen Opp MetroSttatiion film insttute pneee pne mhrashra 4110004,411004,PO-411004-8bba75,high,True
"Room 4557, Shree Heighs, ain Lane, nr metro staion, film isntitute, pue, Punee, hm, 411004",411004,PO-411004-8bba75,low,True
Roo m541 lApha Sc maiin ath bsiide bus stop Fim nstitute Punnne Pune mahrashtra 44411004,411004,PO-411004-8bba75,medium,True
flatt no7 65 Shrhee Heights Maain d nextt to tmple Film Isittute Pen pnu ahaarashtra 411044,411004,PO-411004-8bba75,medium,True
Room55 Shree Heiigghts maimarg Besidde Scchool Film Intstiute ppunee MH,411004,PO-411004-8bba75,medium,True
"HNo 661, Beta Society, Station Road, Opposite Hospital, Film Institute, Pune, Pune, Maharashtra, 411004",411004,PO-411004-8bba75,clean,False
"House 298, Shree Enclave, Market Street, Opposite Metro Station, Film Institute, Pune, Pune, Maharashtra, 411004",411004,PO-411004-8bba75,clean,False
"Room 881, Beta Society, Market Marg, Behind Bus Stop, Film Institute, Pune, Pune, Maharashtra, 411004",411004,PO-411004-8bba75,clean,False
hnnoo181 Beta Towre maret  orad Bseide B Stop Film Innsttue uupen pnee m 4114,411004,PO-411004-8bba75,high,True
"houe 62,, Bea Rsidenc,, Statiio Mrag,, eeBhidn Park,, film isnsttiute,, up,, upe,, 44110004",411004,PO-411004-8bba75,high,True
Shopp 193 shere  tower AMRKET DR eBisde Bus Stop iflm instiitute unne un mahaarshra 410044,411004,PO-411004-8bba75,medium,True
Pol t197 shreeenclaev Makret MMarg behindd templle Gneshkhhind Pune Punn MAHAARSHRTA,411007,PO-411007-b11c7b,medium,True
Flta oN 857 Alpha Appartmenst lik nmarg bheid park Ganeshhnd nue Maaharasthra 411107,411007,PO-411007-b11c7b,medium,True
"Shpo 978, Apha Apartments, StationPath, nex tto park, ganeshkhnid, pnue, punne, mhh, 4111007",411007,PO-411007-b11c7b,low,True
"oom 376, shreeresidency, main apth, Behind Bannk, ganeeshkhind, puen, Pne, MMH, 411070",411007,PO-411007-b11c7b,low,True
"Flat Noo 626, aSi Apartments, near paark, Ganeshkhid, PUNEE, Maharasthra",411007,PO-411007-b11c7b,low,True
"Ploot 224, lapha enclave, station treet, next to bankk, Ganeshkhin, Punne, Puen, 41107",411007,PO-411007-b11c7b,low,True
"Flllta No 916, hshree cmplex, makreta lne, Bsid Hospitl, AGNESSHKHHIND, Puen, en, Mhaarashtra",411007,PO-411007-b11c7b,high,True
Rooom  15-ShreeHeightts-ehin dSchoool-GAAANESHKHIIND-Puunne-PuPn-Mahharasshta-411000007,411007,PO-411007-b11c7b,high,True
RRoom 715 SaiA parments staion paht beside temp Ganneshhind pnu pune Maarashrta 114007,411007,PO-411007-b11c7b,medium,True
"houe 527, SHREE SCOIETY, Liink Path, near dahnkawadi, Ganeshkhindd, Pne, Puen, Maharashrta, 4110007",411007,PO-411007-b11c7b,low,True
Pt7 73-betat eor-satttion  path-ext o park-gaaneshkkhind-PUUEE-pupen-110700,411007,PO-411007-b11c7b,high,True
"lto112, Beeet Soc, amrket lane, behin shol, Gahkhind, ppne, Pnnu, Maaharashtra",411007,PO-411007-b11c7b,high,True
hhousse 816 shee  apartments Linn Street Behnd Metro  Station ngeshkhind PPuen Maharasrta 44110077,411007,PO-411007-b11c7b,medium,True
"Flta No 372, Srhee Soc, Opposite BBus Stop, Ganeshkhnid, uPne, puen, mmh, 411007",411007,PO-411007-b11c7b,low,True
"Plot 410, Beta Apartments, Market Road, Beside Hospital, Ganeshkhind, Pune, Pune, Maharashtra, 411007",411007,PO-411007-b11c7b,clean,False
"Plot  145, SSai Residency, LLink Lane, Behind Hosital, ganeshkhnd, puune, Mahaashtra, 411007",411007,PO-411007-b11c7b,low,True
hoon 613 Shre Tower Mainn Lae nxt t park GANESHKND pu peu MM 40107,411007,PO-411007-b11c7b,medium,True
Hos 679 shree  eenclave LINK RSEET beihnd  bank gneshkihnd Pnu mh 14107,411007,PO-411007-b11c7b,medium,True
"flat no 512, Shree Residency, min marg, near n.d.a. khadakasla, gganeshkhind, upne, 4111007",411007,PO-411007-b11c7b,low,True
"Roo m575, shre eenclave, Station Magr, next tom etro station, GNESHKHIND, pue, une, Maharaashtra, 4411007",411007,PO-411007-b11c7b,low,True
"House 87, Shree Residency, Link Path, Beside School, Ganeshkhind, Pune, Pune, Maharashtra, 411007",411007,PO-411007-b11c7b,clean,False
Flat oN  987 SrheeT oweer Sttation Pat behind metro sstttation Ganeskhhinn Pn Pnue 41070,411007,PO-411007-b11c7b,high,True
"Flat No 641, Alpha Complex, Link Lane, Behind Hospital, Ganeshkhind, Pune, Pune, Maharashtra, 411007",411007,PO-411007-b11c7b,clean,False
Huose3 29 Alpha Resdinecy Opposit eHospitla ganehskhnd nue ppunee M,411007,PO-411007-b11c7b,medium,True
HOUSE  24 beta otwe MARKETS TTREET Behind  Meto Station GANESEHKHIND uPen punn 4110077,411007,PO-411007-b11c7b,medium,True
hn o888 sai esidnecy aMrket ath POP MTRO STATION ganeskhnid Puue uPnne 411100,411007,PO-411007-b11c7b,medium,True
oromm 9888-ai CComlpex-Stiton Mar-NEXTT TO BUS SOTP-GGneshkhnd-ppn-PUU-m-11100,411007,PO-411007-b11c7b,high,True
"Flatt No  170, SShreeEnclae, tSatooin Street, ehind us  Stop, Ganaehkhind, e, pupen, 411107",411007,PO-411007-b11c7b,high,True
"Flat No4 73, Beta Apartemnts, linnk marg, Behhind Bank, Gaenshkhind, upne, Punee",411007,PO-411007-b11c7b,low,True
PPlott 97 SaiEnclave Staton Lnae Opposie Scohol Geanshkhind pune uPnne maahaarshtra 4111070,411007,PO-411007-b11c7b,medium,True
house 1116 sree ehights Makert Path Near  Tempel ganneskhind pune unpe Maharshtra 4111007,411007,PO-411007-b11c7b,medium,True
"Shopp 164, Sai Aprtments, MAAIN ROAD, behiind temple, aGneshkhind, PUNNE, PNE, Maharahtra, 11007",411007,PO-411007-b11c7b,low,True
"Room 863, BBeta Heights, Opposite Temmple, Ganeskhind, Puune, Pne, Maharshtra, 41107",411007,PO-411007-b11c7b,low,True
Flat   No  972 Shree Soetyy next  to shoool Gashhkind np penu m 41100,411007,PO-411007-b11c7b,high,True
HHouse 7424-Sa Aparemnts-Lnnik Margg-oppp meetroo station-Ganesshkhiddn-nu-Pu-Mhaarahrta-41170,411007,PO-411007-b11c7b,high,True
fatl no 727 Shree Enclaaave Maerkt Street Naer Hadpsar I.E.. gannneshkhind uPnne puun Mahaarasshtra 4110007,411007,PO-411007-b11c7b,medium,True
flat no 683 srhe complex Markkte Marg Opp Metro Staotin anehkhind pnnue Pueen aMharashhtra 14007,411007,PO-411007-b11c7b,medium,True
Soh p755 Shreee AApartments Station SStrreet NNear Park gannesshkhind pen h 410007,411007,PO-411007-b11c7b,medium,True
Sho  166 lApha Enlave Statino Lne Near  Bannk ganehskind Pune Pnuee 411070,411007,PO-411007-b11c7b,medium,True
Flat No6444 beaa soc markt ath nex o temple ganeshhnd ue ppuen Mhhh 411007,411007,PO-411007-b11c7b,medium,True
"Roomm 168, Sai Heightss, bheind temple, aGneshkhind, pun, Maharashtr, 4111007",411007,PO-411007-b11c7b,low,True
"Room58, shree complx, main  lane, Beind Hospital, Gaenshkhind, Punne, Pun, 411007",411007,PO-411007-b11c7b,low,True
"Plot 153, Beta Residency, Link Road, Next to Metro Station, Ghorpade Peth, Pune, Pune, Maharashtra, 411042",411042,PO-411042-d585ad,clean,False
RRooom 901 Shere Socc Linkk Laen Behinnd Bs Stop Ghorpade Peeh pe Pnnue 111042,411042,PO-411042-d585ad,medium,True
"Room 151, Beta Society, Main Road, Opposite Bank, Ghorpade Peth, Pune, Pune, Maharashtra, 411042",411042,PO-411042-d585ad,clean,False
"Plot 645, Shere Complex, beside ubs stop, ghorade peth, Pnue, 4110442",411042,PO-411042-d585ad,low,True
"Huse 776, EBTA COMPLEX, stationn path, Oppsoite Bank, Ghorpaade Peth, uPne, pue, 411042",411042,PO-411042-d585ad,low,True
ousee 529 alpha aartmnets SStatio nStreet OppTempple Ghorpad eth unee unPe MMh 411044,411042,PO-411042-d585ad,medium,True
"RRomo 79, AlhhaH eights, makket amrg, NrN Tmple, GHOAD PETH, Pun, PPunne, Marhaashttra, 41110224",411042,PO-411042-d585ad,high,True
"Room 220, Alpha Enclave, Station Road, Next to Hospital, Ghorpade Peth, Pune, Pune, Maharashtra, 411042",411042,PO-411042-d585ad,clean,False
"Houes 724, Sai Enclaev, Main Lan, next to ttemple, Ghorpade  Peth, punee, Puune, MMaharashtra",411042,PO-411042-d585ad,low,True
OROM2 14 alpha cplexx Market  Laanne NEX TTO ETRO STATIN Ghorpda ePth uuPn pueene 1140422,411042,PO-411042-d585ad,high,True
lo 078 Alpha pAratmens in Rdd Behin Bus tSop ghorade teh puneeee Pnnne hM 411402,411042,PO-411042-d585ad,high,True
"Flat No 857, Sai Society, Link Marg, Opposite Bank, Ghorpade Peth, Pune, Pune, Maharashtra, 411042",411042,PO-411042-d585ad,clean,False
"Room 553, Beta Enclave, Main Lane, Opposite Bus Stop, Ghorpade Peth, Pune, Pune, Maharashtra, 411042",411042,PO-411042-d585ad,clean,False
Roo m20 Shre eSociet Link Lanne Beside Metro Saton Ghrpade Peht Punn uune aMharashhtra 44411042,411042,PO-411042-d585ad,medium,True
"Flat No 181, Shree Complex, Link Marg, Opposite Bank, Ghorpade Peth, Pune, Pune, Maharashtra, 411042",411042,PO-411042-d585ad,clean,False
"Houe 445, Alppha Complex, Mian Rd, opptemple, Ghhorpade Peth, ppune, Pun, maharashra, 141042",411042,PO-411042-d585ad,low,True
HUSSE 52 lApha Heightts Maret  Street Nar Metro Sttion GHORRPADE PTH uPe Pnuee hMh 1441042,411042,PO-411042-d585ad,medium,True
Plo173 Alpha Apartmeens statins treet net t oschool horpade Pethh Pune ppue h,411042,PO-411042-d585ad,medium,True
Huse  257 alphha residncy Liknn Path nr hspiital ghorrpade peeth unne Mhrashtra 411042,411042,PO-411042-d585ad,medium,True
Flat No 5555 SaiTowe Station   Marg OOpp Hoospital Ghorpade  Pethh pnuee punnee M 41111042,411042,PO-411042-d585ad,medium,True
"hno 302, Alpha Rseidency, Statioon Marg, BehindB ank, ghorpade  peth, pnue, puune, maharahtra, 411402",411042,PO-411042-d585ad,low,True
"Shopp 949, beeta tower, Mani Marg, Beside Hospita, Ghoorpade Peth, Pun, Pun, hm, 4411042",411042,PO-411042-d585ad,low,True
"Flat No 211, Sai Heights, Market Marg, Near Parvati, Ghorpade Peth, Pune, Pune, Maharashtra, 411042",411042,PO-411042-d585ad,clean,False
"Room 735, Beta Tower, Market Street, Behind Park, Ghorpade Peth, Pune, Pune, Maharashtra, 411042",411042,PO-411042-d585ad,clean,False
Pl 997 Beta Hegiths nr sihavne b.o gghoprade peth pune m,411042,PO-411042-d585ad,medium,True
"HNo 304, Shree Society, Station Path, Near School, Ghorpade Peth, Pune, Pune, Maharashtra, 411042",411042,PO-411042-d585ad,clean,False
PPloot 561 Sai Copmex Maiin Lan opposite tmeplle Ghropadde Peth Puene pupne Maaharashta 411042,411042,PO-411042-d585ad,medium,True
FlatN o 866 Shree Tower TATION STRREET NEXT TO BSU STTOP hGorapde Peth upe Pue Maharahtrra 410124,411042,PO-411042-d585ad,medium,True
"Flat No4 72, Sai Height, Mainn Street, Besiide Bank, Ghorpade Peeth, Pnue, PNUE, hM, 411402",411042,PO-411042-d585ad,low,True
"Houe 352, Betta Soc, lnik marg, Behid Park, Ghoprade Peth, PUE, pne, aMharashtra, 410142",411042,PO-411042-d585ad,low,True
Flat  N 373 shreee heghts net to ark Ghorpdee Peth PPne uPen 4114,411042,PO-411042-d585ad,medium,True
ho 728 Sai  RResidency manin marg Beside Tpele Grhpade Peth pen PU 411042,411042,PO-411042-d585ad,medium,True
Pot 355 Alpha eHihgtts MMARK TPATH enxt to hospital Ghhorpadee Peeth UENN 410224,411042,PO-411042-d585ad,high,True
lo 520 Btea Socety Main Strreet BESIIDES CHOOL Ghropadee Peth puune Pne 11042,411042,PO-411042-d585ad,medium,True
"Flat No 62,, Sai  Encalve,, Markte nae,, NNear Sasnenagra,, Gorpade PPet,, Puene,, PUUE,, hh,, 1102",411042,PO-411042-d585ad,high,True
"Pot 703,, saii esdency,, link korad,, enxt to  teemple,, Ghoarde Peh,, Peu,, maahrashtraaa,, 0142",411042,PO-411042-d585ad,high,True
"Shop 594, Shree Complex, Link Lane, Next to Temple, Ghorpade Peth, Pune, Pune, Maharashtra, 411042",411042,PO-411042-d585ad,clean,False
NHO 9551-asie  nclave-next too hhospitall-hoGrpdae Peth-Peu-MMM-44111402,411042,PO-411042-d585ad,high,True
shop 329-bea apartemntts-beesie bnk-Ghorpda Pethh-PPneu-nu-Mahrastha-40142,411042,PO-411042-d585ad,high,True
"Plot 8867, BetaC omplex, Mai nStreet, nextt o park, Ghorpade eth, Puune, PPune, h, 4111042",411042,PO-411042-d585ad,low,True
hon8 7 aplha comlex MarketP tah Beeside Hospitaal Ghopade Peeth nue Punnee Maarasthra 11402,411042,PO-411042-d585ad,medium,True
"flat  no 172, beeta soc, Station Pah, next to metr station, Ghropade Peth, Punee, maharsahtra, 141042",411042,PO-411042-d585ad,low,True
FlaatN o 275 Alpha ommplex Staton Margg next ot buus stop ghoruprri bazar uune 41001,411001,PO-411001-52fd42,medium,True
nno 91 Sai eeHighs ain LLnae next toopar ghoruprii baar Pen Pen 4100011,411001,PO-411001-52fd42,high,True
"Plot 548, Alpha Apartments, Market Path, Near Bank, Ghorpuri Bazar, Pune, Pune, Maharashtra, 411001",411001,PO-411001-52fd42,clean,False
Po75 saai copmelx staation pathh nxett o school hGorpuri  azar uune Puunn Mhaarashta,411001,PO-411001-52fd42,high,True
ROOM519 Bett aResidency Main  Lne n rhadapar Ghorpuri Bazar Puuen uen maharasstra 1001,411001,PO-411001-52fd42,medium,True
Room 11111 BTETA HEIGHTS Maain Roadd nr meetro statioon GHORRPURII BAZAR uPe M 4100101,411001,PO-411001-52fd42,medium,True
"PLOT5 14, Alphha Enclave, Station Margg, BESIED HOSPITAL, ghorpuri bazarr, Pne, punee, h",411001,PO-411001-52fd42,low,True
oHse 9918-Saai Aparttments-aaMrket Margg-BesdieT empple-GhorpuriBazar-PPnuue-Pun-411001,411001,PO-411001-52fd42,high,True
hno 722-beta ocmplxxe-rn nanapp eth-ghooprrui bazar-une-unP-h-441111001,411001,PO-411001-52fd42,high,True
"Plot 747, Sai Heights, Market Street, Opposite Temple, Ghorpuri Bazar, Pune, Pune, Maharashtra, 411001",411001,PO-411001-52fd42,clean,False
"House 837, Beta Apartments, Link Road, Behind Metro Station, Ghorpuri Bazar, Pune, Pune, Maharashtra, 411001",411001,PO-411001-52fd42,clean,False
houese 769 Alphh Sooc TSTAION LAE Behind Hsopital ghropuri bazar un 140011,411001,PO-411001-52fd42,high,True
"Houe 9,, Sa Rseidency,, Maret MaMrg,, nerra baank,, GGohrpuri Bzaar,, PPPunne,, Mhhh",411001,PO-411001-52fd42,high,True
"Shop 530, Alpha Society, Link Lane, Behind Hospital, Ghorpuri Bazar, Pune, Pune, Maharashtra, 411001",411001,PO-411001-52fd42,clean,False
"Shop  855, Beta Towerr, Market  Street, Opposite eTmple, GHORPRUI BAZAR, pun, Pue, mahaarshtra, 4111001",411001,PO-411001-52fd42,low,True
"Room 576, eBta Tower, NEX TTO TEMPLE, ghorppuri bazar, Pue, pne, 41001",411001,PO-411001-52fd42,low,True
houuse 785 shree society LinkRd Behidn Metro Sttaion ghopui bazar Punn upnee Maahrashrta 4101,411001,PO-411001-52fd42,medium,True
"hSop 300, Shreee Heights, lnk marg, Behind Scchool, Ghorpur iBazar, PPune, Pun",411001,PO-411001-52fd42,low,True
"Shop 796, Sai Apartments, Link Lane, Near Dasve Lavasa, Ghorpuri Bazar, Pune, Pune, Maharashtra, 411001",411001,PO-411001-52fd42,clean,False
"shop 22, beta toweer, Min Lane, OP SCHOOL, Ghoruri Bazar, Puune, Pne, h",411001,PO-411001-52fd42,low,True
hon786 Beta Aaprtmens beisde ohspital ghopurib azar Pen pnuee MM 410001,411001,PO-411001-52fd42,medium,True
Plot2 43 sai encclae Link Road BseideBank Ghrpuri Bazaar Puuen unpe 41101,411001,PO-411001-52fd42,medium,True
hno1 244 Beta Aparmetns Markte Steret enx to park Ghoppruri Bazar PPun PNNE 41100011,411001,PO-411001-52fd42,medium,True
"Plot 146, Sai Tower, Market Marg, Opposite Bank, Ghorpuri Bazar, Pune, Pune, Maharashtra, 411001",411001,PO-411001-52fd42,clean,False
Flaat No 36 Allpha Residecy Link Strtee Behind Pkr Ghorpuri Baaar Pnne Mh 1001,411001,PO-411001-52fd42,medium,True
SShop 2011 ShreeA partmeents r Moarve GGohrpuri Bazar pe unee Maharathra 410110,411001,PO-411001-52fd42,medium,True
"Room 1180, Alha Heights, tation Road, ext to hospital, ghorpur bazar, Puune, Pue, Mhh",411001,PO-411001-52fd42,low,True
"Room 862, Shree Heights, Market Marg, Next to Hospital, Ghorpuri Bazar, Pune, Pune, Maharashtra, 411001",411001,PO-411001-52fd42,clean,False
"sph 698,, hsreeeapartments,, Beid Bus Sttop,, GGHORUPRI BAZR,, nuue,, Pu,, MM",411001,PO-411001-52fd42,high,True
House 693 SAI HEIGHSST Link Roadd Opposite us Stop Ghhorpuri aBzar PPun nue maharsahta 41100001,411001,PO-411001-52fd42,medium,True
"Room 712, Alpha Apartments, Link Street, Opposite Metro Station, Ghorpuri Bazar, Pune, Pune, Maharashtra, 411001",411001,PO-411001-52fd42,clean,False
"HNo 583, Alpha Residency, Market Lane, Opposite Park, Ghorpuri Bazar, Pune, Pune, Maharashtra, 411001",411001,PO-411001-52fd42,clean,False
ohu se927-beta occiiety-Statitonn Lane-pO park-Gopuri Bazra-npu-uPenn-aharashstra-1410011,411001,PO-411001-52fd42,high,True
"FFlat No 877, SAII APARMTENTTS, lik nmagr, neear pashaneb o., Ghopur iaBzar, une, Pun, h, 41100",411001,PO-411001-52fd42,high,True
"hno5 43, Shree Rsidency, Market PPath, Bheind School, Ghoorpuri Bazar, ppune, hM, 4110001",411001,PO-411001-52fd42,low,True
HHouse 899 Shree Heeeights Main  Patth behindb us stp Ghorpuri zaar pnnue PPune m 4111001,411001,PO-411001-52fd42,medium,True
Pto 460 Sai Twoerr NNEXT TO TEMPLLE ghrpur ibazar uPen Puue 11001,411001,PO-411001-52fd42,medium,True
"Flat No 6955, Sai HHeights, market apth, nr bahvani peth, Ghoorpuri Bazar, PNUE, uPne, MMh, 411001",411001,PO-411001-52fd42,low,True
"House 374, Beta Residency, Main Lane, Next to Bank, Ghorpuri Bazar, Pune, Pune, Maharashtra, 411001",411001,PO-411001-52fd42,clean,False
h o542 Beeta Heihts MRAKET MARRG Bseide SSchool Ghorpurii Baazr puuune ppun Mahaahstra 4110011,411001,PO-411001-52fd42,medium,True
Hous e684 Shrrree Heights marktep ath Beside Mettro Statio ghorpur ibazarr un uune Mahaashtra 41101,411001,PO-411001-52fd42,medium,True
plo t14 ai resdency NN Shivane B.O Ghorprui Baar Puenn 4111,411001,PO-411001-52fd42,medium,True
hno  5005 beat encllave Beihnd Bus Stp Gondhal Naagar PPUUNE PPuen 411028,411028,PO-411028-4e7d92,medium,True
"hno 174, SHREE APARTMENNTS, aMrket Path, NNear Kondhwa Lh B.O, GONDHAL NAGAR, Pun, 4111028",411028,PO-411028-4e7d92,low,True
"HN O504, AAlpha Heights, Market Streett, opp metro sttation, GONDHLAE NAGAR, une, Punee, MMh, 4111028",411028,PO-411028-4e7d92,low,True
"Shop 928, Saii Enclave, next to tmple, Gondhale Nr, Punee, Pue, 411208",411028,PO-411028-4e7d92,low,True
Flat  No324 Btea Residecy Liink Lan Bside  Hospital onndhale Nagar Puene 41128,411028,PO-411028-4e7d92,medium,True
"oRom50,, Beta  Resiidnecy,, Maret aLnne,, near ssool,, Gondhale gr,, ppune,, PuPen,, Maharrahstraa,, 41102",411028,PO-411028-4e7d92,high,True
house  8880 ALPH AOCIETY rrN Bank Gondhale gar pnnue pune Maharashtra 141028,411028,PO-411028-4e7d92,medium,True
"Room 460, Sai Apartments, Market Marg, Near Park, Gondhale Nagar, Pune, Pune, Maharashtra, 411028",411028,PO-411028-4e7d92,clean,False
"Shop 390, beat soc, Main RRd, poposite park, Gondhale Ng, Punne, PUEN, M, 410128",411028,PO-411028-4e7d92,low,True
shopp 55 Shhree Compllexx man lnae behidn bs top Gondhale  aagr Pnue uPe hh 40182,411028,PO-411028-4e7d92,high,True
"Houe 543, Alpha Enclvae, STATIO MARG, ner bank, Gondhale gNr, uPne, PUNEE",411028,PO-411028-4e7d92,low,True
hno 183 Alp haSo amrket street NNaer PParvati GondhaN gr ue eun 41102228,411028,PO-411028-4e7d92,high,True
shop89777-shhrre soc-Station Street-rNS cohol-GGodnhalle Nagar-pnne-uPe-M-411022,411028,PO-411028-4e7d92,high,True
"shop 44, hree enclave, besidde school, godhale nagar, puune, hM, 4411028",411028,PO-411028-4e7d92,low,True
"Flat No 858, Shree Enclave, Station Road, Behind Bank, Gondhale Nagar, Pune, Pune, Maharashtra, 411028",411028,PO-411028-4e7d92,clean,False
"Shop 71, Shree Heights, Link Lane, Near Park, Gondhale Nagar, Pune, Pune, Maharashtra, 411028",411028,PO-411028-4e7d92,clean,False
"hn o603, Alpha Reisdency, ilnk path, next to schoo, Gondhal eNgr, Punee, Pne, Mahraashtra",411028,PO-411028-4e7d92,low,True
hous 792 Alhpa So eBside Hospita oGndhal eNagar uPe Pune h 410288,411028,PO-411028-4e7d92,medium,True
"Plot 813, Beta Heights, Link Street, Opposite School, Gondhale Nagar, Pune, Pune, Maharashtra, 411028",411028,PO-411028-4e7d92,clean,False
Soopp 115 BetaSoiceyt aMiinMarg OOpp  Hopsital GohaleNagar uPn PPueen 41110228,411028,PO-411028-4e7d92,high,True
Houes6833 lApha Heights Near Shiavjianagr GONNDDHLE NGR pnnu u Maahhrsahtra 1410282,411028,PO-411028-4e7d92,high,True
fllat no 66 shree ttoewr Link  Rooad Opposite Metro Station gondhla ngr Pueen npue Mahraahtra 4141028,411028,PO-411028-4e7d92,medium,True
"Sohp 807, Sai Enclav, MARKET PATTH, OppT emple, Gondhale agar, Pun, punne, Mahaashtra, 41028",411028,PO-411028-4e7d92,low,True
Plot 213 Shree Aparmtenst nik rd naer metro statin Gondhhale Ngr ne puunne mahaarashtra 41012,411028,PO-411028-4e7d92,medium,True
"SSSShop 170, Sai oSc, IN KPATTH, behinddhosital, Gondhal NNaar, nuPe, MM, 1411082",411028,PO-411028-4e7d92,high,True
"plot 1400, SaiC omplex, main paht, Bhind Temple, gondhal ngr, pue, Punne, 4111028",411028,PO-411028-4e7d92,low,True
"oHuse 651, BETA RESIDENCCY, main stree, Behid School, GGondhale Nagar, puune, MHH, 41028",411028,PO-411028-4e7d92,low,True
lat No 89 Beta EEnclvae link path Behind MMtro Station gondhale n pnne puun aahrashtra 4102,411028,PO-411028-4e7d92,medium,True
"Shpo 295, beta socieety, Main arg, behnid bank, gondhale nagaar, Puune, ppune, 411028",411028,PO-411028-4e7d92,low,True
"Shop 991, Beta Heights, Main Marg, Beside Temple, Gondhale Nagar, Pune, Pune, Maharashtra, 411028",411028,PO-411028-4e7d92,clean,False
"rooom0 8, Allpha Heights, arker d, Besidde Tepple, gondhal eanga, une, upne, mmm, 41280",411028,PO-411028-4e7d92,high,True
OUSE 8 eBta Comlpex maainmarg beside hhosital gondhae nnagar PE uen 4118,411028,PO-411028-4e7d92,medium,True
"HNo 509, Alpha Heights, Station Lane, Behind Bank, Gondhale Nagar, Pune, Pune, Maharashtra, 411028",411028,PO-411028-4e7d92,clean,False
"Room 62, Alpha Residency, Main Road, Opposite School, Gondhale Nagar, Pune, Pune, Maharashtra, 411028",411028,PO-411028-4e7d92,clean,False
"no 461, Alpha Ressidency, Marrket Rd, besidde metro station, ondhale Nagar, une, une, Maharashta, 4110228",411028,PO-411028-4e7d92,low,True
no 3394 Shee Socieyt innk marg Nr Khadki gondhae nrg pu Pune 1410228,411028,PO-411028-4e7d92,medium,True
rooom 6634-alphaa ressidecy-pOO Park-gonhlae gnr-ue-nne-MHH-44102,411028,PO-411028-4e7d92,high,True
"House 652, Sai Heights, Market Lane, Next to Hospital, Gondhale Nagar, Pune, Pune, Maharashtra, 411028",411028,PO-411028-4e7d92,clean,False
"hno 4455, Btea Apartments, Min Marg, eNar Bank, Gondhaale Ngr, Puen, M, 4411028",411028,PO-411028-4e7d92,low,True
"room 55,, bta rsiency,, Statio Path,, r Bnak,, Gnnodale Nagar,, UPEE,, PUENEE,, 1100028",411028,PO-411028-4e7d92,high,True
"Sop 103, ALPHA APARTMMENTS, Station treet, NearT emple, Gondhalee Ngr, puune, PPune, hm, 41102",411028,PO-411028-4e7d92,low,True
Plo 184 eBta Cmplex next ot schhool gondhal engar PPue Puuen 41180,411028,PO-411028-4e7d92,medium,True
"Room 706, Shree Enclave, Market Lane, Next to School, Govt. Polytechnic, Pune, Pune, Maharashtra, 411016",411016,PO-411016-2a04b4,clean,False
"Room 960, Alpha Complex, Market Lane, Beside Park, Govt. Polytechnic, Pune, Pune, Maharashtra, 411016",411016,PO-411016-2a04b4,clean,False
"Flat No  276, beta apartents, Linnk Road, OPPS CHOOL, Govt. Polytehcnic, uPne, pue, mmh, 4411016",411016,PO-411016-2a04b4,low,True
"House 1933, beta towr, Market Rad, BehindHospital, govt.p olytechnic, Punee, une, mhh, 41016",411016,PO-411016-2a04b4,low,True
hoouse9 37 beea apartments Marrket Mag rn hosptal Govt. olytecnhic pune 41111016,411016,PO-411016-2a04b4,medium,True
Hos 187 sai otwr Markt  tSreet OPHOSPITL Gotv. Poyltechinc pnue Puen hhh 11116,411016,PO-411016-2a04b4,high,True
Houseee 712 alpa towwer MMIAN MARG Behnid Bus Sto Govt. Pollytechniic pn Pune MhM 110166,411016,PO-411016-2a04b4,medium,True
HOUUES 798 Shreee Encave Link Rao BESIDE MERT STATION Govvt. PPolytechnic ppunee 41016,411016,PO-411016-2a04b4,medium,True
Room 551 SSaii Heights Stiaton Road Nr Ex. Serviceman lony Got.Polytechnic Pn uupne 10116,411016,PO-411016-2a04b4,medium,True
no 71 Srhee eights lnkp ath Nr Haadpasr Gvt. oPlytechnic upn Pune mh 411006,411016,PO-411016-2a04b4,medium,True
FLLAT N 984 Alpha Enclave NR NBAK govt. polytechin pune puun MMharashtra 4111,411016,PO-411016-2a04b4,medium,True
"houe 268,, Shhre Apaartments,, LIN KPH,, Besside  Tepmle,, ovt. poltechinc,, uneP,, 411111016",411016,PO-411016-2a04b4,high,True
"nno525, Saii Resdeency, ai n Street, beside metros tation, govt...polytechnic, Pun, 41166",411016,PO-411016-2a04b4,high,True
hno  60-Bta Ennlcave-Mrket Pahht-Beie Scchool-Gvt.. Polyytechnic-PPPune-Pnnu-Mhhaashtra-441116,411016,PO-411016-2a04b4,high,True
flta no166 Shree Resiedcy marrket stree eBhin dTemple govt. polyttechnnic Puunee ue hh 411016,411016,PO-411016-2a04b4,medium,True
hho 374 Shree Residdeency Stattion Pah beihnd hosptal Gov. Polytechnic pe PPunne 4101116,411016,PO-411016-2a04b4,medium,True
"hhouse 816, Shree Apartmentts, link mar, behin dhospital, Govt. Polytecnhic, Puen, PPune, amharashtra, 11016",411016,PO-411016-2a04b4,low,True
house 788 Alphaa Complxe marrkeet road nr anre dso pune ovt.Polytechnic UPUNE uPPne MM 10116,411016,PO-411016-2a04b4,medium,True
"LO T0,, here Enclavve,, Main   aLne,, Bseid eTemmple,, govt.p olyteecnic,, ue,, PPuenn,, mm,, 411101",411016,PO-411016-2a04b4,high,True
"rooom 275, Shree Appartments, Market Pat, Near Pune New aBzar, Govt. Polytechic, une, uPne, M, 411016",411016,PO-411016-2a04b4,low,True
"Flat No 79, Beta Society, Link Marg, Beside Temple, Govt. Polytechnic, Pune, Pune, Maharashtra, 411016",411016,PO-411016-2a04b4,clean,False
"Flat No 523, Alpha Apartments, Main Lane, Near Bhusari Colony, Govt. Polytechnic, Pune, Pune, Maharashtra, 411016",411016,PO-411016-2a04b4,clean,False
"huose 471, Shree Apartents, Statio nStreet, behhind temple, govt. polytchnic, Pne, uPne, Maharashhtra, 410116",411016,PO-411016-2a04b4,low,True
"Pllot 170, Bt Towre, bbehindb us stp, oGvt. PPolyetchnic, peen, unnne, m, 141066",411016,PO-411016-2a04b4,high,True
shop 769 Sai Comle Markkte Marg r Bus Stpo govt poltyechnic nue Pnne maharashtra 4110161,411016,PO-411016-2a04b4,medium,True
Room33 3 alh acomplxe Statoion  Marg nna school Gvot. oPltechnic nee pe h 441101166,411016,PO-411016-2a04b4,high,True
"Shop 573, Sai Apartments, Market Road, Next to Park, Govt. Polytechnic, Pune, Pune, Maharashtra, 411016",411016,PO-411016-2a04b4,clean,False
"Plot 830, Alpha Apartments, Station Lane, Near Bank, Govt. Polytechnic, Pune, Pune, Maharashtra, 411016",411016,PO-411016-2a04b4,clean,False
"ROOM 99664,, Allph Toer,, Mrkket Lne,, opp hospoital,, Govt. Polyetchhnc,, upnee,, upne,, maaharaashttra,, 4411016",411016,PO-411016-2a04b4,high,True
"HO 381, alpha apartmnts, aMin Street, Opposite eTmple, govt. polytehcnic, Puune, Punee, 11016",411016,PO-411016-2a04b4,low,True
"Flat No 687, Shree Society, Main Path, Beside School, Govt. Polytechnic, Pune, Pune, Maharashtra, 411016",411016,PO-411016-2a04b4,clean,False
"HNo 835, Shree Heights, Station Lane, Near Khadki Bazar, Govt. Polytechnic, Pune, Pune, Maharashtra, 411016",411016,PO-411016-2a04b4,clean,False
"House 171, Shree Tower, Main Path, Near Karvenagar, Govt. Polytechnic, Pune, Pune, Maharashtra, 411016",411016,PO-411016-2a04b4,clean,False
"Houes 835, Beta Towerr, Nea Bus Stop, Govt. Polytecnic, PUNNE, PUNNE, M, 41016",411016,PO-411016-2a04b4,low,True
"hon 243, Si Society, stattion street, Behind Hspital, Govt. oPlytechnic, UPNE, puune, MMh, 4110016",411016,PO-411016-2a04b4,low,True
"FLATT NO 524, Sai Enclae, aMin Lane, Behind Prak, GOVT. POLYTECHHNIC, puen, 4110016",411016,PO-411016-2a04b4,low,True
"Romo 622,, bbet aociety,, Mai nSStrreet,, opp sscohlo,, Gvot Polytchnic,, ppunnee,, Puunn,, 41011116",411016,PO-411016-2a04b4,high,True
sho p358 beta parrtments StationR ad Oppoitee Temple GVT. POLYTECCHNIC npue upen Maharasshtra 41106,411016,PO-411016-2a04b4,medium,True
Shoop 30 Alphha eHights LLLink Marg N rBakn goovt. polytecnic upe puenn hhm 441016,411016,PO-411016-2a04b4,medium,True
hn 9999 Srhee Twoer StationPatth eBsideHospital Gotv. Polytecnhic NE PPun 4111106,411016,PO-411016-2a04b4,medium,True
"Shop 887, Sai Society, Market Road, Behind Bank, Govt. Polytechnic, Pune, Pune, Maharashtra, 411016",411016,PO-411016-2a04b4,clean,False
"hn o769, Alpha Apartmeents, Staton Path, opp par, govt. polytechnnic, Pun, PPune, h, 41016",411016,PO-411016-2a04b4,low,True
"hon  51, alphare sidenncy, next to opitaal, Guuwar Peth, Punneee, Puennn, Mahhaarashttra, 4114022",411042,PO-411042-0f417d,high,True
"hop 871, Shree  Tower, LinkRoad, Beside Bus Sto, guurwar peth, punne, Pun, Maharrashtra, 410142",411042,PO-411042-0f417d,low,True
"oHuse 186, Shree Coomplex, Man Lane, next to bus tsop, Guruwarr Peth, punne, Pue, maharasthra, 41102",411042,PO-411042-0f417d,low,True
"Flat No 338, Shree Tower, Main Lane, Opposite Hospital, Guruwar Peth, Pune, Pune, Maharashtra, 411042",411042,PO-411042-0f417d,clean,False
"HNo 173, Sai Tower, Link Lane, Beside School, Guruwar Peth, Pune, Pune, Maharashtra, 411042",411042,PO-411042-0f417d,clean,False
"Flat No 39, hSree Enclave, statoin rd, next to paark, Guruwar Peht, Punne, pnue, h, 11042",411042,PO-411042-0f417d,low,True
"Flta No 522, Shree Enclave, Behind Scholo, guuruwar peth, pnue, upne, MAAHARASHTRA",411042,PO-411042-0f417d,low,True
Shhp 7779 Saai TToweer near rane ihlls Gruuar Pethh nPuee pnneu hhmm 41042,411042,PO-411042-0f417d,high,True
Roo mm467 SaiE cnlave Stiaon Lane nrr abnk Guruwarr  Peth uune Puuune M 410422,411042,PO-411042-0f417d,medium,True
"Plot 767, Sai Enclave, Link Street, Next to School, Guruwar Peth, Pune, Pune, Maharashtra, 411042",411042,PO-411042-0f417d,clean,False
"Plot 14, Beta Enclave, Station Path, Next to Bus Stop, Guruwar Peth, Pune, Pune, Maharashtra, 411042",411042,PO-411042-0f417d,clean,False
Hoos e922 Shre Enlcvae besdie hspiital gurruwarp eh une Pnue MMM 4111044,411042,PO-411042-0f417d,high,True
"Shop 18, Sai Tower, Station Street, Behind Bus Stop, Guruwar Peth, Pune, Pune, Maharashtra, 411042",411042,PO-411042-0f417d,clean,False
hno 773 sai  encclave linnk r Near Hopitaal Guruwa rePth PPnue npue Maharrashtrra 14142,411042,PO-411042-0f417d,medium,True
hous4 00 Sai Residennc mrket lae NrB Bank Guruwar PPeht pnu uen Maharahhtra 41024,411042,PO-411042-0f417d,medium,True
Pllo3t67 Betaa Rsidenyc marttk rd nrr manjari bk b. GGUUWAR PET unn PPunen Maharaahtar 4142,411042,PO-411042-0f417d,high,True
"room 79, Allpha Apartments, Market aLne, nr rashtra bhasha bhaavn, GURUWAR PET, Pun, Punee, 411042",411042,PO-411042-0f417d,low,True
FAT NO 90 SAI REESSIDENCY LINKK STERET nex  tto temple guruwrapeth PPuen maharasshrta 41110042,411042,PO-411042-0f417d,medium,True
OM 37-Alpah Enclvve-Mii nRd-NEARB USS TOPP-Guruwar   Pth-PPnune-nu-MM-1410224,411042,PO-411042-0f417d,high,True
"sho  62, Alpah Tweor, Behind MMettro Staton, GGGuruawr Peth, uune, unP, 1102",411042,PO-411042-0f417d,high,True
NHOO 65-I TOWRE-Mart RRoad-Bsied Temle-Gurwuarr Peh-upune-pun-MAHRASTHAR-11402,411042,PO-411042-0f417d,high,True
shoopp 540 Shre eCompelx Staiton  Lane BehindHspital gurrruwar peth Pen Puee hMh 410042,411042,PO-411042-0f417d,medium,True
"Room  252, aSi Tower, ARKET STREET, Near Guuwar Peth, Guruwar Pethh, Pun, mahaarshtra, 411024",411042,PO-411042-0f417d,low,True
"Plto 769, Sai Residenyc, StationPath, nnext to temple, guruwwar peth, puen, Puune, hm, 4111042",411042,PO-411042-0f417d,low,True
"room  87,, Sai omlpexx,, Mian oad,, Bheind Metor tation,, Guruwr  Petth,, Pne,, puune,, Maharsatraa,, 4410422",411042,PO-411042-0f417d,high,True
"Room 209, Beta Tower, Market Marg, Opposite Metro Station, Guruwar Peth, Pune, Pune, Maharashtra, 411042",411042,PO-411042-0f417d,clean,False
"Room 148, Alpha Residency, Market Road, Near Hospital, Guruwar Peth, Pune, Pune, Maharashtra, 411042",411042,PO-411042-0f417d,clean,False
"hn 203, beeta heights, Main tSreet, Beside Schoool, Guruwar ePth, Punee, pne, hM, 4110422",411042,PO-411042-0f417d,low,True
"Plo t902, Alpha Heiights, Main Pathh, next to metro sstation, Guruuwar Peth, Punne, upne, Maharrashtra, 41142",411042,PO-411042-0f417d,low,True
"Plot 463, Shree Apartments, Link Path, Beside Temple, Guruwar Peth, Pune, Pune, Maharashtra, 411042",411042,PO-411042-0f417d,clean,False
"House 993, Shree Apartments, Link Path, Opposite Metro Station, Guruwar Peth, Pune, Pune, Maharashtra, 411042",411042,PO-411042-0f417d,clean,False
"hhno 61, SaaiComple, Markt anne, oppostie hsoptial, ugruwar  epth, nPe, pe, hM, 11004",411042,PO-411042-0f417d,high,True
"Pltooo 49, Beeta Toeewr, Maaain Paath, Beehind Bus Stop, guruwar peeth, pnueu, NU, mm, 41112",411042,PO-411042-0f417d,high,True
hono 923 alpha rrseidency Bseidde Park GGuruwa rPeth Puuune nPue H,411042,PO-411042-0f417d,medium,True
"Sohp 607, Shree Heigths, Markeet Lane, near  airport pune so, Guruwar Peeth, une, pnue, 411024",411042,PO-411042-0f417d,low,True
hn64-SSI ENCALVE-Markeet Sttrete-eBhind PPark-guruwarr pe-un-ue-411014,411042,PO-411042-0f417d,high,True
ouHse 584 Shre Towwer Mani Lanne OppositeS  chool gruuwwar peth Puee Pune hhm 4100142,411042,PO-411042-0f417d,medium,True
"Flat No 336, Sai Apartments, Station Road, Behind School, Guruwar Peth, Pune, Pune, Maharashtra, 411042",411042,PO-411042-0f417d,clean,False
"Plot 708, sai twoer, Beside Hsopital, guruwwar peth, Punne, Mhaarashtra, 41104",411042,PO-411042-0f417d,low,True
House 202 Beta Aparrmtentts LinkkPtah nex tt hospital ugurwar pteh eu MHAARASHTRAA 41104222,411042,PO-411042-0f417d,high,True
"Sop 769, Beat Tower, Besde Bus Stop, gurwuar peth, puune, PNE, maharashtraa",411042,PO-411042-0f417d,low,True
"HNo 940, Shree Complex, Main Marg, Opposite Metro Station, Guruwar Peth, Pune, Pune, Maharashtra, 411042",411042,PO-411042-0f417d,clean,False
"FFLAT ON 465, ShreeE nnclaave, ppp School, h..e ffactory, uPn, h, 141030",411003,PO-411003-a4f0e2,high,True
Husse 12 Betta Aaprtment Mareek tPath ext to bus stoo h.e. affcory uneee PPne M,411003,PO-411003-a4f0e2,high,True
"Plot 74, Alpha Heights, Market Road, Near Park, H.E. Factory, Pune, Pune, Maharashtra, 411003",411003,PO-411003-a4f0e2,clean,False
"hno2 2, Shree TTower, link stret, oppsite park, H.E. actory, une, maharashtar, 41100",411003,PO-411003-a4f0e2,low,True
"hnoo 425, Alha Heights, StationRoad, nex tto hospital, h.e. faactory, une, upne, Maharashtraa, 4110003",411003,PO-411003-a4f0e2,low,True
"SSOP7 26, sai aprrrtments, LLinkP tah, Opposite Tempplle, h.e.f actyo, nu, Mahrashtraa, 1410003",411003,PO-411003-a4f0e2,high,True
Room   438 APLHASOC mmarketr oad Behiiind Hospital eh.. factory Pune Puun 410003,411003,PO-411003-a4f0e2,medium,True
roooom  444-is apartmments-LNIK TSRET-nearr wwarj-H.E. actoory-ue-ne-441111003,411003,PO-411003-a4f0e2,high,True
"lFat No 803, AlphaResidency, Stattion Street, behind bnak, h.e. facory, uPne, Punee, hm, 41103",411003,PO-411003-a4f0e2,low,True
"Plot 664, Shree Enclave, Link Street, Next to Metro Station, H.E. Factory, Pune, Pune, Maharashtra, 411003",411003,PO-411003-a4f0e2,clean,False
"oRm 799,, alphareisdecny,, ssation ath,, besidechol,, h.. factoryr,, puue,, pun",411003,PO-411003-a4f0e2,high,True
"Polt 656, Shree Comlpex, behind shcool, H.E. Fctory, PNUE, ppune, 11003",411003,PO-411003-a4f0e2,low,True
"hno417, Alpha  Heights, Behind Metro SStation, H.E. Factoy, PUUNE, une, Mahaashtra, 4111003",411003,PO-411003-a4f0e2,low,True
ohn 279 Allpha pAartments Man oRad BehindHoospital h.e. facttoory PUN Punne Maaharasthra 411003,411003,PO-411003-a4f0e2,medium,True
falt nno4 33 BatApartments markt path pp school h.e.a ctoryy EN 41111003,411003,PO-411003-a4f0e2,high,True
"Room 173, Alpha Enclave, Link Lane, Next to Metro Station, H.E. Factory, Pune, Pune, Maharashtra, 411003",411003,PO-411003-a4f0e2,clean,False
"Sohp 567, Sai Heightss, statoin rd, NrTemple, H.E.Factory, puen, pne, mmh, 411003",411003,PO-411003-a4f0e2,low,True
shhop 911-Alpa Towr-likn streeet-eBhid Bannk-H.E.. FCORY-puu-punne-4111003,411003,PO-411003-a4f0e2,high,True
"Hosue 707, Beta Aartments, LINK ARG, r Pune, h.e. facttory, upne, Mhh, 41103",411003,PO-411003-a4f0e2,low,True
"Flat No 274, ALPHA EENCLAVE, Stationn Road, NEAR PAARK, .E. Factory, Pun, Maharashhtra, 411030",411003,PO-411003-a4f0e2,low,True
room 80 alpha encavve maii road Near Bsu Stpo H..E Factroy PPuen Pne Maharashtra 411003,411003,PO-411003-a4f0e2,medium,True
"Room 2, beeta heights, main roaad, near idghi camp, H.E. Facttory, UPNE, punne, Mahraashtra, 141003",411003,PO-411003-a4f0e2,low,True
"oom 929, Shreee Heights, next to pak, H.E. Facctory, Punee, UPNE, 41003",411003,PO-411003-a4f0e2,low,True
"room 7745, alpha enclav, Likn Lane, OppositeH ospital, h.e. facory, Pue, 411003",411003,PO-411003-a4f0e2,low,True
Flat  No 408 Aphla  Soc Makrret Paht Beid eBs Stop H. .FATCORY ueP 4131,411003,PO-411003-a4f0e2,high,True
HoHuse 128 SSai Enlave Station LLae bhind templle h.e. faactoy Puun Pn 41103,411003,PO-411003-a4f0e2,medium,True
Fla o 188 etba tower Markket  Marg Behnid Bnak .HE. Fctory Pen Pe mmaahrashtra 14003,411003,PO-411003-a4f0e2,medium,True
"room 61, Sa Enclave, aMin Rd, nrr kondhwa bk b.o, h.e. faactory, Pne, Puen, 41003",411003,PO-411003-a4f0e2,low,True
"hose 88, Shree Sooc, Behind Hopsital, .E. Factory, Pun, ppune, Maharashtr, 4111003",411003,PO-411003-a4f0e2,low,True
"HNo 6, Alpha Apartments, Market Marg, Near School, H.E. Factory, Pune, Pune, Maharashtra, 411003",411003,PO-411003-a4f0e2,clean,False
"hhop 51, hree eRsiency, Maarket Lane, BESIDE HOPIPTAL, HH.E. Fatory, Pn, MMaharrrashtra",411003,PO-411003-a4f0e2,high,True
"Plot 394, Alpha Residency, Link Marg, Near S.P. College, H.E. Factory, Pune, Pune, Maharashtra, 411003",411003,PO-411003-a4f0e2,clean,False
"sho 775, alpha apartmeents, MAIN ARG, NEXT TO OSPITAL, H.. Factory, Pnue, Pun, 411003",411003,PO-411003-a4f0e2,low,True
"Room 98, Shree Society, Main Marg, Near Park, H.E. Factory, Pune, Pune, Maharashtra, 411003",411003,PO-411003-a4f0e2,clean,False
"hno353, Beta Reidency, ain Marg, nnear hospital, H.E. Factoyr, Pun, Puen, MAHARAHSTRA, 41103",411003,PO-411003-a4f0e2,low,True
"Rom 356, Shreee Society, Link Stret, Nrr Bus Stop, HH.E. Factory, Pne, uPne, Maarashtra, 11003",411003,PO-411003-a4f0e2,low,True
flatt n o994 Sai nnEclave Main Strete nxet to bannk H. .Factory npue Pu 4101033,411003,PO-411003-a4f0e2,medium,True
"Room 679, Shree Apartments, Link Road, Opposite Bank, H.E. Factory, Pune, Pune, Maharashtra, 411003",411003,PO-411003-a4f0e2,clean,False
Housse 8846 EBTASOC station  stret popp bank h.e. faccotry NPE PNEU Mh 411003,411003,PO-411003-a4f0e2,medium,True
"l o503,, Sai Reisdency,, Maai PPath,, nex to hspital,, H..EE.. Factory,, unPPe,, Punnn,, HAARAASHTRA,, 11030",411003,PO-411003-a4f0e2,high,True
Plo t30 Alpha Complllex ne to park HH.. Factory uPen uupne Mahhaarashtra 4411003,411003,PO-411003-a4f0e2,medium,True
"HNo 904, Sai Apartments, Main Marg, Beside Temple, H.E. Factory, Pune, Pune, Maharashtra, 411003",411003,PO-411003-a4f0e2,clean,False
"Rooom 95, Bta Soc, amin street, Behnd Park, Hadapssar, puen, Puen, Mhh, 411028",411028,PO-411028-bac7e5,low,True
Plo 66 Beta Encave Beehidn Hospital Hadpsaar pune Pueen Mahharrashtra 40128,411028,PO-411028-bac7e5,medium,True
"HNo 281, Shree Heights, Link Lane, Near Metro Station, Hadapsar, Pune, Pune, Maharashtra, 411028",411028,PO-411028-bac7e5,clean,False
no 16 laphaa society Link  Pah bessside school hdaapssar puneee Mhaarashta 411108,411028,PO-411028-bac7e5,medium,True
LOOT 745-Sai Socitey-Linn Pah-besid etemple-haddaps-eu-puune-mahhraashtraa,411028,PO-411028-bac7e5,high,True
Plottt 4 Sai Resindcy NR  C DA -O Haddasar uune Pne maahrahstra 44110288,411028,PO-411028-bac7e5,medium,True
"Plott5 7,, Aha esidency,, aMiin Rdd,, Opposit eShcool,, dapsarr,, npu,, Pnne,, M,, 411028",411028,PO-411028-bac7e5,high,True
"rooom8 3, SHREEE TORW, ln mag, RN  BUSS STOP, Haddaspr, Pnnee, Pnee, aMhaarstra, 411200",411028,PO-411028-bac7e5,high,True
llPot 75 Shree Apatremnts lnk  marg ESIDEE SCHOOL HHADAPPSAR PUEE hh 41208,411028,PO-411028-bac7e5,medium,True
Houseee 215 aS iTower linkamrg NrS hool haapsr Punnee Punen MMhh 4410128,411028,PO-411028-bac7e5,medium,True
House  374 Beta Twoerr Sttation Lan BEESIDE ANK Hadapsaa PPuune Pue 411082,411028,PO-411028-bac7e5,medium,True
Sho p2557 betae ncclave Sattion Mrag nera ank Haadpsar Pnu Pnuue Maahrashtar 11028,411028,PO-411028-bac7e5,medium,True
fat nno 93 Alh aComplex MainLanne nnear yerwaada hadapsasr PPunee unee mahaarashtra 41018,411028,PO-411028-bac7e5,medium,True
Plt 4344 hree oSciety MainLaen nxet to aprk Hadpasaar Pnuee Pune Mahharashtra 110228,411028,PO-411028-bac7e5,medium,True
shop  59 ShreeHeihts SStation Marrg NEEAR METROS TATION Hadpasra PUEEN nPue h 41100228,411028,PO-411028-bac7e5,medium,True
"Plot 750, Sai Residency, Market Street, Near Hospital, Hadapsar, Pune, Pune, Maharashtra, 411028",411028,PO-411028-bac7e5,clean,False
FllatN o 482 SSa iResidency oopposit bank hadaasr pe pnuue Mahharaashtra 41110288,411028,PO-411028-bac7e5,medium,True
"Shop 82, Shree Society, Station Lane, Behind Metro Station, Hadapsar, Pune, Pune, Maharashtra, 411028",411028,PO-411028-bac7e5,clean,False
"Shop 409, Alpha Tower, Main Marg, Behind Hospital, Hadapsar, Pune, Pune, Maharashtra, 411028",411028,PO-411028-bac7e5,clean,False
"houes 303, Saii Tower, Naer N.I.A., Hadpsar, Puen, upne, MMh, 411208",411028,PO-411028-bac7e5,low,True
"Room 508, Alpha Heights, Market Lane, Next to Hospital, Hadapsar, Pune, Pune, Maharashtra, 411028",411028,PO-411028-bac7e5,clean,False
"hn6, BetaRessdiency, lin patah, nexxt to hospital, Haadapsr, uep, pe, 141280",411028,PO-411028-bac7e5,high,True
HOUSE 6691-Sai SSoc-MRAKET LLNE-next to etle-ahdasa-pppne-Mahhaashtra-411102,411028,PO-411028-bac7e5,high,True
"Pot 435, sai ecnlave, opp teple, Haadpsar, Pue, PPune, Mahraashtra, 4111028",411028,PO-411028-bac7e5,low,True
"Room 592, Alpha Residency, Station Lane, Next to School, Hadapsar, Pune, Pune, Maharashtra, 411028",411028,PO-411028-bac7e5,clean,False
"Flat No 772, Alpha Complex, Link Road, Next to School, Hadapsar, Pune, Pune, Maharashtra, 411028",411028,PO-411028-bac7e5,clean,False
"HNo 108, Alpha Apartments, Main Marg, Beside Temple, Hadapsar, Pune, Pune, Maharashtra, 411028",411028,PO-411028-bac7e5,clean,False
"Room467, alpha apartmentss, mainrd, OPP BUS TSOP, Hadapsr, PPune, 411208",411028,PO-411028-bac7e5,low,True
nho 7900 Alpha Apartmmetns Ln Marg Beind aPrk dHaapsar NE pune 4110128,411028,PO-411028-bac7e5,medium,True
romo 16 SaiEncllave ink Mag Oppositt eBank HHadapasr Punnne unPe MHHH,411028,PO-411028-bac7e5,medium,True
Rooom 22 SaiS Soc MMain Margg Opp arrk Hadpaar PPuune peu hMM 41128,411028,PO-411028-bac7e5,medium,True
"flatno 977, shree hheights, Link Lanee, Nr MMetro Station, adapsar, Punne, Puen, Maharashtr, 411028",411028,PO-411028-bac7e5,low,True
"Flat No 908, Beta Tower, Link Path, Beside Hospital, Hadapsar, Pune, Pune, Maharashtra, 411028",411028,PO-411028-bac7e5,clean,False
"Plot 259, Alpha Apartments, Market Lane, Next to School, Hadapsar, Pune, Pune, Maharashtra, 411028",411028,PO-411028-bac7e5,clean,False
flaat no 9920 shree scoiey Main Lane beside emtro tation hadaaspar ppne Pnne Mharashtraa 411208,411028,PO-411028-bac7e5,medium,True
"House 151, Alpha Society, Main Lane, Behind Hospital, Hadapsar, Pune, Pune, Maharashtra, 411028",411028,PO-411028-bac7e5,clean,False
"House 391, Alphaa Complex, Main aPth, Oppoosite Bus Stop, Hadapsra, upne, Puune, MMh",411028,PO-411028-bac7e5,low,True
"Flat No 880, Beta Apartments, Main Street, Opposite Bus Stop, Hadapsar, Pune, Pune, Maharashtra, 411028",411028,PO-411028-bac7e5,clean,False
"House 57, Beta Complex, Market Marg, Near Bus Stop, Hadapsar, Pune, Pune, Maharashtra, 411028",411028,PO-411028-bac7e5,clean,False
hno  8477 Alph aSco LIN KLAE OppP akr aHadpsar Pne Pe 11082,411028,PO-411028-bac7e5,medium,True
House 63 Alpha Enclave markett rooad nextto bus top Hdaapssar Punue Pn 11082,411028,PO-411028-bac7e5,medium,True
"flat no 4144, beeta heights, Near Schoool, Hadapsr, une, Mhaarashtra, 4111028",411028,PO-411028-bac7e5,low,True
hn 33776 Sa iCCompex MARKE TSTRREEET next ttoo metro statioon aHdpsa rIE.. eun upenn,411013,PO-411013-d8f98b,high,True
Sho 6441 Sa Enclae Station MMrg nr cohol Hadpsar IIE. Puun uPnee Maahrashtraa 411013,411013,PO-411013-d8f98b,medium,True
"HNo 36, Sai Complex, Station Lane, Beside Metro Station, Hadpsar I.E., Pune, Pune, Maharashtra, 411013",411013,PO-411013-d8f98b,clean,False
"rooom 591, Alphaa Residency, Sttation Lane, BBehind Hospital, Hadpsar  I.E., PNUE, Mahharashtra, 41113",411013,PO-411013-d8f98b,low,True
"Roomm 8,, Betea Heighs,, MarkettStreet,, ehind Bus  Sop,, HADPPSARR .IE.,, Punune,, Pe,, 14110013",411013,PO-411013-d8f98b,high,True
"ho 499, Sai Apartmens, maiin rd, next to aprk, Hadpsra I.E., Pnue, puen, mhh, 411013",411013,PO-411013-d8f98b,low,True
housse 45 sai  sc linkk lae Opposiite Hospitaal Hadpasr II.E. Peu UPE m 4101013,411013,PO-411013-d8f98b,medium,True
SShhop 46 Shree Society MAAINP ATH Opp Hsoppital hdapsar  i.e. Peun Pen mmh 141031,411013,PO-411013-d8f98b,medium,True
Shoopp 70 SAI TOWWEER marett rd besied bus stp AHDPSAR I..E pnnue UPE 41110,411013,PO-411013-d8f98b,medium,True
"Shop 860, Beta Apartments, Link Lane, Next to Park, Hadpsar I.E., Pune, Pune, Maharashtra, 411013",411013,PO-411013-d8f98b,clean,False
"plo t893, beeta tower, Near aPrk, haadpsar i.e., pne, une, MMh, 411013",411013,PO-411013-d8f98b,low,True
"Shop 347, Shree Tower, Market Road, Behind School, Hadpsar I.E., Pune, Pune, Maharashtra, 411013",411013,PO-411013-d8f98b,clean,False
"HOUSE469, shre tower, eNar Hospital, hadpsar i.., uPne, punne, aharashtra",411013,PO-411013-d8f98b,low,True
"ROOM 9611, Sai Soicety, rn park, Haadpsar I.E., Puen, 4111013",411013,PO-411013-d8f98b,low,True
"Shop  719, ALPHA OCMPLEX, marke lane, Nr MetroStation, hadpsar i..e, une, Pue, maharashra, 141013",411013,PO-411013-d8f98b,low,True
Room222 2 She Teower maiinp  ath ner karvvenagra Hpadssar I.E. Pne ne Maharaashtrr 11013,411013,PO-411013-d8f98b,high,True
OORM 8355 Beaat Towwer MARKET STREE bhend metroo station aHdpssar I.E pun uPnee mhaarasra,411013,PO-411013-d8f98b,high,True
ROOOM 7337 Shhre Soc station  lne naer shurkawar peth-pune Haspar I.E. une mmhh 4111103,411013,PO-411013-d8f98b,medium,True
plto73-beet asoociety-Beside soital-Hadpaar I.E.-puen-ppe,411013,PO-411013-d8f98b,high,True
"room793, Bet Enclave, linkr oad, next tto hospital, hadpar i.e., upne, Pnue, MAHARASHTRRA, 411103",411013,PO-411013-d8f98b,low,True
"Room 399, Alpha Society, Station Marg, Beside Park, Hadpsar I.E., Pune, Pune, Maharashtra, 411013",411013,PO-411013-d8f98b,clean,False
"POTL200, Shreee o, Staton arg, Nr  Scohl, hadpsarri .., Pu, n, maaharsahtar, 411031",411013,PO-411013-d8f98b,high,True
sshop 1195 Sa Towe link street neext to hospiatl hapdasr i.e. uuPne pnuue mh 410013,411013,PO-411013-d8f98b,medium,True
"Plot 787, Alpha Heights, Station Road, Near School, Hadpsar I.E., Pune, Pune, Maharashtra, 411013",411013,PO-411013-d8f98b,clean,False
"hou8e 69, lapha patments, mian lan, behn school, Hdpsar IE., PPuen, upne, Mahashttra, 411133",411013,PO-411013-d8f98b,high,True
"HNo 807, Sai Residency, Main Path, Beside Bank, Hadpsar I.E., Pune, Pune, Maharashtra, 411013",411013,PO-411013-d8f98b,clean,False
"Flat No 402, Beta Society, Market Road, Near Dunkirk lines, Hadpsar I.E., Pune, Pune, Maharashtra, 411013",411013,PO-411013-d8f98b,clean,False
Flat  No 831 sai ccompelx r Vadggaon Sheri Haadpsar I..E Pu MhM 11031,411013,PO-411013-d8f98b,medium,True
Plott241 Shree  Heighst lik mrg next t hosppital Hadpssarr I.E. PPune Pen AMAHRASHTRA 411113,411013,PO-411013-d8f98b,medium,True
"PLOT 71, Shree Resideency, AIN PATH, Opposite Baank, Hdapsar I.E., PPune, une, mahharashtra, 4111013",411013,PO-411013-d8f98b,low,True
o 410 Beeta Reesideency ea rHospitall Hadapr I.. nee 41301,411013,PO-411013-d8f98b,high,True
"Room 949, Sai Tower, Link Lane, Next to Temple, Hadpsar I.E., Pune, Pune, Maharashtra, 411013",411013,PO-411013-d8f98b,clean,False
"hon 844, SSai Soc, Market Roa, Besid School, hadpsaar i.e., Punne, 11013",411013,PO-411013-d8f98b,low,True
"Plot 48, SShree Complex, Opposite aBnk, Hapdsar I.E., puen, puen, MMh, 4411013",411013,PO-411013-d8f98b,low,True
ohp 54 Alpha iHghts MarketM aarg nr duniirk lines hadpsari .e puunne puuen Mahraashttra 410133,411013,PO-411013-d8f98b,medium,True
"Shp 651, SHREE HEIGHTTS, STATION MAGR, rN Morave, Hadpsarr I.E., punne, uPne, hm, 41113",411013,PO-411013-d8f98b,low,True
FlatoN 428 Shhree So Staton Lne Near SShool hadspa ri.e. Punnee maharrahstra 410131,411013,PO-411013-d8f98b,medium,True
"Room 11, Shree Tower, Link Lane, Near Bus Stop, Hadpsar I.E., Pune, Pune, Maharashtra, 411013",411013,PO-411013-d8f98b,clean,False
"Shop 989, Shree Tower, Station Lane, Near Hospital, Hadpsar I.E., Pune, Pune, Maharashtra, 411013",411013,PO-411013-d8f98b,clean,False
House  1666 sia sco Main Pahtt Beside Baankk HadpsarI.E. Pune pe 411103,411013,PO-411013-d8f98b,medium,True
shopp 740 beat towre Mani Mag rN Metro Statino HADPSA I.E.. unne Pnuue Maharasrhta 410133,411013,PO-411013-d8f98b,medium,True
"Pot 964, Alpha Rseidency, staiton path, Besside Bus Stop, Haadpsar I.E., Punne, Pun, Maharashtar, 4110013",411013,PO-411013-d8f98b,low,True
hno 33 Alpha Soc MarketStreeet Nr Sinhgad Technnicaal Education Soc IafStationn uPe unee Mhhh 411003,411032,PO-411032-bf7697,medium,True
"oHuse 106, Shree Enlcave, markket street, nr bus stp, Iaf Statin, Punne, MMH, 41032",411032,PO-411032-bf7697,low,True
sho882 Siii Enclave MraketL aen Nearemlpe aiaf staion upe Mahhaashhtra 41033,411032,PO-411032-bf7697,high,True
"Plot 358, Alpha Complex, Main Street, Near Park, Iaf Station, Pune, Pune, Maharashtra, 411032",411032,PO-411032-bf7697,clean,False
shop 04 Alpha Heigtts Main  ath Behidn MMetro Station aIf Stattion ppuune Pnuee Mahraastra 410332,411032,PO-411032-bf7697,medium,True
"Flat Noo 689, Sai Enclaave, Marke tMarg, next tto metro station, af Station, Punee, Puen, Maharaashtra, 11032",411032,PO-411032-bf7697,low,True
"orom 92, BETA APARTMENTTS, station magr, Opposite Hospiital, iaf statioon, Puen, Maharahstra, 4411032",411032,PO-411032-bf7697,low,True
"House 717, Shree Society, Main Lane, Near Hospital, Iaf Station, Pune, Pune, Maharashtra, 411032",411032,PO-411032-bf7697,clean,False
"House 647, Beta Society, Main Path, Near Bus Stop, Iaf Station, Pune, Pune, Maharashtra, 411032",411032,PO-411032-bf7697,clean,False
hno3 318 Srhee Apratments Mia Rd ext too bus stop Iaf Staion unee upn maraashtra 41110322,411032,PO-411032-bf7697,medium,True
"Hous 279, Alpha Enclvae, Main Mag, Opp Templ, IAF SATTION, upne, Puen, 41032",411032,PO-411032-bf7697,low,True
"Shop 356, Sai Residency, Link Lane, Behind Metro Station, Iaf Station, Pune, Pune, Maharashtra, 411032",411032,PO-411032-bf7697,clean,False
HHNO 995 Shree Heeightss Mani Steret Opp Metr oStatio iaf sttaionn punnee pen Mahrashtra 411032,411032,PO-411032-bf7697,medium,True
no5 64 Alha Appartments Min Paath ehind Ban Iaf Station Puuen PuPne Maharastar 4132,411032,PO-411032-bf7697,medium,True
"Plot3 84, ALPHAA PARTMENTS, markket marg, Beside Schoo, Iaf tSation, UNE, PUUNE, hM, 411302",411032,PO-411032-bf7697,low,True
"hno 4460, Shree Encave, Staation Street, Bseide Park, Iaf Staation, pun, une, hm, 11032",411032,PO-411032-bf7697,low,True
"Flato  47, sai necllavee, Near Vdgaon Budruk, if astaton, Pnn, EU, HH, 4130",411032,PO-411032-bf7697,high,True
"Plott 410, Beta Toower, beside hospitall, Iaff Station, une, Maharashhtra, 411023",411032,PO-411032-bf7697,low,True
"Plot 203, Beta Tower, Main Marg, Behind School, Iaf Station, Pune, Pune, Maharashtra, 411032",411032,PO-411032-bf7697,clean,False
"Flat No 277, Shree Complex, Link Road, Behind Temple, Iaf Station, Pune, Pune, Maharashtra, 411032",411032,PO-411032-bf7697,clean,False
"Falt No 628, lApha Society, Station Paath, nr armamen, iafs tation, Puen, uPne, 411032",411032,PO-411032-bf7697,low,True
"hno   23,, betaa aparmteents,, Link Magrr,, Nr B Stop,, afStaton,, PuPnne,, pnueu,, h",411032,PO-411032-bf7697,high,True
"oom 773, Shere Society, stationm arg, oppoiste metro station, af station, Punee, uPne, Maharrashtra",411032,PO-411032-bf7697,low,True
"orm 432,, Sai  Heights,, makrkeet marg,, eenx tto temple,, iafs ttino,, Puen,, PUUEN,, 41102",411032,PO-411032-bf7697,high,True
FLAT NO O446 Alpha Aartmentss Linkd  beehind bs stop Iaf Station PU pen Mhhh 411032,411032,PO-411032-bf7697,medium,True
orom 905 beta aaprtents Liink PPath Behind Bs Stoop IFAS TATION PPunne Pnune M,411032,PO-411032-bf7697,medium,True
HON 31 betassoc innk Marg opp scolo Iaf Station punn Mhaaashtra 41102,411032,PO-411032-bf7697,medium,True
"Shop 999, Beta Apartments, Main Road, Near Hospital, Iaf Station, Pune, Pune, Maharashtra, 411032",411032,PO-411032-bf7697,clean,False
"HNo 796, Shree Apartments, Link Street, Next to Metro Station, Iaf Station, Pune, Pune, Maharashtra, 411032",411032,PO-411032-bf7697,clean,False
lat No 739 Sia Heigths next tto tepmle Iaf Sttin Puee Punnne Mhhh 1410032,411032,PO-411032-bf7697,medium,True
"Plot 712, Beta Residency, Station Path, Near Metro Station, Iaf Station, Pune, Pune, Maharashtra, 411032",411032,PO-411032-bf7697,clean,False
"pllot 204, Sai Rseidency, MarketP ath, beide bank, Iaff Station, PPune, Punne, Mharashtra, 410132",411032,PO-411032-bf7697,low,True
flatn o 74 alphac opmlex Link Rooadd ebhin dbus stop Iaaf Staton puunee Pnune 411032,411032,PO-411032-bf7697,medium,True
"polt 663, Beta Residncy, Sattion Path, eBside Bus Stop, iaf staation, upne, une, Maharrashtra, 411023",411032,PO-411032-bf7697,low,True
"fllat oo 360,, Beta Appartments,, Mai  dR,, next tot baank,, Iaff Staitoon,, uppnne,, pne,, 441132",411032,PO-411032-bf7697,high,True
"Room 809, Shree Society, Main Street, Next to School, Iaf Station, Pune, Pune, Maharashtra, 411032",411032,PO-411032-bf7697,clean,False
"at o 245, Alpha ightss, ESIIDE BAN, Ia Sttation, puen, uPPn, 41032",411032,PO-411032-bf7697,high,True
"Plot 783, Alpha Heights, Market Marg, Next to Hospital, Iaf Station, Pune, Pune, Maharashtra, 411032",411032,PO-411032-bf7697,clean,False
"House 872, Alpha Heights, Main Road, Near Metro Station, Iaf Station, Pune, Pune, Maharashtra, 411032",411032,PO-411032-bf7697,clean,False
houe9 66 asii heights Maai nMarg Bseide  Park Iaf SStatiion Puunne UNNE hhM 41110332,411032,PO-411032-bf7697,medium,True
"House 217, Shree Apartments, Station Street, Beside Temple, Iaf Station, Pune, Pune, Maharashtra, 411032",411032,PO-411032-bf7697,clean,False
House 66 rsee societty tStion Raod Nr Hosiitall IIAF  STTION nuee nne 41302,411032,PO-411032-bf7697,high,True
HOUSEE 075 Shere Sciety Behind Bu tSop Karvaengar puunne PUUN mmaharashtraa 41102,411052,PO-411052-e815ec,medium,True
Flat ooN 724 Sai Resiednc Stattion Lanne OppBa nk kkravenagar pn uPnne Mahasahtra 140152,411052,PO-411052-e815ec,medium,True
"Rom 73,, Sai Enclav,, aMrket aLe,, next to metro sttaattion,, Krenagar,, neu,, nne,, 140125",411052,PO-411052-e815ec,high,True
"Room 157, Shree Apartments, Market Lane, Near Deccan Gymkhana, Karvenagar, Pune, Pune, Maharashtra, 411052",411052,PO-411052-e815ec,clean,False
"hn 464, Sai Compplex, Nr Bus  Stop, karvvenagar, Puen, une, 4110522",411052,PO-411052-e815ec,low,True
"shpo 296, hree complex, next toh ospital, KARVENAGGAR, PUN, pne, 141052",411052,PO-411052-e815ec,low,True
"ouse 626, SSHREE HEIGHTS, Market treet, next top ark, Karvvenagar, Puen, UPNE, 4110552",411052,PO-411052-e815ec,low,True
fla no 3 ssai residecy Nearrr Pune NNew Bazar aKrvengar PUNN nPeu 41102,411052,PO-411052-e815ec,high,True
Fla tN o329 sia resiedncy STTIO NSTREET pO Bus Stop Kavenagarr Pune uen h 4411502,411052,PO-411052-e815ec,medium,True
"Plot 364, Alpha Tower, Main Path, Near School, Karvenagar, Pune, Pune, Maharashtra, 411052",411052,PO-411052-e815ec,clean,False
"Plot 330, Shree Complex, Market Path, Opposite Park, Karvenagar, Pune, Pune, Maharashtra, 411052",411052,PO-411052-e815ec,clean,False
"Shop 630, Alpha Complex, Market Marg, Beside Bank, Karvenagar, Pune, Pune, Maharashtra, 411052",411052,PO-411052-e815ec,clean,False
"Room 890, Alpha Residency, Main Road, Beside Temple, Karvenagar, Pune, Pune, Maharashtra, 411052",411052,PO-411052-e815ec,clean,False
Flaatt No 426 eta Heghts Maain Lanee Near Hossppital Karvenagar pnuue Pune aahrashtra 411052,411052,PO-411052-e815ec,medium,True
ouse 37 Apha  Tower Satiton Rd BEIDE TEMPE Kraenagar Pune pune,411052,PO-411052-e815ec,medium,True
"hnoo 970, BetaHeights, Main aMrg, near mabegaon bk dso, Kaarvenagar, uPne, PPune, h, 4110552",411052,PO-411052-e815ec,low,True
Pot  475 BetaHeihgts MARKTE PAATH Behind School karveangr ue Pneu maaharashtra 4105,411052,PO-411052-e815ec,medium,True
"Shop 269, Alpha Tower, Market Street, Behind Bank, Karvenagar, Pune, Pune, Maharashtra, 411052",411052,PO-411052-e815ec,clean,False
"Sohp 183, BETA APARMTENTS, Liink Path, Opp Bus Sto, karvenagr, PNUE, Punee, hM, 4111052",411052,PO-411052-e815ec,low,True
Plo3t06-saai heiigts-Behid Metro Statton-karveeennagar-Punne-pnn-mmaharsahrta-411025,411052,PO-411052-e815ec,high,True
Sho p197 ALHA EENCLAVE Bside eTmple karvngar pnu puue 10152,411052,PO-411052-e815ec,medium,True
hSop 52 Bta Toweer Bhiend Temple Karvenaga Pe hh 4110,411052,PO-411052-e815ec,medium,True
"Rom 188, beta residenc, link sttreet, opp hospitla, karvenagaar, punee, M, 411502",411052,PO-411052-e815ec,low,True
"Plot 646, Sai Heights, Link Lane, Near School, Karvenagar, Pune, Pune, Maharashtra, 411052",411052,PO-411052-e815ec,clean,False
Soh p6693-SaiResidcy-nxt  to temmple-Kaarvengaarr-uuPnee-unne-mmh-4112,411052,PO-411052-e815ec,high,True
"ROOM 63, hSree Tower, behind hospita, Karvenaggar, Pne, Punne, h, 141052",411052,PO-411052-e815ec,low,True
Flta oN 753 SaieRsidency oppossite paark KRAVENAGA unne uune 4110225,411052,PO-411052-e815ec,medium,True
"lPot 753, Beta Ecnlave, Main Stret, Opp Pak, KARVVENAGAR, Pnue, Puen, Mhh, 41152",411052,PO-411052-e815ec,low,True
"oRm708, Shree  Tower, nett o  bank, Karvenagra, Pu, uP, Mh, 41052",411052,PO-411052-e815ec,high,True
Plo 516 SSai RResidency Opposite aaPrk aKrvenaagar Puunne ue MhM 4102,411052,PO-411052-e815ec,medium,True
shop  9994 Alhpa Resiency mmainn lane p park KARENAGR ne Pune 4111052,411052,PO-411052-e815ec,medium,True
"Room 715, allpha heights, linkk road, BSEIDE PARK, Kavrenagar, Pue, Punee, MHH, 11052",411052,PO-411052-e815ec,low,True
Hous 728 BETA SOCIETT maekt path N RSCHOL karvvenagarr Pen Pen 4110152,411052,PO-411052-e815ec,medium,True
FaltNo 932 Alpah Enclavve aMn Marg besied bu stop Kravenagarr ppuen pe hMM 441105,411052,PO-411052-e815ec,medium,True
"Hous e966, Alphaa Apartments, near s.. college, Karvenaggar, Pne, 411025",411052,PO-411052-e815ec,low,True
"Flta No 431, alphaa heights, Link  Marg, Beside Bus  Stop, Karveagar, Pun, uPne, 411502",411052,PO-411052-e815ec,low,True
Hous 265 shre esidency SStatin Path ear Shukrawar PethPune karvngar un uPen MMMh 41150,411052,PO-411052-e815ec,medium,True
hop 5288 Shree EEnlave Maiin aLne Beside BussS top Karvvenaggar Pnu,411052,PO-411052-e815ec,medium,True
"shop205, SaiTwr, ssstation laen, Besiide Hospiatll, Kaarvenaagr, PPne, eu, aharshrta, 411005522",411052,PO-411052-e815ec,high,True
"HNo 280, Sai Residency, Link Street, Next to Bank, Karvenagar, Pune, Pune, Maharashtra, 411052",411052,PO-411052-e815ec,clean,False
"Shop 249, Shreee Complex, BesideHospital, KKarvenagar, punee, Puune, hM, 4110052",411052,PO-411052-e815ec,low,True
flat o 5552 shree aparrmtents besde ppark Karvenagrar puune Pe hMh,411052,PO-411052-e815ec,medium,True
Sho 3333 APHA TWOER beside school kaasb peth Punue Mahrrashtra 41111,411011,PO-411011-aa82eb,medium,True
flt no 8755 Alphaa Copmlex MMAIN MARGG Op pMetro Sattion aKsba Pteh Pue PPunne hhM 411011,411011,PO-411011-aa82eb,medium,True
"shooppp 82,, Beta Reessiddency,, Link Paahtt,, NR TTEMPPL,, kasb tph,, uuPe,, neu,, 4441101",411011,PO-411011-aa82eb,high,True
"HNo 116, Alpha Heights, Market Path, Near Temple, Kasba Peth, Pune, Pune, Maharashtra, 411011",411011,PO-411011-aa82eb,clean,False
"HNo 133, Shree Heights, Link Road, Beside Park, Kasba Peth, Pune, Pune, Maharashtra, 411011",411011,PO-411011-aa82eb,clean,False
Sop1 85 BEATSOC eNar Schoool Kasb Pet UPNNE M 41011,411011,PO-411011-aa82eb,medium,True
"SShop 356, Betaa Enclave, Nr uBs Stop, Kassba Peth, uPne, upne, hM, 411011",411011,PO-411011-aa82eb,low,True
lPott 820 Sai Aprtemnts Main Mgr Bheind Paark kasa pth PPunne nPe Maharshatra 40111,411011,PO-411011-aa82eb,medium,True
"HNo 332, Shree Residency, Market Road, Opposite School, Kasba Peth, Pune, Pune, Maharashtra, 411011",411011,PO-411011-aa82eb,clean,False
"Plto 33387,, Saaii Apatrments,, StatioonP aht,, behindd pak,, KabaP teh,, UPNPE,, PPune,, mahharrasshtra,, 4410111",411011,PO-411011-aa82eb,high,True
"Shhpo 22,, alhaa enlave,, atiton Rd,, next to bus sop,, Kaba Peeth,, puuun,, uue,, 411011",411011,PO-411011-aa82eb,high,True
"hno8884,, Alpha Scciiety,, mmarket pt,, O p Park,, Kassba etth,, PPPun,, UNN,, hMM,, 4411111",411011,PO-411011-aa82eb,high,True
sshop  763 Sai Heihhgts MarketLL ane behind metro  statioon ksba peeth PPne hMarashtra 4111101,411011,PO-411011-aa82eb,medium,True
soohp 073 aalpa resdiency SStatiionn Lane rB akn KasbaPeetth unne PPuunee h 4410011,411011,PO-411011-aa82eb,high,True
"House 105, Shree Heights, Market Road, Beside Bus Stop, Kasba Peth, Pune, Pune, Maharashtra, 411011",411011,PO-411011-aa82eb,clean,False
Room3 348 shree owr Oppoite  Park Kaba Pteh Punnne MhM 41011,411011,PO-411011-aa82eb,medium,True
Pol 164 ASSI COMPLEX Statttion Street Nr Hosiptla ksba petth pnuee Pen 411111,411011,PO-411011-aa82eb,medium,True
"hon 629, BET AHEIGHTS, Stattion Lane, opposiite bus stop, kaba peth, une, Pne, 41111",411011,PO-411011-aa82eb,low,True
"Plot572, BetaC omplex, Lin Lane, BEHIND HSPITAL, kasba pth, Punee, une, hM, 410111",411011,PO-411011-aa82eb,low,True
Flat No  81 eBta Heigths Nr Pr Kaasba Pet Puuen Pnuee mhh 411101,411011,PO-411011-aa82eb,medium,True
"Room 422, Sai Complex, Station Road, Opposite Metro Station, Kasba Peth, Pune, Pune, Maharashtra, 411011",411011,PO-411011-aa82eb,clean,False
hop 151 Sai Tore arket rdd Nr Bus Stppo Kasbba Pethh PNUUE Puuen 411101,411011,PO-411011-aa82eb,medium,True
SHOP26 ai Heiightts nex  ttotemple kasa bbpeth puen uPee MhhM 41110111,411011,PO-411011-aa82eb,high,True
"romo 923, saiheights, Lnik Street, nxet to temple, Kassba Peth, puen, h",411011,PO-411011-aa82eb,low,True
housse 9366 Shreee Aaprtments LLinkL ane N rPPark kasbap et Pneu Pnnue MHARSHTRA 111011,411011,PO-411011-aa82eb,medium,True
Plto 2001 Sai Heights Miin Road net t park asba Petth Pueen Pune,411011,PO-411011-aa82eb,medium,True
"Flat No 108, Alpha Society, Link Lane, Next to Metro Station, Kasba Peth, Pune, Pune, Maharashtra, 411011",411011,PO-411011-aa82eb,clean,False
falt on 723 AAlpha Commplex Opp Bnkk KSBA  PETH ppne Punee Mh 411101,411011,PO-411011-aa82eb,medium,True
"House 622, Alpha Tower, Market Marg, Opposite Bus Stop, Kasba Peth, Pune, Pune, Maharashtra, 411011",411011,PO-411011-aa82eb,clean,False
"Fla o 640, Bet omplex, Sttation RRod, Besde Bus tSp, absa ppeth, PPuee, UPNE, 411001111",411011,PO-411011-aa82eb,high,True
"Room 447, BETA REESIDENCY, Market Strreet, ebside hospital, Kasba Peht, Puen, PUE, Mhaarashtra, 41101",411011,PO-411011-aa82eb,low,True
"oue 537,, SShree SSooc,, Likn anee,, NNr Shhool,, ksba pehtt,, Pun,, Pnnee,, MAHARASSHRRA,, 41100111",411011,PO-411011-aa82eb,high,True
"Plot 708, Shree Apartments, Station Road, Next to Hospital, Kasba Peth, Pune, Pune, Maharashtra, 411011",411011,PO-411011-aa82eb,clean,False
"hop 7, srhee towwr, man iamrg, Besiiede Park, kasbapte, ppeu, hhh, 111",411011,PO-411011-aa82eb,high,True
"orom 468, Shree Enlcave, arket rd, Opposite Schhool, Kasa Peth, Pnue, Punee, 11011",411011,PO-411011-aa82eb,low,True
"Pot2 60, shreeapartmnnets, ear N.W Colllege, Ksb Peth, UPPEN, Pne, 41100011",411011,PO-411011-aa82eb,high,True
houuse1 68 Sia Complxe iLnk Mrg beside  metor station Ksba Pethh uPnee ue hMM 41101111,411011,PO-411011-aa82eb,medium,True
"House 492, Alpha Residency, Market Path, Opposite Bank, Kasba Peth, Pune, Pune, Maharashtra, 411011",411011,PO-411011-aa82eb,clean,False
"lot 63, Shree Socitey, makret path, opp metro tsatonn, asba tPeh, Pnue, Pne, AHARRASHTR, 4111011",411011,PO-411011-aa82eb,high,True
"Shop3p 43,, sai soiiceyt,, Nr Tmplee,, kaas pethh,, Pnne,, Mahaasthar,, 411111",411011,PO-411011-aa82eb,high,True
roomm 5668 shree societ Man Sttreet Naer Schoool Kasba Pt puneee Pun hh 114011,411011,PO-411011-aa82eb,medium,True
"Flat No 52, APHA APARTMENTS, LinkM arg, Behindd Hospital, kaasba peth, une, pnue, Mahraashtra, 141011",411011,PO-411011-aa82eb,low,True
orm 252 Alpha Hieights Mai Mrg next to hspital ktarj uune Pueen maharsahtar 41110046,411046,PO-411046-467ffa,medium,True
HSO P873 Alph a Apartments Marktt Road ear Wajre atrraj Pu ue 41110046,411046,PO-411046-467ffa,medium,True
"HNo 91, Shree Residency, Station Road, Near Metro Station, Katraj, Pune, Pune, Maharashtra, 411046",411046,PO-411046-467ffa,clean,False
"House 76, SAI RESIDENY, LLink Rd, nr schoo, katra, Punne, Pnue, Mhh, 4111046",411046,PO-411046-467ffa,low,True
"House 212, Sai Apartmens, Link Stret, Behind Paark, kartaj, Puen, upne, Maharahtra, 411064",411046,PO-411046-467ffa,low,True
Shpo 8446 Shree Hegihtss nex to bus sotp katj PPun Pen Mh 441046,411046,PO-411046-467ffa,medium,True
"flta no 752, Sai eRsidency, Staton Path, behind metro statio, Kartaj, une, pnue, Mahraashtra, 11046",411046,PO-411046-467ffa,low,True
"ho3p , hSree Scc, Main aaMgr, OppM ettroStation, kkartja, p, pne, 406",411046,PO-411046-467ffa,high,True
"Flat No327, Alpha Compllex, maarket rd, besid temple, Ktaraj, une, pue, maharashtrra, 4110046",411046,PO-411046-467ffa,low,True
SOP 5566 hSree Encllave Market LLnae esidee Metro Station aktrja upnne puue 4114406,411046,PO-411046-467ffa,medium,True
"Room 172, Beta Apartments, Market Road, Behind Temple, Katraj, Pune, Pune, Maharashtra, 411046",411046,PO-411046-467ffa,clean,False
pl 3337 Alppha AApartmnets amrekt lne next to et rstation katrj Puune mahaarashrrta 41111046,411046,PO-411046-467ffa,high,True
lFat No 548 Alpah pAratments Mraket Ra Besid Metro tStion KKARJA uPPnee puen M 410466,411046,PO-411046-467ffa,high,True
Huusse 48 EBTA COPLE Nae Bus Stp Ktaajr PPPPune pueee M 41110464,411046,PO-411046-467ffa,high,True
"Sohp  994,, Beta  TTowe,, Lin akPth,, Nr  Schol,, taaj,, Pneee,, hMMM",411046,PO-411046-467ffa,high,True
"HNo 665, Beta Apartments, Link Lane, Next to Bus Stop, Katraj, Pune, Pune, Maharashtra, 411046",411046,PO-411046-467ffa,clean,False
nno 2251 Alpha oTwee ln r eBsie Baank attrja ue n h 411064,411046,PO-411046-467ffa,high,True
"House 111, Sai Apartments, Link Path, Near Bank, Katraj, Pune, Pune, Maharashtra, 411046",411046,PO-411046-467ffa,clean,False
"HNo 770, Sai Enclave, Link Lane, Near Sus B.O, Katraj, Pune, Pune, Maharashtra, 411046",411046,PO-411046-467ffa,clean,False
"latt No 1776, saie nlcaev, Opppsiote Metro Station, tarja, nPu, Puuee, 41164",411046,PO-411046-467ffa,high,True
"house9 20, Sai  Heights, MAI PATH, oppositebank, KKatraj, Punne, PPune, mhaarashtra, 41106",411046,PO-411046-467ffa,low,True
rom 9911 SHREE OWER marek tpath near metro staitonn kaatraaj upe Pneu hh 4411046,411046,PO-411046-467ffa,medium,True
"Plot 719, Sai Tower, Link Path, Behind Metro Station, Katraj, Pune, Pune, Maharashtra, 411046",411046,PO-411046-467ffa,clean,False
hhnn 837-ebtta enclvae-mamin laen-ebssidde hospital-kartaj-uun-hM-410464,411046,PO-411046-467ffa,high,True
"Shop 10, bet tower, Link Rad, behind bu sstop, ktraj, puen, puen, aMharashtra",411046,PO-411046-467ffa,low,True
"lat No 618, Alpha Aprtments, main mag, Nr SShivajinagar-Pune, Ktraj, pnue, Pun, 4110446",411046,PO-411046-467ffa,low,True
no 476-Beeeta  Tower-Stattion Sttreeet-besie hospitta-katttra-ppne-n-Mahaastar-411100446,411046,PO-411046-467ffa,high,True
"HNo 238, Alpha Heights, Station Lane, Behind School, Katraj, Pune, Pune, Maharashtra, 411046",411046,PO-411046-467ffa,clean,False
Huose  585 Sia Rseidency oposite us stop katjra puunee hMM 411046,411046,PO-411046-467ffa,medium,True
"Room 703, Sai Tower, Market Road, Near Bhusari Colony, Katraj, Pune, Pune, Maharashtra, 411046",411046,PO-411046-467ffa,clean,False
lpot305-SSai Residencyy-iLnk Stet-BEHIND TTEMPLE-kaattrajj-Pn-PPuneee-4411466,411046,PO-411046-467ffa,high,True
hous 666 HSREE ENCLAVE station la Behnid Hsopital Katrrraj upune Pnee M 411604,411046,PO-411046-467ffa,medium,True
hoon 6641 Alppphaa Heights Marke tPath netx to bbbus stop Ktarj pnue hm,411046,PO-411046-467ffa,high,True
"oHuse 235, shhree apartments, Market PPath, Near Bnk, katrja, Pnue, puen, 410146",411046,PO-411046-467ffa,low,True
nho 7445 BBeta Sc Sttaionn Rd Op School KKTRAJ punnee uPe mm 4110,411046,PO-411046-467ffa,medium,True
NH O480 Bta CComplex Miaan Rd Opposiet Temple katj une uune,411046,PO-411046-467ffa,medium,True
FlFat No 32-beta towerr-arMkt Marg-nxtto hospitall-AKTAARJ-uPene-PPPPune-41104464,411046,PO-411046-467ffa,high,True
"Shop 393, Beta Apartments, Market Marg, Beside Bank, Katraj, Pune, Pune, Maharashtra, 411046",411046,PO-411046-467ffa,clean,False
"Flat No 597, Beta Residency, Main Marg, Opposite Hospital, Katraj, Pune, Pune, Maharashtra, 411046",411046,PO-411046-467ffa,clean,False
"Room 60, Shree Hieghts, Main Sttreet, Nr Hosptal, KKATRAJ, Puune, Pun, 411064",411046,PO-411046-467ffa,low,True
hno 3 Shrree Rsidency Min Rdd Beside Hostial aKraj Pen Pnune aharashtar 411106,411046,PO-411046-467ffa,medium,True
pltto 162 Beta Aaprtmennts opppositte bank atrj pen punn Maharashtra 41110466,411046,PO-411046-467ffa,medium,True
"sshop 57, sai apartmetns, link mag, Beside Hopital, khadakwasla  r.s., Pnue, Punee, h, 411042",411024,PO-411024-36b1c2,low,True
SSHOP942 sshree copmlex Beide Scohol Kadakawsla R.S. pne uune hh 411042,411024,PO-411024-36b1c2,medium,True
"Shhop 965, Alpah Tower, Mian Marg, next t obus stop, khadakwasla r.s.., ppune, Mhh, 41024",411024,PO-411024-36b1c2,low,True
"House3 64, Beta Encllave, MMAIN MARG, OOpp Metro Station, Khaddakwasla R.S., PNUE, Puen, 141024",411024,PO-411024-36b1c2,low,True
"Flat No 930, Alpha Enclave, Link Street, Next to Hospital, Khadakwasla R.S., Pune, Pune, Maharashtra, 411024",411024,PO-411024-36b1c2,clean,False
"flatt no 901, Bea Soc, main stret, near manjri bk b.o, Khadakwasla .S., Pnue, Punee, Mharashtra",411024,PO-411024-36b1c2,low,True
ROOM  5550-Bet Heihtts-man lane-Near Ex. SevicemanC oolny-hkaakwasla r.s.-Pe-h-4112,411024,PO-411024-36b1c2,high,True
"Room7  92, Shree nEclvae, Li nkMMarg, Nera ar, Khhadawalsa R.S., pnnee, uP, 11042",411024,PO-411024-36b1c2,high,True
"Shop 412, Sai Heights, Main Road, Beside Bank, Khadakwasla R.S., Pune, Pune, Maharashtra, 411024",411024,PO-411024-36b1c2,clean,False
"Polt 35, Beta  Heights, Main Rooad, Oppostie Temple, Khadawkasla R.S., ppune, punne, Mharashtra, 4110224",411024,PO-411024-36b1c2,low,True
"Flat No 77, Shree Residnecy, ARKET RD, behind shool, Khadakwaslla R.S., Punne, mhh, 41024",411024,PO-411024-36b1c2,low,True
"hno 957, Shree Apartmets, Statiion Rd, Behind Schol, khadakawsla r.s., Punne, 4411024",411024,PO-411024-36b1c2,low,True
hn o71-lapha heighht-rmekt lane-nextt to scoohl-Khaadkawsla R..S.-Pun-ppune-mahaarhstar-41124,411024,PO-411024-36b1c2,high,True
"Shop 751, Alpha Residency, Station Marg, Next to Bank, Khadakwasla R.S., Pune, Pune, Maharashtra, 411024",411024,PO-411024-36b1c2,clean,False
"Shop 78, Beta Complex, Market Marg, Near Bus Stop, Khadakwasla R.S., Pune, Pune, Maharashtra, 411024",411024,PO-411024-36b1c2,clean,False
"House 214, Sai Apartments, Link Lane, Beside Park, Khadakwasla R.S., Pune, Pune, Maharashtra, 411024",411024,PO-411024-36b1c2,clean,False
houus e97 hreeT ower ain Rooad BBehin dSchool khakwasla r.s. pune pnnue 4411042,411024,PO-411024-36b1c2,medium,True
"House 942, Beta Residency, Market Marg, Behind Metro Station, Khadakwasla R.S., Pune, Pune, Maharashtra, 411024",411024,PO-411024-36b1c2,clean,False
"PLLOT 629, Shree Encalve, MAIN LLANE, nr horpade peth, KKhadakwasla R.S., PPune, PNE, hM, 41124",411024,PO-411024-36b1c2,low,True
"hSop 542, beta aparttments, Link Mar, Nr Temmple, Khadakwasla R.., une, uPne, hM, 410124",411024,PO-411024-36b1c2,low,True
ouse 143-ssai partmeents-MAREEKT PPATH-Bseid eus Stop-Kahdakwaasla R..S-peu-nPune-hhhm-11024,411024,PO-411024-36b1c2,high,True
Plto  165 eta Coomplex minlane nr annk Khadakwaasa R.S. uen PPun MMaharahstra 44111024,411024,PO-411024-36b1c2,medium,True
"rrooo 182,, alhpa osicety,, OppoositeSchol,, Kahdakwasl aRR.S.,, PUN,, Pueen,, Maharrashstra,, 444111024",411024,PO-411024-36b1c2,high,True
oplt 02 saai cmplex Sttionn Steet nr saahpirs treet hkadkawala r.s. Pnen en,411024,PO-411024-36b1c2,high,True
"flat no 56, SaiT ower, Station SStreet, nearr ambegaon bk dso, khdakwasla r.s., Puen, h, 41104",411024,PO-411024-36b1c2,low,True
HNO  12 Shree Residenyc Behind oHstpal Khaadkwaasla .RS. PNE MAAHSAHTRA 41110242,411024,PO-411024-36b1c2,high,True
"Plo 957, sia enclave, main mar, OPPOSITE HOSPITAL, khadakwasa r.s., PNE, Pnue, 4110224",411024,PO-411024-36b1c2,low,True
"Flat NNo 818, alpha encalve, Near Metro Sttaion, KhadakwaslaR.S., Pne, uPne, Mhh, 4110244",411024,PO-411024-36b1c2,low,True
"HNo 298, Shree Enclave, Main Street, Beside Hospital, Khadakwasla R.S., Pune, Pune, Maharashtra, 411024",411024,PO-411024-36b1c2,clean,False
Hoseu 18 Shree Encle MainRaod next o park Khdaakwwasla R.S. Pune UPE m 41124,411024,PO-411024-36b1c2,medium,True
"room  864, Sai Aprtments, Opposite Bsu Stop, Khadakwasa R.S., Pue, Punee, 4110244",411024,PO-411024-36b1c2,low,True
"Roo 572,, Beta   Twer,, Likn Road,, NNaer ark,, Khadakwssala R.S,, punnen,, Pee,, 114",411024,PO-411024-36b1c2,high,True
oHuse 27 Beta Aparrtmenst Station  d OOppB ank kadakwasla  r.s. Puue unee 41124,411024,PO-411024-36b1c2,medium,True
Plot3  29 beta  apartmentts ilnk ptah Nr aPr Khadakkwasla R.S.. Punn un Maharastr 41102,411024,PO-411024-36b1c2,medium,True
Flat oN 5446 lApha nclave Man aPth bheid park Khadakwaassla R.S. Peu peu hmh 44111024,411024,PO-411024-36b1c2,medium,True
ssohp 70-Alhpa  RResidency-Naer Bus  tSop-Khadaakwslaa R.S.-uuen-en-4111024,411024,PO-411024-36b1c2,high,True
"HNo 351, Alpha Society, Main Road, Opposite Bank, Khadakwasla R.S., Pune, Pune, Maharashtra, 411024",411024,PO-411024-36b1c2,clean,False
Sop7 48 sai reisdenncy linkk sreet Behnd Templee Khadakwasal R.. Pne pnu MM 41042,411024,PO-411024-36b1c2,medium,True
"hn 124, Alpha Rseidency, likn rd, Behind Scholo, hKadakwasla R.S., puen, mhh, 4111024",411024,PO-411024-36b1c2,low,True
"nho 315, Saii Residency, Station ane, NEXT TO BU STOP, Khadakwsala R.S., ppune, PPune, maharashtar, 141024",411024,PO-411024-36b1c2,low,True
"Flat No 386, Alpha Society, Main Lane, Near Hospital, Khadakwasla R.S., Pune, Pune, Maharashtra, 411024",411024,PO-411024-36b1c2,clean,False
"plo 526, beta enclav, Near School, Khaadkwasla R.S., PUNNE, Maharashrta, 411204",411024,PO-411024-36b1c2,low,True
"Room 1199, Shhree Society, Main aMrg, behidn bus stop, khadki  bazar, uPne, Mahaarashtra, 410103",411003,PO-411003-cdc7c0,low,True
Plto919 Alhpa Eclve Main Laeenn ext t oark Khaddki Bazra puue Pun 140003,411003,PO-411003-cdc7c0,high,True
"Room 888, Beta Complex, Main Street, Next to School, Khadki Bazar, Pune, Pune, Maharashtra, 411003",411003,PO-411003-cdc7c0,clean,False
"lFat No 366, Sai Heightss, tsation road, Beside Tepmle, Khadi Bazar, uPne, Pne",411003,PO-411003-cdc7c0,low,True
"Plot 619, Beta Apartments, Station Street, Beside Hospital, Khadki Bazar, Pune, Pune, Maharashtra, 411003",411003,PO-411003-cdc7c0,clean,False
"shpo 593, lpha residency, Maain Lane, Oppostie School, hkadki bazar, PUEN, PUN, hm, 41003",411003,PO-411003-cdc7c0,low,True
"Flat No 921, Beta Tower, Market Marg, Near Bus Stop, Khadki Bazar, Pune, Pune, Maharashtra, 411003",411003,PO-411003-cdc7c0,clean,False
"hn 703, AlphaComplex, Mani Marg, BEIND BUS STOP, Khadkii Bazar, Punne, punne, HM, 11003",411003,PO-411003-cdc7c0,low,True
"Room 146, Shree Residency, Link Marg, Opposite Hospital, Khadki Bazar, Pune, Pune, Maharashtra, 411003",411003,PO-411003-cdc7c0,clean,False
"FLA NO 846, hree Soc, mian marg, Nera Bank, Khadki azar, PPune, aharashtra, 411030",411003,PO-411003-cdc7c0,low,True
Hos 174 Bet aeHights Min Paht N N.II.A. Khadki aazr Pneu PUUN 4110,411003,PO-411003-cdc7c0,medium,True
"Room192, Beta Apartmentts, amrket path, Behnd School, khadki bzar, Punee, uPne, Mhh, 4110003",411003,PO-411003-cdc7c0,low,True
Fat NNo 491 shree compel Ma nMarg Behind Metro Sttaation Khakdii Bazar upune Maharashtra 41003,411003,PO-411003-cdc7c0,medium,True
RRoomm 398 SSSai Complex Link  Pat Behin dTemlpe KKhadkiB azar pune PPun MAARAHTRA 4100,411003,PO-411003-cdc7c0,medium,True
"Pl o34,, Beta Apartmnts,, aMrk tStreet,, Oppposite aBnnk,, khadkbi aar,, PPPune,, eun,, aharashtaar,, 411003",411003,PO-411003-cdc7c0,high,True
"flaa o 818,, Shree Toower,, LikP aht,, next t ohhoospital,, khadik  baazar,, nu,, Maharrashttra,, 4111003",411003,PO-411003-cdc7c0,high,True
"Shop 172, Shree Society, Main Street, Next to Bus Stop, Khadki Bazar, Pune, Pune, Maharashtra, 411003",411003,PO-411003-cdc7c0,clean,False
hhno5 06 Alphha Hights link amg Bside Par hKadi Bazar PPUE pen h 4110033,411003,PO-411003-cdc7c0,medium,True
"HOUS E51, Alha Apartments, beside tempe, Khdaki Bazar, Punee, puen, hM, 4110003",411003,PO-411003-cdc7c0,low,True
plt3446-AlphaE ncaalve-Station tSeet-Opppoosie Temple-Khadki Baazar-nu-pen-4100033,411003,PO-411003-cdc7c0,high,True
plo t2 Sa iHeigthss STAATTIONS TREET Bsde Bak Kahadki Bzaar pue PPnue 410300,411003,PO-411003-cdc7c0,high,True
HHoussse 423-Alhpaa Ressidency-MAN  SRTEET-BseideeB ank-kkhdki bazaar-pppunee-hM-41100033,411003,PO-411003-cdc7c0,high,True
"Sop 661, Beta Twer, Staation Marg, neext to park, Khadi Bazar, PPune, PPune, 41003",411003,PO-411003-cdc7c0,low,True
"Room 959, Shree Enclave, Link Lane, Opposite School, Khadki Bazar, Pune, Pune, Maharashtra, 411003",411003,PO-411003-cdc7c0,clean,False
n o121 Alpha H eights beihnd ark hdki Bazar Pnuee Pune Maharahtr 111003,411003,PO-411003-cdc7c0,medium,True
"hn6o3, ALLPHA APARTTMENT, OppositeS choooll, hadik bzar, uPneee, unp, Mahaaashtar, 1401003",411003,PO-411003-cdc7c0,high,True
Rooo 1122 BETAE  NCLAVVE Linkk RRad BESDE METRO STTATINO KHADKI BZZAR Punnen peu hMh 4100003,411003,PO-411003-cdc7c0,high,True
"House  107, Sai Coplex, link sreet, Opp Metro Staation, KhadkiBazar, Pun, Punne, hM, 41003",411003,PO-411003-cdc7c0,low,True
"Plo 788, ai soc, market orad, net to metro station, KHDAKI BAZAR, Punee, Pne, h, 4110003",411003,PO-411003-cdc7c0,low,True
hnno 05 allpha heihts Link  Strreet N rMetro Staiton khadki baazr ue pune h 40103,411003,PO-411003-cdc7c0,medium,True
"House 70, sai residenncy, nr hosspital, kadki bazar, UNE, pun, 410103",411003,PO-411003-cdc7c0,low,True
"House 813, Shree Tower, Link Road, Beside Hospital, Khadki Bazar, Pune, Pune, Maharashtra, 411003",411003,PO-411003-cdc7c0,clean,False
"Flat No 518, Alpha Society, Main Lane, Opposite Bus Stop, Khadki Bazar, Pune, Pune, Maharashtra, 411003",411003,PO-411003-cdc7c0,clean,False
Flat No 884 Allpha  Apartments MAINPATH oppp akr Khaddik Bazar puun Puuune 41110003,411003,PO-411003-cdc7c0,medium,True
RRooom 149 beta  apartmmnts main rdd BEHDI TEPMLE kkhadki bbzar une PPuue,411003,PO-411003-cdc7c0,high,True
"ohn 27, isa  complex, Link PPathhh, Oppoiste Bann, khadkikk bazar, eP, pee",411003,PO-411003-cdc7c0,high,True
"Flat No 801, Alpha Complex, Station Path, Near Temple, Khadki Bazar, Pune, Pune, Maharashtra, 411003",411003,PO-411003-cdc7c0,clean,False
"hn  4991,, Beta Enaave,, staionn rrd,, nextt hosptal,, hKadk aBzar,, Pne,, aarashtra,, 14100003",411003,PO-411003-cdc7c0,high,True
hn 156 saa partments link path Oppsoite Templle hadki Baazar PPnue m 41100033,411003,PO-411003-cdc7c0,medium,True
"hhno 856, Bea Tower, Opposite Metro Staiton, Khdki Bazar, Puen, PUN, hm, 4111003",411003,PO-411003-cdc7c0,low,True
"Fla tNo8  56,, ETAS OICETY,, LLINK ATH,, bhein pakr,, Khki Bzaar,, upn,, m,, 401130",411003,PO-411003-cdc7c0,high,True
Room  99883 Srhee Heihtgs Maiin MMrag Op Buu sStop Khhadik Bzar Puen h 4110033,411003,PO-411003-cdc7c0,high,True
FlatoN 721 Alpha Heighss link marg behiind metro statino Khaddkii upnee pnu Mahharsahtra 4111003,411003,PO-411003-e3cc54,medium,True
orom7 89 Alppha Socety Li nkMarg next to metro station hadk puune MM,411003,PO-411003-e3cc54,medium,True
"Houuse 836, Alpah Heights, Mai nStreet, NR METRO STTATION, khadkii, pne, pue, maharashttra, 4110033",411003,PO-411003-e3cc54,low,True
house 770 shee complex MainL aane opopsite temlpe Khdak peu MAHAARSTHRA 41130,411003,PO-411003-e3cc54,medium,True
ploot 70-Sai Aprattents-mrket sreet-Op Tmple-Khadddki-une-puen-103,411003,PO-411003-e3cc54,high,True
"Plot 104, Shree Society, Station Street, Behind Park, Khadki, Pune, Pune, Maharashtra, 411003",411003,PO-411003-e3cc54,clean,False
"Shop 49, Beta Rsidency, Station aPth, Behnd Bus Stop, Khdki, une, Pun",411003,PO-411003-e3cc54,low,True
RRoom  776 shreet owerr Main Maarg nnext to ark khai npe PPPune m 4103,411003,PO-411003-e3cc54,medium,True
FLAT ONO 6333-hSree eRsidecny-Oppose Tmeple-ahdkii-PPuue-410103,411003,PO-411003-e3cc54,high,True
"Rom 786, shree heigths, Behind Metro tSation, Khdki, upne, une, MMh, 11003",411003,PO-411003-e3cc54,low,True
"no  19,, Beea Encclave,, Market P tah,, oppsoie metro staation,, KKhadkkki,, Pune,, npuue,, h,, 44103",411003,PO-411003-e3cc54,high,True
Housee7 0-iComplex-BSDIE  BANK-kadki-ppnnue-pu-hm-41110300,411003,PO-411003-e3cc54,high,True
"polt 541, Sai Heighst, MAIN PPATH, Bhind Metro Station, hadki, PPune, hM, 4411003",411003,PO-411003-e3cc54,low,True
Fla tNo 8722 eta Heightts linnkp ath opp pka Khadkkii Pnu Puun maharsatra 411003,411003,PO-411003-e3cc54,medium,True
"House 717, Shree Society, Main Path, Next to Bus Stop, Khadki, Pune, Pune, Maharashtra, 411003",411003,PO-411003-e3cc54,clean,False
"Room  310, srhee ecnnlave, ext tob nak, kahaadki, Punnn, npee, 44103",411003,PO-411003-e3cc54,high,True
oom 19 shree necclave lin kptah besed hospital Khddki Puunee 41130,411003,PO-411003-e3cc54,medium,True
"hosse 444, ShreeH egihts, Stationn Paath, ext o hsopital, khhadiki, uPenn, Pue, hh, 1100003",411003,PO-411003-e3cc54,high,True
Houes 955-AlphaaHeights-Stttioon Rd-BBsid eMetro Station-kkaddki-une-pue-144103,411003,PO-411003-e3cc54,high,True
"Rom 232, Alpa hCmoplex, SATIOON STREET, beeeside metrostation, hKadiik, UUNEE, ppuue, hhM, 411130",411003,PO-411003-e3cc54,high,True
"Flat N o55591,, AAlpha Heeeights,, Mraket Lane,, Behnd HHosiptal,, Khakk,, Pne,, Pun,, hmmm,, 4110",411003,PO-411003-e3cc54,high,True
"room 863, Shree Enlcave, Main Streeet, Oppp Bus Stop, kadki, punne, uPne, mhh, 4111003",411003,PO-411003-e3cc54,low,True
"Shop 877, Shree Complex, Main Road, Beside Bus Stop, Khadki, Pune, Pune, Maharashtra, 411003",411003,PO-411003-e3cc54,clean,False
"hno 53, Alpha pAartments, market llane, Behind BusStop, Khadkki, Puen, Maharashra, 411003",411003,PO-411003-e3cc54,low,True
"hno22 7,, Shree eHightsss,, staattion lanee,, r cchool,, Khid,, Pnnu,, Pneeu,, h",411003,PO-411003-e3cc54,high,True
"HNo 338, Alpha Apartments, Station Street, Opposite Metro Station, Khadki, Pune, Pune, Maharashtra, 411003",411003,PO-411003-e3cc54,clean,False
Flaat NNo8 2 AAlpha ocity Makte Path BsideB u Stop kdhak ppne puu MMM 411030,411003,PO-411003-e3cc54,high,True
fflat no62 3 Alpha Teorr marekt mr Bsied School KKhadkiii eun uen mm 141003,411003,PO-411003-e3cc54,high,True
House 7777 Bea Complx MAREKTMARG neext to ark Khadki uPnne Pnee 4103,411003,PO-411003-e3cc54,medium,True
"Room 560, Alpha Tower, Main Marg, Next to School, Khadki, Pune, Pune, Maharashtra, 411003",411003,PO-411003-e3cc54,clean,False
"hnno 88, Beeta Society, Markeet Marg, Opposite Scool, hKadki, PPune, uPne, maharashhtra",411003,PO-411003-e3cc54,low,True
House 9986-SaApartmenst-linkkstree-opsite ban-khadkiiii-upnn-eP-hh-4110003,411003,PO-411003-e3cc54,high,True
"Room 2377, Beta Hegihts, Sation Rd, Oppsoite Bank, kahdki, Puen, Pue, 41100",411003,PO-411003-e3cc54,low,True
Pot 947 SaiHH Heights Link    Street OPP  METRO STTATIO kkhadkk Puune PPnuue m 41110003,411003,PO-411003-e3cc54,high,True
"Flat No 930, Shree Enclave, Station Road, Opposite Temple, Khadki, Pune, Pune, Maharashtra, 411003",411003,PO-411003-e3cc54,clean,False
"ouse 23, Alpha Enlave, MainPath, next to bus sto, Khadkii, Pne, punee, 41100",411003,PO-411003-e3cc54,low,True
"Plot 274, Sai Apartments, Station Path, Opposite School, Khadki, Pune, Pune, Maharashtra, 411003",411003,PO-411003-e3cc54,clean,False
"FLAT N O573, LAPHA COMPLEX, mainn road, naer anandnagar, Kadki, PPune, PPune, mmh",411003,PO-411003-e3cc54,low,True
"room 10,, Sa  Heiights,, besideaprk,, Khdakii,, ppen,, pnpe,, mhaaarasshtra,, 441103",411003,PO-411003-e3cc54,high,True
"Huose 138, ShreeR esidency, statio street, Beside Metro Statino, Khakdi, Puen, mmh, 411003",411003,PO-411003-e3cc54,low,True
"Rom 157, sai ehights, Man Street, next to bbank, Khadk, Pnue, une, maharaashtra, 41103",411003,PO-411003-e3cc54,low,True
HHuose 431 Beta Soicetty Link an NNrS rpf Khadki uPn MM 410003,411003,PO-411003-e3cc54,medium,True
"hno 39, Shree Compllex, link rdd, Beehind Temple, Khed Shivappur Baug, PUNEE, PUN, Maharashttra, 412025",412205,PO-412205-0a0684,low,True
PPlot 2215 alpha nnclave MarrketLane OPP METRO TATIO khed sivaapur baug Punne uune,412205,PO-412205-0a0684,medium,True
"Plot 99, shree eeclaev, Maaain Street, Opoite HHospital, Khhed Shiapur aBug, Puuue, np, 4122005",412205,PO-412205-0a0684,high,True
Sho 9p11 Bea Colex opp cshool KhdS hivapurr Baug e pnue mahaahsttra 4210025,412205,PO-412205-0a0684,high,True
flat  no862-sai apaarmetnts-Statiionn Steet-behind ohspital-Khed  Shviapur Bagu-PPe-4122205,412205,PO-412205-0a0684,high,True
"HNo 492, Sai Complex, Station Path, Near Bank, Khed Shivapur Baug, Pune, Pune, Maharashtra, 412205",412205,PO-412205-0a0684,clean,False
Hous e9977 Srhree Complex Mainn Ptah behidnt emple Khed Shivapr Bagu uune PPunne aharrashtra 41220005,412205,PO-412205-0a0684,medium,True
"FlatNo 602, Sai Complx, market treet, nexxt to temple, khed shivapu rbaug, Pne, upne, hm, 421205",412205,PO-412205-0a0684,low,True
flatn o595 Alpha wTer SationMarg Naer N  B M kheed sivapur baug Puunee Pen 42105,412205,PO-412205-0a0684,medium,True
"oHuse 787, Bta Heights, Main SStreet, eBside Bank, Khed Shivaupr Baug, pue, uPne, Mahraashtra, 41205",412205,PO-412205-0a0684,low,True
"Plot1 70, shree socieyt, sstation street, Nr N.C.L. Pnue, Khe Shivapur Baug, Pnue, Puune, Maharashttra, 41225",412205,PO-412205-0a0684,low,True
"shhop 11, AAAlpha Height, Maii nPtah, neext tob nak, hkedd shivapur buag, Puunnee, M, 42122055",412205,PO-412205-0a0684,high,True
"Houes 632, SAI SSOCIETY, Beside Mtro Station, khed shivapuur baug, upne, Punee, 4122205",412205,PO-412205-0a0684,low,True
Flta No  371 betah eigths STATIO NPAHT Opp  Bus Sto Khed Shivapu rrBaug unne UPNEE Mh 4121205,412205,PO-412205-0a0684,medium,True
"onh 647, SI  ENCLAVVE, Market aPth, OPPPSITE PARK, Khedh ivapur Baug, uue, nu, hMMM, 422055",412205,PO-412205-0a0684,high,True
"Plot 298, Shree Tower, Link Road, Opposite Metro Station, Khed Shivapur Baug, Pune, Pune, Maharashtra, 412205",412205,PO-412205-0a0684,clean,False
Romo 7707 alpha apatrmenst Op BBus Stop Khed Sivpur Baug ppun Pen Maharashhtraa 4122025,412205,PO-412205-0a0684,medium,True
hnoo129-Betaa Cmoplxe-tsatoin  path-Beihnd etr oStation-kehd shvapu baug-Pue-pnuue-42105,412205,PO-412205-0a0684,high,True
hno 66 Beta Society BesdeBus Stop Khed Shivpur Baugg Peun nPue 412220,412205,PO-412205-0a0684,medium,True
"Plot 30, Shree Heights, Main Lane, Behind Temple, Khed Shivapur Baug, Pune, Pune, Maharashtra, 412205",412205,PO-412205-0a0684,clean,False
"plot 9224, SSai Tower, StationP ath, Behind Hospiital, Khed Shivapur Baaug, Pue, uPne, hm, 41205",412205,PO-412205-0a0684,low,True
"shop  128,, alpa s,, lnikl aen,, Opppp Templle,, Ked Shivvaapur Baug,, PnPue",412205,PO-412205-0a0684,high,True
"HNo 446, Alpha Apartments, Main Marg, Next to Bus Stop, Khed Shivapur Baug, Pune, Pune, Maharashtra, 412205",412205,PO-412205-0a0684,clean,False
"flatno 909, Beta pAartments, station tsreet, Opp Bank, Ked Shivapur Baug, puen, PPune, 4122005",412205,PO-412205-0a0684,low,True
house88 56 shre so LIKN MMARG bbeside parkk khed shivaur bagu unee PPnue mh 2205,412205,PO-412205-0a0684,medium,True
"House 558, Alpha Heights, Link Path, Beside Hospital, Khed Shivapur Baug, Pune, Pune, Maharashtra, 412205",412205,PO-412205-0a0684,clean,False
"ROOM 735, Bea Hieghst, Opposeit Hospial, KhedS  hivapur Baaug, pen, en, 412220005",412205,PO-412205-0a0684,high,True
plott 74 Saai Aartments N Metro Statiion KHED SHHIVAPUR BAGU uupne upen MMaharashtraa 4225,412205,PO-412205-0a0684,medium,True
"House 254, Alpha Residency, Station Road, Behind Bus Stop, Khed Shivapur Baug, Pune, Pune, Maharashtra, 412205",412205,PO-412205-0a0684,clean,False
hho 915 Sa iiHeights Oppp Templle hed Shivapur Bauug PPue ne Mharashhtra 1205,412205,PO-412205-0a0684,medium,True
oHuse 766 Aplha Soceity amrket ane nex tto tmeple Khed Sivapur Bauug Pe Pen mh,412205,PO-412205-0a0684,medium,True
"Room 65, Sai Society, Station Lane, Near School, Khed Shivapur Baug, Pune, Pune, Maharashtra, 412205",412205,PO-412205-0a0684,clean,False
ooom 753 Sai  Apartmments Maaiin Marg BesiedSchool Khde Shivapur Baaug Pneu Puneee 1422005,412205,PO-412205-0a0684,medium,True
"ho 872, Shree Coplex, Mraket Path, behindp ark, Khed Shivapur aug, Pue, Pnue, M, 421205",412205,PO-412205-0a0684,low,True
house38 5 Beetaa  Tower linkk ppath opp pteemple Khed Shivvapr aBug PuPn pne MM 4112205,412205,PO-412205-0a0684,high,True
Shop 53311 BeatEnclave tSation aMrg besid emetrostation Khd  Shivapur Baug Pune Pneu h 412520,412205,PO-412205-0a0684,medium,True
"Room 3988, sai heigths, market magr, NR SCHOL, Khed Shiavpur Baug, PUN, PUN, hM, 412250",412205,PO-412205-0a0684,low,True
"HNo 25, Shree Heights, Market Path, Opposite Metro Station, Khed Shivapur Baug, Pune, Pune, Maharashtra, 412205",412205,PO-412205-0a0684,clean,False
"pllloot 843,, Shree  Socitey,, BesiedMetro Statiion,, Ked Shivapurr aBug,, ppuue,, Maarashtra,, 4215",412205,PO-412205-0a0684,high,True
Rooom95 0-eBta Reidenc-MainPath-NearTemllpe-Khed Shivapppru Baug-nuue-MM,412205,PO-412205-0a0684,high,True
"Plot 922, srhee residency, tSation Path, beside hosptial, khed shivapur bag, Pnue, Punee, Maharashrta, 412205",412205,PO-412205-0a0684,low,True
"Flat No 808, Shree Residency, Station Lane, Near Khadki Bazar, Khed Shivapur Baug, Pune, Pune, Maharashtra, 412205",412205,PO-412205-0a0684,clean,False
"Shop 799, Shree Residency, Main Road, Opposite Metro Station, Kondhwa BK, Pune, Pune, Maharashtra, 411048",411048,PO-411048-889157,clean,False
"Shp 570, Alpha Residenc, link mmarg, nxet to bus stop, knodhwa bk, puen, Pnue, mhh, 41048",411048,PO-411048-889157,low,True
Hosue 5526 Shee nclave sttaion steet OppBankk kondhwaa bkk nPue PNNE MhM 41140,411048,PO-411048-889157,medium,True
hon 77 Alphaa oc tation arg ehind us Stop kondhwa  bbk uPnee ppuen HMM 4110148,411048,PO-411048-889157,medium,True
hhno 259 Sia Comlex Beside hoo koonhdwa kb Pne uPene 441014,411048,PO-411048-889157,high,True
UE 968-Sai  Apartments-mmain ppath-NNAER BAANK-koonhdwaa bk-e-Pen-Mhaarashtra-4111084,411048,PO-411048-889157,high,True
"PLOT  86, Beta Sociey, Staiton Rd, Bheind Park, kondhwa bbk, Pun, une, mahaarshtra, 411084",411048,PO-411048-889157,low,True
"Plot 018, Alpa hnEclave, eBBhind Scholo, knodhwwa k, PUNN, Pnnne",411048,PO-411048-889157,high,True
"Room 100, Alpha Heigts, Besied Park, kondhw abk, Pne, Puune, Maharasthra, 411084",411048,PO-411048-889157,low,True
"House 364, Shree Complex, Station Street, Behind Bank, Kondhwa BK, Pune, Pune, Maharashtra, 411048",411048,PO-411048-889157,clean,False
"plot 424, shree towr, Linnk Street, next to bus tsop, kondhwa  bk, Puen, PUNNE, maharashrta, 4110488",411048,PO-411048-889157,low,True
Flatt No  9956-AlphaCCComplex-LLinkkMarg-next tos  chool-konddhwabb k-Puen-41111048,411048,PO-411048-889157,high,True
RRoom 90044-sai rresdency-Markett Patht-Behidn Hsopiital-onddhw abk-PPUNE-punee-44110488,411048,PO-411048-889157,high,True
fat n o12-shre complex-likn  orad-Bediie Park-kondhhwa kbk-unee-hm-4110448,411048,PO-411048-889157,high,True
polt5 00 sia twoer MAINP ATHH Nr Telmpe kondhwabkk pnu Pnu 1148,411048,PO-411048-889157,medium,True
"ho 311, beta enclavee, MARET MARG, next to ospital, kondhwa  bk, Pne, pnue, 4111048",411048,PO-411048-889157,low,True
Shop 677 Aplha Compllex linkk oad besidee ban kndhwa  bk Puee pue MMhh,411048,PO-411048-889157,medium,True
hsop 5500 alpha sssoc Statioon Sttreet OPP HOSPITAL ondhwa kb Pnuee upe ahharashtra 41100488,411048,PO-411048-889157,medium,True
Plto 65 Alpha Aarmtents Sation d besiide bakn kondhwa kkb pune Pe mm 1411048,411048,PO-411048-889157,medium,True
"Shop 965, Alpha Residency, Station Marg, Behind School, Kondhwa BK, Pune, Pune, Maharashtra, 411048",411048,PO-411048-889157,clean,False
"Shop 390, Sai Residency, Station Street, Next to Bus Stop, Kondhwa BK, Pune, Pune, Maharashtra, 411048",411048,PO-411048-889157,clean,False
plot228 sa heigghts next to  tempel KONDHWA BK Pnee ue Maharashraa 11048,411048,PO-411048-889157,medium,True
"Shop 92, Alpha So, Market Lnae, beside hospitall, kndhwa bk, ppune, uPne, 4111048",411048,PO-411048-889157,low,True
Shoop 1170 lpha Residecny ink lne Behindd etro Station kondhw ak uPn Pnu 441048,411048,PO-411048-889157,medium,True
Sp 389 Bta Towwer Station rteet Beside Busu Stop okndhwa  bk Pen maahrashra 4108,411048,PO-411048-889157,medium,True
housee 56-reeS ociety-Nr NC...L. Pun-kodha k-nPu-up-maaharashrtaa-441408,411048,PO-411048-889157,high,True
House 92 Alpha nEclvae Linnk Laane Nea rN.CL. Pune konhwa bk pnnue Pe MAHARAASSHTRA 41084,411048,PO-411048-889157,medium,True
oHHuse 138 pAha Apartments market  rad r Uttamnagar B.OO kondhw akb uPnee unne Maharahsttra 4118,411048,PO-411048-889157,medium,True
Sho p1175 shree heights tSatino Street NNr SShivajinagar kondha wbk Peun Puenn H,411048,PO-411048-889157,medium,True
hn o5591-Apha Enccllave-sttion street-next t oopar-konhdwa  bbk-PPueen-unPee-MMh-4018,411048,PO-411048-889157,high,True
"hno 406, Sai Compllex, Mian Street, Beside PPark, kondhwa bkk, Puune, h, 41108",411048,PO-411048-889157,low,True
"House 691, Sai Residency, Link Path, Near Metro Station, Kondhwa BK, Pune, Pune, Maharashtra, 411048",411048,PO-411048-889157,clean,False
"room 575, Sai Encllave, Link Srteet, OPPOSITE SCHOL, kodhwa bk, Pnue, pne, h, 411084",411048,PO-411048-889157,low,True
Flat oN 98 Betaa Apatments lnik llane Nr Parrrk ondhaw bk une PNUUE 141408,411048,PO-411048-889157,medium,True
PPlo 573 Alpha Cmmplex station rdr BEHIND SCHLO kondhwa bk Pn Pn Mhharashtra 141084,411048,PO-411048-889157,medium,True
flt no 4111 shreee enclave ink Mgar behhindb ankk kodnh abk Pnnue Pn hh 41104488,411048,PO-411048-889157,high,True
"Room 80, Shree Enclave, Station Lane, Beside Bus Stop, Kondhwa BK, Pune, Pune, Maharashtra, 411048",411048,PO-411048-889157,clean,False
"Flat No 463, Shree Enclave, Link Street, Near N.W. College, Kondhwa BK, Pune, Pune, Maharashtra, 411048",411048,PO-411048-889157,clean,False
"Rooom3 0, Beta AApartments, LinkRo add, eBBside BusS top, KNODHWWABK, uuPen, 4101184",411048,PO-411048-889157,high,True
"RRoom 0,, Shr Heights,, iink Path,, Nr Bhusrai CColny,, koodha bk,, uPnn,, Pnuu",411048,PO-411048-889157,high,True
sshop 848-Betta Coplex-SStaion Sreet-Bheind  SSchool-kondhwa   bbk-uunne-nu-44110,411048,PO-411048-889157,high,True
"Flat No 343, Sai Enclave, Station Lane, Next to Hospital, Kondhwa BK, Pune, Pune, Maharashtra, 411048",411048,PO-411048-889157,clean,False
"House 553, Sai Residency, Station Path, Near Bus Stop, Kondhwa KH, Pune, Pune, Maharashtra, 411048",411048,PO-411048-0749ca,clean,False
"shop 36, Sai  Society, mai nrd, Nera Park, kondhwa hk, Punne, PUNEE, maharasshtra, 41108",411048,PO-411048-0749ca,low,True
Falt No 6558 Betaa Heigths Mainn Maarg next o hosptal kodhwa khh pu Pu 41084,411048,PO-411048-0749ca,medium,True
"ohuse 885, alpah soc, Sttaion Street, Opp Hospitla, konhwa kh, Pue, Pun, 4111048",411048,PO-411048-0749ca,low,True
"HNo 98, Alpha Heights, Market Street, Beside Bank, Kondhwa KH, Pune, Pune, Maharashtra, 411048",411048,PO-411048-0749ca,clean,False
"FlatN o 343, Beta nEclave, Market Roadd, besidepark, koondhwa kh, Pnue, puune, Maharahstra, 11048",411048,PO-411048-0749ca,low,True
"Flat No 680, Beta Tower, Station Marg, Beside Park, Kondhwa KH, Pune, Pune, Maharashtra, 411048",411048,PO-411048-0749ca,clean,False
"Flat No 582, Beta Residency, Link Road, Next to School, Kondhwa KH, Pune, Pune, Maharashtra, 411048",411048,PO-411048-0749ca,clean,False
"Shop 417, Sai Apartments, Market Street, Behind School, Kondhwa KH, Pune, Pune, Maharashtra, 411048",411048,PO-411048-0749ca,clean,False
Roo m7744 SShree Encclave Marke tane next to hoospitaal kodnwha kh Puee uen Maahrashtr 411008,411048,PO-411048-0749ca,medium,True
"HNo 926, Sai Tower, Market Path, Beside Temple, Kondhwa KH, Pune, Pune, Maharashtra, 411048",411048,PO-411048-0749ca,clean,False
"House 955, Shree Complex, Market Path, Beside Temple, Kondhwa KH, Pune, Pune, Maharashtra, 411048",411048,PO-411048-0749ca,clean,False
Falt No 3773 Sa Apartents MainR  Near Tple okndhwak h Peun maharastar 411004,411048,PO-411048-0749ca,medium,True
"lta NNo 346, Alphha S, ttSation Sreet, NR BSSTOOP, kondhwa  kh, neP, ppune, Maarashrt, 148",411048,PO-411048-0749ca,high,True
"Flat No 26, Sai Heights, Main Marg, Behind Temple, Kondhwa KH, Pune, Pune, Maharashtra, 411048",411048,PO-411048-0749ca,clean,False
"flt no 62227,, saai ower,, pposit Bus Stop,, kondhwakk,, pnue,, PEN,, 411008",411048,PO-411048-0749ca,high,True
"room 056, shree sooc, Link oad, rN Metro Station, konndhwa kh, Pne, PUUNE, MMh, 11048",411048,PO-411048-0749ca,low,True
pollt374-shree residnccy-BesdiS chool-konndhhwa kkh-uPun-Pe-4084,411048,PO-411048-0749ca,high,True
Fla No  280 Bet aResidecy Link  Margg ear Prak kondhwa kkhh Pune Maarasshtra 1441048,411048,PO-411048-0749ca,medium,True
"Plot 590, Alpha Complex, Main Path, Beside Metro Station, Kondhwa KH, Pune, Pune, Maharashtra, 411048",411048,PO-411048-0749ca,clean,False
"roo m512, Shree TTower, Op pHospital, knodhwa kh, Puune, uPne, Maharashrta, 4111048",411048,PO-411048-0749ca,low,True
"lat No 210, Sa Soc, Linnk Rd, next tom etro station, ondhwa kh, PPune, PUNNE, 410148",411048,PO-411048-0749ca,low,True
Rooom 6488 Sa iHeighs Markket MMarg Nr Model Cloon konhwa hk Punee nPe Mharaashtra 41180,411048,PO-411048-0749ca,medium,True
"Plloot 54,, Shere RResidency,, LinkkLan,, Opposite MeorStation,, konhw h,, ppune,, ueP,, hhh,, 4181",411048,PO-411048-0749ca,high,True
"Flat No 754, Shree Apartments, Market Road, Behind Temple, Kondhwa KH, Pune, Pune, Maharashtra, 411048",411048,PO-411048-0749ca,clean,False
"lto 66,, paha heghts,, marke tpahth,, N BBnak,, kohwa h,, PPPune,, PnPe,, Maharasshtrra,, 411014",411048,PO-411048-0749ca,high,True
"Shop 582, Sai Hieghts, Staation Path, enxt to park, konddhwa kh, PUEN, M, 410148",411048,PO-411048-0749ca,low,True
"Houuse 485, eBta Tower, Lin kPath, nex to school, kondhw kh, PPune, punee, 4111048",411048,PO-411048-0749ca,low,True
"Room 160, Shree Heights, Main Path, Behind Metro Station, Kondhwa KH, Pune, Pune, Maharashtra, 411048",411048,PO-411048-0749ca,clean,False
lpt 404 beetas oc opopsitee school kondhwa kh pe une h 41408,411048,PO-411048-0749ca,medium,True
"Shop 80, Beta Tower, Station Path, Beside Bus Stop, Kondhwa KH, Pune, Pune, Maharashtra, 411048",411048,PO-411048-0749ca,clean,False
"sshopp60,, srhee  residenyc,, TSATION MRRG,, oppoit metro sttation,, konhwa kh,, nuee,, Peuu,, hM,, 411108",411048,PO-411048-0749ca,high,True
"HNo 211, Beta Enclave, Main Marg, Next to Bank, Kondhwa KH, Pune, Pune, Maharashtra, 411048",411048,PO-411048-0749ca,clean,False
"Plot 575, Beta Society, Market Street, Behind School, Kondhwa KH, Pune, Pune, Maharashtra, 411048",411048,PO-411048-0749ca,clean,False
"Shop 2111, Beat Soc, station mmarg, Beside Metro Sttation, kondhwa khh, Pun, Punee, 411048",411048,PO-411048-0749ca,low,True
"House  961, Beta Aprtments, Station Sttreet, Near Vadgaon  Budruk, kodnhwa kh, Punne, uPne, Maharashtar, 4110048",411048,PO-411048-0749ca,low,True
"Flat No 841, Beta Society, Link Street, Beside Park, Kondhwa KH, Pune, Pune, Maharashtra, 411048",411048,PO-411048-0749ca,clean,False
laft no 930 sai resdienncy Near Mohammmadwadi KODNHWA K pnne h 41184,411048,PO-411048-0749ca,medium,True
"ooRm 56, apha ehights, tStaion Roaad, Besiide Scol, oknkdhwa kh, Pne, maharaashtrr, 4441108",411048,PO-411048-0749ca,high,True
"House 270, Shree Tower, Link Path, Near Mangrul B.O, Kondhwa KH, Pune, Pune, Maharashtra, 411048",411048,PO-411048-0749ca,clean,False
"Shop 287, Sai Heights, Main Marg, Near Kondhwa KH B.O, Kondhwa KH, Pune, Pune, Maharashtra, 411048",411048,PO-411048-0749ca,clean,False
"oRom 740, alpha compleex, MARKTE ROAD, Beside Schol, konndhwa kh, Pue, Puen, maharsahtra, 4110448",411048,PO-411048-0749ca,low,True
HOUES 9999 sheee nclave near mtero sation Kondhhwa h Pune Puee hhM 410048,411048,PO-411048-4e9b23,medium,True
"FatNo  774,, BETA OPMEX,, Marekt Sttret,, n rvimaan gnr,, Kohwa Lh,, nPPue,, PPue,, 141048",411048,PO-411048-4e9b23,high,True
"ouse 922, Shree Heigghts, Mraket Rd, BEHIND BBUS STOP, Knodhwa Lh, Puen, Maharasshtra, 141048",411048,PO-411048-4e9b23,low,True
Pot2 70 aSi RResidency Lik Magr Opposste School KKonhdwa Lh un Pen 410148,411048,PO-411048-4e9b23,medium,True
"Flat No 653, Sai Residency, Market Lane, Opposite Temple, Kondhwa Lh, Pune, Pune, Maharashtra, 411048",411048,PO-411048-4e9b23,clean,False
Hose 9227 Beta Resiiency Lnnk Marg esideTemple kodhwal h ue unee maharrashtrra 11084,411048,PO-411048-4e9b23,medium,True
Rooom 4436 AAlppha Heights aMrkket Lane besidebakn Kondhw a Lh PPuen Mh 1148,411048,PO-411048-4e9b23,medium,True
"House 1, Beta Apartments, Link Road, Near Temple, Kondhwa Lh, Pune, Pune, Maharashtra, 411048",411048,PO-411048-4e9b23,clean,False
"hn 38,, Beat Highs,, mark emargg,, NXETT TO METROO STATION,, Knnddhwa Lh,, nPu,, upee,, 411004448",411048,PO-411048-4e9b23,high,True
"HNo 73, Alpha Heights, Main Road, Near Ganeshkhind, Kondhwa Lh, Pune, Pune, Maharashtra, 411048",411048,PO-411048-4e9b23,clean,False
"Shop 544, Shrree Tower, arket Lane, Beside oHspital, Kondhaw Lh, une, Pue, hm, 41104",411048,PO-411048-4e9b23,low,True
Huoe 521 Sia eights sation llane Besi eBank kondhwal uPe PUNUE mmhh 4110848,411048,PO-411048-4e9b23,medium,True
"Plo 572,, ETAA ENCLVE,, Maarkt Mar,, behind hsopital,, ooKndhwaL h,, ppunne,, pnnne,, Maahrrashrta,, 4441048",411048,PO-411048-4e9b23,high,True
oue s609-Saai Resdieny-Main Marrg-oppppoiste temple-Kondhwa LLh-unpee-41111048,411048,PO-411048-4e9b23,high,True
"HHouse 827, Sai Rseidency, min rd, r school, Kondhwa Lhh, Puune",411048,PO-411048-4e9b23,low,True
"Shp 129, Beta ower, Maret Road, Near oHspital, Kondha Lh, Pnue, Punee, 41048",411048,PO-411048-4e9b23,low,True
"oRom 689, sai enclvae, Main Margg, Nar Bus Stop, Kodnhwa Lh, UNE, Punee, 41048",411048,PO-411048-4e9b23,low,True
"House343, Alpha Apratments, Link Pah, Besidde Park, Kondhwa L, Pun, puune, hM, 4110488",411048,PO-411048-4e9b23,low,True
FLAT NNO 91 tea Residency Mare tRd nxt to hospitall KKonhwa Lh upe 4411048,411048,PO-411048-4e9b23,medium,True
ho 455 Shree Heights Statin treet OOppp Hospital Knodhwa Lhh Puun NUE maharrashtr 410488,411048,PO-411048-4e9b23,medium,True
Flat No 744 BeetaT ower tation rod Near Temmlpe KKondhwaa Lh Pen uen Mhaarahstra 4148,411048,PO-411048-4e9b23,medium,True
oRmo 755 EA SOCIETY mmani marg Besid eScohol Konddhwa Lh PPuen Punue Mahharashta 410148,411048,PO-411048-4e9b23,medium,True
Fllt oN 61 saaii compelx ilnk llnae beehid bankk KKondwha hL uP Punnnne 1108,411048,PO-411048-4e9b23,high,True
"flat o 832, BetaA partments, sttation road, next to hosptial, konddhwa lh, Punee, upne, MMh, 411084",411048,PO-411048-4e9b23,low,True
Flat  o 224-sai enclllaev-Maain  Marg-NR  BAENR DSO UPNE-KOONDHW AHL-Pne-upne-401418,411048,PO-411048-4e9b23,high,True
"Plot 607, Beta Enclave, Main Lane, Behind School, Kondhwa Lh, Pune, Pune, Maharashtra, 411048",411048,PO-411048-4e9b23,clean,False
"House 291, Shree Complex, Market Path, Next to Hospital, Kondhwa Lh, Pune, Pune, Maharashtra, 411048",411048,PO-411048-4e9b23,clean,False
"Sop 556, alpha heiights, Mainn Road, Opposite Shool, kondhwal h, PNUE, 411084",411048,PO-411048-4e9b23,low,True
ROMM 515 Srhee Compelx Sattion Mag besddie school Knhwa Lh Puee Pnuee M 44111048,411048,PO-411048-4e9b23,medium,True
"Room 878, Beta Apartments, Main Street, Beside Bus Stop, Kondhwa Lh, Pune, Pune, Maharashtra, 411048",411048,PO-411048-4e9b23,clean,False
flat n118 BetaTwoer Mai Lnae Near Raviar  Peth kondhwaa l PUUE pn hMM 4411084,411048,PO-411048-4e9b23,medium,True
flat o 27-aii towre-ilnkm argg-eNaar Guruwar Petth-KonhawL h-unen-PPe-Mhhh-41108,411048,PO-411048-4e9b23,high,True
"hno 5531, SaiEnclave, Link Strreet, Near Tempple, Konddhwa Lh, Pun, Punne, hM, 4411048",411048,PO-411048-4e9b23,low,True
"Flat No 252, Sai Residency, Main Marg, Opposite Metro Station, Kondhwa Lh, Pune, Pune, Maharashtra, 411048",411048,PO-411048-4e9b23,clean,False
houes 947 sai ccomplex Mareetk Rd Opposiite Mero Statin oknhdwalh pun Punn aharashtra,411048,PO-411048-4e9b23,high,True
"Plot 403, Alpha Tower, Main Path, Opposite Park, Kondhwa Lh, Pune, Pune, Maharashtra, 411048",411048,PO-411048-4e9b23,clean,False
Rooo m00 apha erssidency markett alnee nearrpk oKndhw Lh Puneee Puen Mahraashtrraa 14104888,411048,PO-411048-4e9b23,high,True
hn 9947 shree commpplex Main  Stree neea park ondhaw lh upn unne 44110048,411048,PO-411048-4e9b23,medium,True
"Room 202, Sai Society, Station Street, Opposite Park, Kondhwa Lh, Pune, Pune, Maharashtra, 411048",411048,PO-411048-4e9b23,clean,False
"Room 313, Sai Tower, Market Street, Next to Bank, Kondhwa Lh, Pune, Pune, Maharashtra, 411048",411048,PO-411048-4e9b23,clean,False
"Flat No 311, Beta Residency, Market Street, Opposite Temple, Kondhwa Lh, Pune, Pune, Maharashtra, 411048",411048,PO-411048-4e9b23,clean,False
"oHse  657,, Alha T ower,, NearT emmpple,, kndhwa ,, Puunnee,, MMaharashtra,, 1441084",411048,PO-411048-4e9b23,high,True
"Plot 836, Sai Enclave, Station Marg, Beside Metro Station, Kothrud, Pune, Pune, Maharashtra, 411038",411038,PO-411038-9503e5,clean,False
hhousee647-ebta ocmlpex-eside Tple-oKhud-ppuunne-nnpe-aharsatra-41103388,411038,PO-411038-9503e5,high,True
"Flatt No653,, Btea pAatrments,, Mrke tSttreet,, Near Baijjra Road,, ohru,, Puuuen,, PPuee,, Maahrashar",411038,PO-411038-9503e5,high,True
"Plot 225, Alpha Residency, Market Road, Near School, Kothrud, Pune, Pune, Maharashtra, 411038",411038,PO-411038-9503e5,clean,False
"Sohp 499, Si Tower, Main Sreet, next to bus sto, kothurd, PUNNE, pue, 141038",411038,PO-411038-9503e5,low,True
hn 449 Sai eHighhts MMainStreet nr botanicaal garden  - pune othud pune ne maahrastra 4103,411038,PO-411038-9503e5,medium,True
shoop 8817 SaiT owerr SStatin Marg next top  ark koothrudd upe 41110388,411038,PO-411038-9503e5,medium,True
Rom 890-BetaAA patrments-MARKKET RRAD-next to metro statoin-KKKothurd-ppne-PPPun-MM,411038,PO-411038-9503e5,high,True
pot 53 Sai nclve MaiRn d Near Naraan ePth Ktorud puunee m 41108,411038,PO-411038-9503e5,medium,True
Sopp 52-Sia  Towwer-StatinRd-N rHspita-Kohtttrud-Pueee-puun-h-411130,411038,PO-411038-9503e5,high,True
nho 666 sais ocietty maket pathh BESIDE HOSPITAL kotru UN M 1108,411038,PO-411038-9503e5,medium,True
"Sho p630, Shree Heihts, Lnik Road, oppsoite temple, KKothrud, uPne, Pue, h, 4110038",411038,PO-411038-9503e5,low,True
"Plot 945, Beta Complex, Link Road, Opposite Temple, Kothrud, Pune, Pune, Maharashtra, 411038",411038,PO-411038-9503e5,clean,False
"FLAT NO 94, SHREE REESIDENCY, opposite hospita, kkothrud, une, Puune, M, 411038",411038,PO-411038-9503e5,low,True
housse 92 ssai sc Maain Street Nera Hosiptal Kothrud pnnue unne hMM 401138,411038,PO-411038-9503e5,medium,True
"plot 433, ai tower, bbehind school, Kothrudd, Puune, Pne, Maharashtar, 41108",411038,PO-411038-9503e5,low,True
"RRoom 98, btea ressdiency, BesiideeTmple, KTOHUR, PPuuen, ppunee, MAHARASHTRHA, 41103",411038,PO-411038-9503e5,high,True
hno 5 BteaTower aMrkket Path Behind us Sotp Kotrud pune aMhaarashtra 4111308,411038,PO-411038-9503e5,medium,True
"Shop 353, Beta Tower, Station Lane, Next to School, Kothrud, Pune, Pune, Maharashtra, 411038",411038,PO-411038-9503e5,clean,False
"FlatNo 557, Beta Towwer, Station Lan, next to parkk, KOTHUD, une, pnue, 411308",411038,PO-411038-9503e5,low,True
"Room 27, asi residency, market mag, Nea rMetro Station, Kohtrud, pnue, ppune, MMh",411038,PO-411038-9503e5,low,True
"FLAT NO 2977, Sai Eclave, Nrr Bus Stop, Kothurd, Pne, 4111038",411038,PO-411038-9503e5,low,True
hon2 50 Si oc Marrkett Road Behnd Meto Station oKhrud upe 41138,411038,PO-411038-9503e5,medium,True
Housse 87 Shree Eclave Mna Lane Oppp Bus Stoop kothruddd PPnue uppne HAARASHTRA 411108,411038,PO-411038-9503e5,medium,True
flt n o880 SHREE PAARTMENNTS Maai nRd Nr .V. Nr TOHRUD Punen 411003,411038,PO-411038-9503e5,medium,True
room  247 Alpha Enclavvee main rda Bseidde Bus Stop Ktorhud PPue uPen hh 4101138,411038,PO-411038-9503e5,medium,True
"Shop 29, Alpha Enclave, Station Street, Behind Hospital, Kothrud, Pune, Pune, Maharashtra, 411038",411038,PO-411038-9503e5,clean,False
Shp 1666 lApha Heihgts Likk Path Beind Templ kothrdud pue 41130,411038,PO-411038-9503e5,medium,True
Room   899 SaiEnlcave aMMin Path next ot abnk Kotru UNEE Pue h 4110338,411038,PO-411038-9503e5,medium,True
"Room 570, Alpha Enclave, Station Marg, Behind Hospital, Kothrud, Pune, Pune, Maharashtra, 411038",411038,PO-411038-9503e5,clean,False
Flat N o5510 alpha residecn ik Path oposiet bus stop kotthrudd pnnue Pne 410183,411038,PO-411038-9503e5,medium,True
hSop 9900 beta  residenccy mmain mag rN Ban Kotrhd UPEN mahaaraashtra 41013,411038,PO-411038-9503e5,medium,True
"hno387, betta soc, Link MMarg, next to tempel, ktohrud, Pnue, une, maharsahtra, 411038",411038,PO-411038-9503e5,low,True
Hsue 35 Sree Heights eBside Bus  Stop oktrhud Punn ne Mhaaashtra 41103888,411038,PO-411038-9503e5,medium,True
"Flat No 84, Sai Society, Main Marg, Next to Bank, Kothrud, Pune, Pune, Maharashtra, 411038",411038,PO-411038-9503e5,clean,False
SHOP8 24 bte acomplex mmarket streett next o hospital Kohtrdu punnne PPun mhaaraashtra 411338,411038,PO-411038-9503e5,medium,True
osp 47-Btaa Resideny-Mraekt arg-Besid BBannk-kotthruu-Pnuen-nne-414038,411038,PO-411038-9503e5,high,True
shopp 87 SAI REISDDENCY mmmarket path nr vim angr Ktorhud pen PUNEEE hMM 41108,411038,PO-411038-9503e5,medium,True
"HNo 853, Alpha Residency, Station Lane, Near Kondhwa BK B.O, Kothrud, Pune, Pune, Maharashtra, 411038",411038,PO-411038-9503e5,clean,False
Shop76 AAlpha Heigths market lnaae Opp Hospital kottrhud Pu un mh 411038,411038,PO-411038-9503e5,medium,True
"HNo 930, Sai Residency, Market Marg, Near Lokmanyanagar, Kothrud, Pune, Pune, Maharashtra, 411038",411038,PO-411038-9503e5,clean,False
"House 506, Beta Society, Link Marg, Next to Bank, Kothrud, Pune, Pune, Maharashtra, 411038",411038,PO-411038-9503e5,clean,False
Hoouse603 si apartmennts mraaket road Near chooll Loogano Puune pue m 41417,411047,PO-411047-eb27bc,medium,True
HHNO62-beta sooieyt-ink road-EBSID BANNK-LLOHOGOAON-Pnn-Pu-1107,411047,PO-411047-eb27bc,high,True
"Room5 1, Sai Compelx, statin marg, NEEXT TO TEMPLE, lohogano, pne, Pnue, 41147",411047,PO-411047-eb27bc,low,True
hno 589 beta heeight Markte Roa nearr metro sation Lohooan ne MM 1107,411047,PO-411047-eb27bc,medium,True
"flat nno 750, BetaHeights, LinkM arg, Near Metro Sttion, Lohogaoon, PUNNE, punee, 4110447",411047,PO-411047-eb27bc,low,True
fla on 616 Bta Apatrments op pabnk Loohogan PPuune Pnne mh 41107,411047,PO-411047-eb27bc,medium,True
"rom 826, shree residdency, Statiion Lane, nextt to school, Lohgaon, Pun, PUNEE, hM, 11047",411047,PO-411047-eb27bc,low,True
Hous 4e19 ssai towwer market pt Behind eTmlpe Loohgao uen Puneee mm 4114077,411047,PO-411047-eb27bc,medium,True
"HNo 280, Alpha Complex, Market Street, Near School, Lohogaon, Pune, Pune, Maharashtra, 411047",411047,PO-411047-eb27bc,clean,False
"Room 422, Beta Society, Station Path, Near Park, Lohogaon, Pune, Pune, Maharashtra, 411047",411047,PO-411047-eb27bc,clean,False
Sopp393-alpphas occiety-Station oooad-Beide Temple-llooohogaon-ue-uuPn-0447,411047,PO-411047-eb27bc,high,True
"HOUS496,, Beta  Aparttmenst,, lnk marggg,, oppoiite pak,, Lhoagon,, uuPnee,, uPnn,, 4101",411047,PO-411047-eb27bc,high,True
"hnno 888, ai Heights, market sreet, behindm etro station, Lohhogaon, upne, PPUNE, 4110447",411047,PO-411047-eb27bc,low,True
"Shop 63, Alpha Apartments, Station Street, Behind Metro Station, Lohogaon, Pune, Pune, Maharashtra, 411047",411047,PO-411047-eb27bc,clean,False
"Shop 4776, shree encllave, link apth, Opp Temmple, lohogan, une, puune, hM, 41104",411047,PO-411047-eb27bc,low,True
"House 651, ShreeEnclave, Statio Road, nr s.p. colleg, Lohgaon, pne, pue, Mhh, 4110047",411047,PO-411047-eb27bc,low,True
House 252 shreee nclavee Link Marrrg beidde bank Lohoogoan uune Puuen 4101047,411047,PO-411047-eb27bc,medium,True
"Rom 444, Apha Heights, link laen, Nr Metro Sttion, Lohogaonn, une, Pne, 4111047",411047,PO-411047-eb27bc,low,True
"Shop 478, Alpha oSciety, mai rd, oppp metro station, Lohgoaon, punee, pun, 4111047",411047,PO-411047-eb27bc,low,True
"Plt  376,, Shee Toowre,, Main  d,, NEXT  TO PRAKK,, Loogaon,, Puuee,, pe,, Maharhstra,, 410047",411047,PO-411047-eb27bc,high,True
"PLOT 24, ALPHA TWOER, link mag, bbeside hospital, Loohgaon, PPune, uPne",411047,PO-411047-eb27bc,low,True
lpo t724 SShree Soiccety market   amrg Op pBu Stpo Lohaaogon Puuee maarashatr 41117,411047,PO-411047-eb27bc,high,True
"oRom 11, SSi Residdency, lliink pathh, Bhhheind Park, Lohhggoaon, uuPne, Pnuee, harashttra, 4104477",411047,PO-411047-eb27bc,high,True
"NHO 165, Beta Twoer, station streeet, Nr  Metro Station, Lohgaon, puen, maharahtra, 410147",411047,PO-411047-eb27bc,low,True
hSopp 919 Sai EEncalve Link MMrg nxt top ark lohoogao PPPune PNEU 4104,411047,PO-411047-eb27bc,medium,True
"NO 32, bta oweer, nett to bus sttop, ologan, neu, P, Maarsahrta, 1114047",411047,PO-411047-eb27bc,high,True
on 57-Bea tSocc-Man Mgar-r arrk-Lohgon-PUNNEE-PPPunne-M-414107,411047,PO-411047-eb27bc,high,True
HNOO 7756 Beta SSociey Stattion Street EHINND SCHOOL Loogaonn PPun peu 41014,411047,PO-411047-eb27bc,medium,True
"Room 994, Shree Apartments, Station Marg, Behind Bank, Lohogaon, Pune, Pune, Maharashtra, 411047",411047,PO-411047-eb27bc,clean,False
Room 961-ALPHA OCMLEXX-link stsreet-nr  9brrd b.o-Lohoogoaon-UUNE-Pue-hh-401477,411047,PO-411047-eb27bc,high,True
houes 78 AApha Heights Main Street Opp Meetro tSation Lohogoann Punnee Mhh 1047,411047,PO-411047-eb27bc,medium,True
hno 91111 bet towerr Mai nSreet near ammunition factory khadki Lhoogao Peu 4110477,411047,PO-411047-eb27bc,medium,True
"oHues 6009,, Sia Heiths,, neext to osptal,, Logoan,, un,, UUNE,, MMh,, 141047",411047,PO-411047-eb27bc,high,True
Houe 404 sai rssidency Liink Streeet Opposite Mtro Statio LLohogan Peun Maharhastra 41074,411047,PO-411047-eb27bc,medium,True
"Plot 399, Alpha Apartments, Link Road, Opposite Bank, Lohogaon, Pune, Pune, Maharashtra, 411047",411047,PO-411047-eb27bc,clean,False
flat nnno 607 Alhpa Hegihts marrkket marg Ner Nanded-Pune LLohoagon Puee 114047,411047,PO-411047-eb27bc,medium,True
hon 9888 Sai Apatrmentss Marke tR nxxet to hospital Lohgooaon ne Puneee h 4110447,411047,PO-411047-eb27bc,medium,True
"HNo 325, Shree Enclave, Link Lane, Behind Hospital, Lohogaon, Pune, Pune, Maharashtra, 411047",411047,PO-411047-eb27bc,clean,False
"Hosue894,, Alphha Heighhtss,, LinkkStreet,, Nrr MeroS tation,, lohoogaaon,, Punnee,, unp,, Mahaarshtra,, 4107",411047,PO-411047-eb27bc,high,True
"ho 2, sai encalve, neart emple, OHOGAON, une, une, hM, 4110447",411047,PO-411047-eb27bc,low,True
"Shop 605, Sai Complex, Main Path, Opposite Temple, Lohogaon, Pune, Pune, Maharashtra, 411047",411047,PO-411047-eb27bc,clean,False
"Flat No 493, Alpha Heights, Link Marg, Beside Metro Station, Lohogaon, Pune, Pune, Maharashtra, 411047",411047,PO-411047-eb27bc,clean,False
"hno 479, Shree Cmoplex, Behnid Bus Stop, lokmanyanagra, PNE, pue, 141030",411030,PO-411030-f9824b,low,True
"Shop 834, Beta Tower, Link Marg, Behind Hospital, Lokmanyanagar, Pune, Pune, Maharashtra, 411030",411030,PO-411030-f9824b,clean,False
"House 444, Beta Residency, Market Street, Next to Park, Lokmanyanagar, Pune, Pune, Maharashtra, 411030",411030,PO-411030-f9824b,clean,False
"House 179, Shree Residency, Market Lane, Behind Bus Stop, Lokmanyanagar, Pune, Pune, Maharashtra, 411030",411030,PO-411030-f9824b,clean,False
"Flat No 261, Sai Complex, Main Lane, Beside Metro Station, Lokmanyanagar, Pune, Pune, Maharashtra, 411030",411030,PO-411030-f9824b,clean,False
"House 199, Alpha Heights, Link Marg, Near School, Lokmanyanagar, Pune, Pune, Maharashtra, 411030",411030,PO-411030-f9824b,clean,False
HOP 38 beta soiety link  patth Nrr Kothru lokmayanaagr pnuee Pn hmm 110330,411030,PO-411030-f9824b,medium,True
"flt no 911, Beta AApartments, Marekt Street, Nr Par, lokmananagar, PUE, Pue, hm",411030,PO-411030-f9824b,low,True
"Shop 581, Beta Apartments, Link Street, Near Bus Stop, Lokmanyanagar, Pune, Pune, Maharashtra, 411030",411030,PO-411030-f9824b,clean,False
"hSop 737, alpha compleex, Lnik Path, N rN I B M, Lomkanyanagar, Pun, PUEN, hM, 411003",411030,PO-411030-f9824b,low,True
"sshop 849, shree apartmentts, Behind Pak, Lomkanyanagar, Pue, Punne, Mhh, 41130",411030,PO-411030-f9824b,low,True
"Plot 37, btea society, sttaion lane, Oppoosite Park, Lokmanyanaar, Puen, Maharasthra, 411003",411030,PO-411030-f9824b,low,True
"Room 29, Shree  Society, Opposite Paark, lookmanyanagar, uPne, pnue, mahaarashtra, 410130",411030,PO-411030-f9824b,low,True
hon 547 SSaaiComplex Linkk aht ENXT T OUBS STOP lmomanyanagar upune upne Maharrahtrra 411100,411030,PO-411030-f9824b,high,True
"fal tno 32,, BeetaT owwer,, mmianl ane,, NE XTO BUS STPO,, lokkmnayanagr,, une,, upeen,, aMhraastra,, 410",411030,PO-411030-f9824b,high,True
HOSUEE 12 Shree EEnclaev Lni Rd Behnid Temle olkmmanyanagar Puun MAARASHRTA 41100300,411030,PO-411030-f9824b,medium,True
Hose 8 Sai Soccieyt lik rd Beide Par lokmamnyanagar puue ppnue mhhh 411130,411030,PO-411030-f9824b,medium,True
hhuose 377 ETA AAPPRTMENTS LIK AMRGG RN BAAANK Lokmanayyagar une uuPune hMM 11000,411030,PO-411030-f9824b,high,True
plot5 112 Si nEclave Mainn Stret Behind  Bs Stop Lokmanyangarr Pe pnuee hh,411030,PO-411030-f9824b,medium,True
"nho 281, sai encllave, next to hspital, Lokmaanyanagar, Pun, pue, mmh, 41130",411030,PO-411030-f9824b,low,True
"POLT 317, alpha enclaave, pp park, lkmanyanagar, Punne, PUUNE, 4111030",411030,PO-411030-f9824b,low,True
"Sho p293, beta compplex, Link  Street, nr slaisbury park, Lokmanyanaagar, Pnue, Puen, 411003",411030,PO-411030-f9824b,low,True
"Flat No 33, Alpha Apartments, Market Marg, Behind School, Lokmanyanagar, Pune, Pune, Maharashtra, 411030",411030,PO-411030-f9824b,clean,False
"Flat No 805, Beta Complex, Main Lane, Near Bank, Lokmanyanagar, Pune, Pune, Maharashtra, 411030",411030,PO-411030-f9824b,clean,False
"Flat No 12, Shree Twer, Main Paath, eside School, LOMANYANAGAR, pun, une, 11030",411030,PO-411030-f9824b,low,True
"room  801, Saai Heights, mani lane, near  shivajinagar, LOKMANYANAAR, une, pne, hM, 4111030",411030,PO-411030-f9824b,low,True
Plt5 46 alpha heeightts Man SStreet Opp Tempple lokmaanyanaggar Puunee 1410330,411030,PO-411030-f9824b,medium,True
"Shop 936, Shree Heights, Station Path, Opposite Hospital, Lokmanyanagar, Pune, Pune, Maharashtra, 411030",411030,PO-411030-f9824b,clean,False
"Room 7, BET APARTMENTS, market paath, Beside Bus SStop, Lokmnayanagar, punne, uPne, 4111030",411030,PO-411030-f9824b,low,True
"nho  694, Sree Encllaave, MMain Steeret, nextto sschool, Lkkmnayanagar, UEE, puene, mmhh, 413300",411030,PO-411030-f9824b,high,True
RRom 352 Shrre Soc Main Laee beihnd  bank lokmnayanagra puue 411330,411030,PO-411030-f9824b,medium,True
"plt 735, ALPHA TOWERR, ink road, opposite bbus stop, Lokmanyanagaar, Puune, 41130",411030,PO-411030-f9824b,low,True
Fla No 220-BtaeRsidency-stttaion ptah-next to ohsppitaal-Lokmanyaangr-PPun-PUNN-Maarastra-4111003,411030,PO-411030-f9824b,high,True
"no 605, Btea Residency, oppoiste park, Lokmanyaangar, Puen, pne, 411030",411030,PO-411030-f9824b,low,True
"HOUSE 725, asi heights, Lik Lane, near baner dos pune, lokmnayanagar, PPUNE, Pun, Maharrashtra",411030,PO-411030-f9824b,low,True
"Flat No 365, Shree Residency, Link Street, Next to Metro Station, Lokmanyanagar, Pune, Pune, Maharashtra, 411030",411030,PO-411030-f9824b,clean,False
"Shho pp715, Alph Hiehgts, main naae, Bheind Mettro Statio, koLmanyanagar, Pe, mhh, 411130",411030,PO-411030-f9824b,high,True
"Room 1, Alpha Apartments, Main Road, Near Ambarvet B.O, Lokmanyanagar, Pune, Pune, Maharashtra, 411030",411030,PO-411030-f9824b,clean,False
"plot 616, Shree Enclaave, Neaar Muthe B.O, lkomanyanagar, Pne, Maharahstra, 411030",411030,PO-411030-f9824b,low,True
"hno 459, Beat Apartments, Main Margg, Besde School, lokmanyanaagar, pun, Puen, M, 4110300",411030,PO-411030-f9824b,low,True
PPlot 76 ALLPHA NCLAVE lk rd next o scool Lokkmanyaanagar Pn unne Mhh 41110030,411030,PO-411030-f9824b,medium,True
"Flat  No 199, Shre oTewr, sstatin magr, Nr  PParkk, Lokmannyaangar, n, Pnue, Mahharashr, 14411030",411030,PO-411030-f9824b,high,True
Hous 96 sa resiency next too ubs stop mandiv kb Pune pune Mh 411023,411023,PO-411023-9cd609,medium,True
hno277 Beeta Residencyy rbhusari colony madi bk Pneu pune Maharrasshtra 411023,411023,PO-411023-9cd609,medium,True
hoous e31 Shrre Enclave Mrket Magr eside mmetro station mandvi bk Pune 411032,411023,PO-411023-9cd609,medium,True
"Plot 159, shree compplex, Market Lae, Nr Metro Staation, mandvvi bk, Punee, hM, 4110233",411023,PO-411023-9cd609,low,True
"hno 5662, Beta Resiency, MAINS TREET, next tto metro station, mandvibk, une, Puune, MMh, 4111023",411023,PO-411023-9cd609,low,True
no 70 shhree toweer Main ddR behindpakr amndv bk PNE Pn MMhh 41203,411023,PO-411023-9cd609,medium,True
HHouse 239 beeta heeights BesideB us Stp mandv ibbk Pneu ne h 11203,411023,PO-411023-9cd609,medium,True
"Flat No 414, Beta Tower, Station Marg, Next to Hospital, Mandvi BK, Pune, Pune, Maharashtra, 411023",411023,PO-411023-9cd609,clean,False
hpo 966 Srhee Towwer ain street netxt to temple maanddvi bk PPnue Pen 4111032,411023,PO-411023-9cd609,medium,True
hno 663 ALPHA  COMLPEX linnk stree neeext to bank mandvi   bk pn ppnue h 41100233,411023,PO-411023-9cd609,medium,True
House 207 alpa eights nnearp ark manvi kb unee pn MAHARSAHTRAA 44111023,411023,PO-411023-9cd609,medium,True
"plot 776, Sai Heightts, Station Streett, Beside SSchool, mandvib k, Punee, Punee, maharashtr, 4411023",411023,PO-411023-9cd609,low,True
"Hus9e11, Sai Arpatmnts, ooposite  park, adiv bk, PPuPne, punn, hm, 4110223",411023,PO-411023-9cd609,high,True
"ouse 680, Shree Socieyt, next  to park, manvdi bk, Puen, Pue, 410123",411023,PO-411023-9cd609,low,True
"HNo 157, Sai Tower, Market Marg, Behind Metro Station, Mandvi BK, Pune, Pune, Maharashtra, 411023",411023,PO-411023-9cd609,clean,False
"SShop 476, Shree Hieghts, Sattion Path, Nr Paark, manndvi bk, PPune, une, 4110023",411023,PO-411023-9cd609,low,True
"Flat No 979, Sai Tower, Station Marg, Opposite Bus Stop, Mandvi BK, Pune, Pune, Maharashtra, 411023",411023,PO-411023-9cd609,clean,False
"House 405, Sai Society, Link Marg, Next to Metro Station, Mandvi BK, Pune, Pune, Maharashtra, 411023",411023,PO-411023-9cd609,clean,False
"Plot 490, Alpha Complex, Main Path, Near Kondhwa Lh B.O, Mandvi BK, Pune, Pune, Maharashtra, 411023",411023,PO-411023-9cd609,clean,False
"hhno 93, Sai Heighhts, Market Patth, oppsoite hospital, amndvi bk, pue, pue, maharashttra, 41123",411023,PO-411023-9cd609,low,True
"rooom 494, Bea Complex, marketp ath, Nr  Temple, madnvi bk, pne, Punee, 4111023",411023,PO-411023-9cd609,low,True
"oom 781, Alpah Soc, Link Rod, oppoiste bank, MANVI BK, PPune, upne, 41023",411023,PO-411023-9cd609,low,True
"HNo 95, Alpha Apartments, Market Road, Near Iaf Station, Mandvi BK, Pune, Pune, Maharashtra, 411023",411023,PO-411023-9cd609,clean,False
"HNo 160, Shree Enclave, Market Lane, Near Vadgaon Sheri, Mandvi BK, Pune, Pune, Maharashtra, 411023",411023,PO-411023-9cd609,clean,False
Plolt 72 ia complex maret ath rNN Temple mnadvib k Pe Pune 111023,411023,PO-411023-9cd609,medium,True
"HHouusee 290,, Shee eHight,, mrrket rrd,, next t ometr osttion,, manvdi bkkk,, Pn,, PPne,, 11023",411023,PO-411023-9cd609,high,True
"Flat N 994, Si Enclave, Behind ank, MANVDI BK, puen, mhh, 41123",411023,PO-411023-9cd609,low,True
"hno572, Shee Complex, mainmarg, Near Hosptal, MAANDVI BK, Puen, uPne, Mahaarshtra, 410123",411023,PO-411023-9cd609,low,True
"lat No18, alphae iights, mare td, nr manjari kbbo, mnddvib k, uP, Pun, hm, 411023",411023,PO-411023-9cd609,high,True
Sho p6633 ai Complee MianLaane ntexto park mndvi kb Puenn uPne aharshta 140023,411023,PO-411023-9cd609,high,True
hn o421 Shree Heeightss aMrket Maarg Nr Metro  Statio mandibk upnne uPune h 441123,411023,PO-411023-9cd609,medium,True
plot3 2 Beta Resdecy Station Mrrg Behnd Mtero Station mndv bk nue nPe 441102,411023,PO-411023-9cd609,medium,True
"House 527, Sai Apartments, Station Path, Beside Park, Mandvi BK, Pune, Pune, Maharashtra, 411023",411023,PO-411023-9cd609,clean,False
"room1 , Alpha Hieghts, amrket street, next ot park, mandv bk, Pne, Maharasthra, 411023",411023,PO-411023-9cd609,low,True
"latNo 5565, shreesociiet, Sttaiionn Road, ne rban, madniv  bk, ppuuen, uppe, MMhh, 411120",411023,PO-411023-9cd609,high,True
PLOT 8007 shre eapartmenst Min ane Near Rnge Hlls mmandiv bk pun uPen Maharasthrra 40123,411023,PO-411023-9cd609,medium,True
"Plot 90, beta scoiety, liink marg, netx to park, mandiv bk, Punne, Maaharashtra, 141023",411023,PO-411023-9cd609,low,True
"Fat No 41, sa iheights, Sttion Lane, Behind HHospital, MANDVI KB, une, Punee, hM, 41102",411023,PO-411023-9cd609,low,True
"House 983, Beta Apartments, Market Path, Near Hospital, Mandvi BK, Pune, Pune, Maharashtra, 411023",411023,PO-411023-9cd609,clean,False
oom 21 alpha  ccomplex N rVdgaon Budruk MNDVI K pune uPe h 4111023,411023,PO-411023-9cd609,medium,True
"hon 499, bet tower, station  marg, nr tepmle, manvi bk, Puen, Punne, maharshtra, 410123",411023,PO-411023-9cd609,low,True
"Flta No 451, Sai Height, link magr, opposite hoospital, mndvi bk, upne",411023,PO-411023-9cd609,low,True
"House 214, Shree Tower, Main Marg, Near Bus Stop, Mangrul, Pune, Pune, Maharashtra, 412410",412410,PO-412410-10e297,clean,False
"rooom 027,, i comlpex,, LIN KLEAN,, OOppH sopital,, MANGLU,, upenn,, peeun,, MMh,, 44112401",412410,PO-412410-10e297,high,True
"hno374, shree ttower, Near  Dighi Camp, Magrul, Puune, une, mahrashtra, 421410",412410,PO-412410-10e297,low,True
"Fat No 275, Sai TTower, Maiin Marg, opp bank, Mangrl, Pne, 4124100",412410,PO-412410-10e297,low,True
"pott 710,, Sai Enccclav,, lin kptahh,, Nr aSsanenaaagr,, Mannrgl,, PuPne,, ppne,, hhmh,, 411",412410,PO-412410-10e297,high,True
ro 35 alpha apartmmets statino alne OppoisteSchool mnangrul puuune pue 1210,412410,PO-412410-10e297,medium,True
Flat  N480 Alpha Coplxe Sttaionn Road next to etr station Manngrlu nPue Puue,412410,PO-412410-10e297,medium,True
"House 14, Alpha Residency, Station Road, Near Hospital, Mangrul, Pune, Pune, Maharashtra, 412410",412410,PO-412410-10e297,clean,False
PPlot  4558 alpah encavle sttaaion ath OppBBakn Magnrrrul n uPPen MMaharahstr 4124100,412410,PO-412410-10e297,high,True
"Plot8 34, HREE ENCLAVV, LLin kPth, ppp Metro Station, aMnngrrul, nuee, pun, Maaharsahrta, 41140",412410,PO-412410-10e297,high,True
"HNo 445, Sai Residency, Link Marg, Near School, Mangrul, Pune, Pune, Maharashtra, 412410",412410,PO-412410-10e297,clean,False
"Hous 22, Sai Toer, lin kstreet, Besidee Park, Mangul, Pue, Pnue, hM, 41410",412410,PO-412410-10e297,low,True
hn o3-aSi ToTwer-ma imar-nexxt tto  hospital-mnangru-Pueenn-maahahtra-444122410,412410,PO-412410-10e297,high,True
"hno9 68, Shree Enclae, stationstreet, Behind SSchool, aMngrul, Puen, 421410",412410,PO-412410-10e297,low,True
"Plot 152, Sai Residency, Link Lane, Opposite Hospital, Mangrul, Pune, Pune, Maharashtra, 412410",412410,PO-412410-10e297,clean,False
pot 3346 aplha resdency aMin Pathh Nar Khed hSivapur Baug Mangurul npue PuPne MAAHARSHTRA 4121,412410,PO-412410-10e297,medium,True
Fllat  N 893 ShreeHeghs Statni oRad Nr Dhanori i.O Manglr nuue Pun Mh,412410,PO-412410-10e297,high,True
"HNo 908, Shree Apartments, Market Path, Opposite Bank, Mangrul, Pune, Pune, Maharashtra, 412410",412410,PO-412410-10e297,clean,False
"Plot 830, Shree Heights, Market Path, Beside Hospital, Mangrul, Pune, Pune, Maharashtra, 412410",412410,PO-412410-10e297,clean,False
Plot 7277 Shree Compllex Sttatoin Lan nextot hosspital Manrull up 4124100,412410,PO-412410-10e297,high,True
"Pot 412, BetaComplex, Statino Street, Opposite Hosspital, mangrull, Punne, pun, Maharashtar, 412401",412410,PO-412410-10e297,low,True
Falt oN 530 Beta AAApartments Link Srete Neea Bus Stop Magnrl Peun Pen mh 4241,412410,PO-412410-10e297,medium,True
Sohp 263 alpha towrr Behinnd Tempel magnurl unne mmahrashtra 41240,412410,PO-412410-10e297,medium,True
"Hose 547, Betaa S, BBehind cShool, nagrlu, PuPnne, PPunen, MMh, 421100",412410,PO-412410-10e297,high,True
"plott 428, alph soc, Link Mrg, next ot school, mangrlu, Punee, Pun, hm, 41410",412410,PO-412410-10e297,low,True
"Flat No 897, Shree Society, Station Path, Beside Metro Station, Mangrul, Pune, Pune, Maharashtra, 412410",412410,PO-412410-10e297,clean,False
PLO  T228 betaa apartmentss Nar Bus Sop MMangrrul Puee Puue M 1410,412410,PO-412410-10e297,medium,True
"house  344, bta soc, Liink Marg, Beside eMtro Station, Mangrl, Punee, Pun, 4124410",412410,PO-412410-10e297,low,True
hn 7o9 Bea Residenccyy Besdeark Maaagnrul pun un MMhaaarashtra 4412411,412410,PO-412410-10e297,high,True
hnoo 8887 btea rresidency Mai Mrag oppostie bus stop MMangurl Puee UPN Maharashtaa,412410,PO-412410-10e297,medium,True
"HNo 856, Shree Heights, Main Lane, Next to School, Mangrul, Pune, Pune, Maharashtra, 412410",412410,PO-412410-10e297,clean,False
"Sho 807, Shhree Complex, ear Aundh T.S., angrul, Puen, punne, 142410",412410,PO-412410-10e297,low,True
shp  590-Beta Apartmentss-MiP ath-nexxtto tmple-aMngurll-uuen-Pnnee-4122410,412410,PO-412410-10e297,high,True
"shop392, ShreeT ower, Market MMarg, beeside park, mangrull, pne, puune, Mhaarashtra, 142410",412410,PO-412410-10e297,low,True
Shop7999 BBeta SSoc link  stret Beside Metro Sttin Mnagrlu upn UPN 412410,412410,PO-412410-10e297,medium,True
"House 198, Alpha Heights, Main Road, Beside Park, Mangrul, Pune, Pune, Maharashtra, 412410",412410,PO-412410-10e297,clean,False
"HNo 568, Sai Residency, Market Street, Near Temple, Mangrul, Pune, Pune, Maharashtra, 412410",412410,PO-412410-10e297,clean,False
"Roo m714, Sai Scoiettyy, nex ot hospitall, MMagrl, punee, n, hm, 41141",412410,PO-412410-10e297,high,True
"Shop 8889, Alph Apartments, main pathh, nr kondhwa bk b.oo, Magrul, pnue, uPne, Mhh, 41240",412410,PO-412410-10e297,low,True
LPTT 410-hSree Toweeer-Marke t Maarg-Opossite Prk-Mangl-Punene-41244,412410,PO-412410-10e297,high,True
"House 613, Beta Complex, Link Lane, Beside Bank, Mangrul, Pune, Pune, Maharashtra, 412410",412410,PO-412410-10e297,clean,False
"Room 716, Sai Enclave, Main Street, Beside Metro Station, Mangrul, Pune, Pune, Maharashtra, 412410",412410,PO-412410-10e297,clean,False
Falt No 9544 eBta Residency Link Sttrteet OPPPOSITEBANKK manjir bk puunnee PPu arhaashtra 41123007,412307,PO-412307-4c5efe,high,True
"shp 834, shree socieety, SStation Path, Beside Bus  Stop, manjarri bk, Puen, h",412307,PO-412307-4c5efe,low,True
"room 6446, shree sc, MainLane, next tto bus stop, manjjari bk, Puune, mhh, 4412307",412307,PO-412307-4c5efe,low,True
"Plo t4,, AALLPHA ECNLAVE,, Maaiin Marg,, Op pBakk,, maanja rbk,, PPune,, peen,, 4122077",412307,PO-412307-4c5efe,high,True
"Shhop 813, shrree heights, Market RRoad, bbehind bus stop, manjar bk, pun, upne, Maharashhtra, 142307",412307,PO-412307-4c5efe,low,True
FLA NO 8884 beta ocs MraketR oad Beside  Metro Statio AMJNARI BK Pneu 1423307,412307,PO-412307-4c5efe,medium,True
Sho 883 hSree Sc Besied Meto Station mnajri bk pnuee ue Mharashtra 41233007,412307,PO-412307-4c5efe,medium,True
pto9 78 beta aapartemntss Nr  Meto Staton manari  k nuee Puen,412307,PO-412307-4c5efe,high,True
oom  09-alpha aapartmets-Sttioon Lnae-opp teemmlpe-mmmanjarib k-Pun-4123777,412307,PO-412307-4c5efe,high,True
Pllot382 Alhpa  Tower Stion Marg eNarBank manjari bb npue une 41123307,412307,PO-412307-4c5efe,medium,True
fflta noo 936-BetaS occieyt-makret streeet-NTmple-mmanjaai bk-pnneu-hh-4230,412307,PO-412307-4c5efe,high,True
"Room 91,, allpa apartmments,, Link MaMrgg,, Besi doHspital,, majari bk,, upe,, Mahaarashtra,, 1223007",412307,PO-412307-4c5efe,high,True
lott 41 Alph Apartmennts LINKO AD Beehnd Bank mnajjari bk uPnne PPunne Maharashhtrra 4113207,412307,PO-412307-4c5efe,medium,True
"House 358, Shree Apartments, Link Path, Beside Metro Station, Manjari BK, Pune, Pune, Maharashtra, 412307",412307,PO-412307-4c5efe,clean,False
Flat oN7 2 hSree Compelx ink r next to hhsopital MMANJARIBK npe nue 413307,412307,PO-412307-4c5efe,medium,True
pot 14 Bet Comleex MANII RAD BBehind Schlo manaajri bbk punne uuPen aMharashtr 14207,412307,PO-412307-4c5efe,high,True
"houes 408, Shree Rseidency, Marke tMarg, Nar Temple, manjarri bk, Puen, PPune, amharashtra, 4412307",412307,PO-412307-4c5efe,low,True
Rooomm 997 Shree Encalave Beside Park MNJARI BBK Puee puuen Maarashtra 413307,412307,PO-412307-4c5efe,medium,True
"Shop 479, Alpha Residency, Market Street, Beside Hospital, Manjari BK, Pune, Pune, Maharashtra, 412307",412307,PO-412307-4c5efe,clean,False
"Pllot4 9, AApha Apartmentss, MMANI RDD, OppHospilt, mnaari bk, ue, e, Mahraashhrta, 421307",412307,PO-412307-4c5efe,high,True
"Flat No 687, Alpha Tower, Market Street, Beside Bank, Manjari BK, Pune, Pune, Maharashtra, 412307",412307,PO-412307-4c5efe,clean,False
"Shop 154, Beta Complex, Link Lane, Near Metro Station, Manjari BK, Pune, Pune, Maharashtra, 412307",412307,PO-412307-4c5efe,clean,False
"Shop 405, Alpha Society, Station Road, Opposite Hospital, Manjari BK, Pune, Pune, Maharashtra, 412307",412307,PO-412307-4c5efe,clean,False
"room 813, ALPHA SCOIETY, Near SusB .O, MANJAIR BK, Pne, Mhh, 413207",412307,PO-412307-4c5efe,low,True
lot 5 Alph Enclae MainnRoad nr  bus sop majari bbk PPnue Pune 44112307,412307,PO-412307-4c5efe,medium,True
RRoom 275 Shrree TTower Nr Ammiuntin Factory Khadki mmanajr ibk Pne npee mahaashtar 122370,412307,PO-412307-4c5efe,high,True
"NO 333, BBeta Tooewr, iLn Lanne, opposiitee  bus stop, mnajjar ibk, Pe, Puen, 4413007",412307,PO-412307-4c5efe,high,True
"ploot 291, shree residnecy, Markett Lane, nnr school, MANJAR IBK, Pne, puune, Maaharashtra, 4123307",412307,PO-412307-4c5efe,low,True
fltno 1115 Sia Residdenyc BBESIDE SHOL anajr ibk uun pue 421337,412307,PO-412307-4c5efe,high,True
"House 50, Sai Residdency, LinkM arg, Neear School, anjari bk, Puune, Pne",412307,PO-412307-4c5efe,low,True
hn8677 Alph aAatments statiiion lane Narr Hspital amanjjari bk uPPnne uPne 2430,412307,PO-412307-4c5efe,high,True
plllot 298-Sa ipAarments-Sationn R-Beie Bu Stop-manar bk-nune-Pnunne-HM-42310,412307,PO-412307-4c5efe,high,True
"nhoo 23, shre ssocc, Mraket Lnne, Oppoiste akr, manaii bk, PPne, uPPen",412307,PO-412307-4c5efe,high,True
"Room 880, Alpha Heights, Link Road, Near Park, Manjari BK, Pune, Pune, Maharashtra, 412307",412307,PO-412307-4c5efe,clean,False
RRom 362 bea comlpex ebside ohspital majrai bk Peu pune MMh 412077,412307,PO-412307-4c5efe,medium,True
"oroom 477, Saii Enclavae, next  ot hospita, MANARI KK, Pue, PNUU, hM",412307,PO-412307-4c5efe,high,True
"pot ,, AlhaE ncllave,, Bseidde Metro Sttaion,, manjari kb,, PPuue,, pne,, MMh",412307,PO-412307-4c5efe,high,True
"shop 46, Beta Heighhts, Link SStreet, Bhind Metro Station, amnjari bk, pnue, Punee, Mhh, 4123007",412307,PO-412307-4c5efe,low,True
"HNo 810, Alpha Complex, Market Lane, Next to Hospital, Manjari BK, Pune, Pune, Maharashtra, 412307",412307,PO-412307-4c5efe,clean,False
"Shop 904, Shree Society, Station Street, Next to Hospital, Manjari BK, Pune, Pune, Maharashtra, 412307",412307,PO-412307-4c5efe,clean,False
hous7e69 sai  enlaave MAAI APTH op sopital manjjrari bk Pne Pee,412307,PO-412307-4c5efe,high,True
"Sopp 8332, AlpSa oc, Nr Kaatraaaj, manjari  bk, pnun, Pue, MMhhh, 43120",412307,PO-412307-4c5efe,high,True
"Shop 180, Shree Tower, Main Road, Beside Temple, Manjari Farm, Pune, Pune, Maharashtra, 412307",412307,PO-412307-0de6ae,clean,False
romm 898 eta oTwer ink Srteeet  NrBaank annjari arm ue pun Maharshhtra 4412730,412307,PO-412307-0de6ae,high,True
la no 7-lpha apartmnts-Mrkaett Rd-OpositeB an-Manjari Farrmm-PPu-punnnne,412307,PO-412307-0de6ae,high,True
"Plt 255, Alpha Apatments, Lin kRoad, eBside Temple, Manjarri Farm, Pne, Maahrashtra",412307,PO-412307-0de6ae,low,True
Flat oN 964 a apartments Link aLen Opp  Park Mannjari  Farm PUE Puuune Maaarshtra 122307,412307,PO-412307-0de6ae,medium,True
PLOTT 2000 bt asooc ttSation  Marg esie Metro Stationn mmanjrifarm peu UPENN,412307,PO-412307-0de6ae,high,True
hno 2414 alpha soceyt mrket rooad neext to prak Mnnjari Farm ppuune uPPne 4412370,412307,PO-412307-0de6ae,medium,True
Plooot 3220-aiSTower-NNear BBank-Manjar iFarm-pnun-Pnuuue-mhaaaarashtra-41120307,412307,PO-412307-0de6ae,high,True
"RROOM  9778,, beta eeclaev,, Man R,, opp ttmeplle,, maajnarifarm,, nuee,, Puuue,, MMMaharastra,, 142237",412307,PO-412307-0de6ae,high,True
"pplot 6664,, sree hegths,, neext too scohol,, manjjjarifarm,, pe,, nuee,, Mhaarhtra,, 423077",412307,PO-412307-0de6ae,high,True
Rom 74 Sa Resiedncy LINK  MAGR behhinnd hospital ManjariFarrm Peu pune maharastthra 4213077,412307,PO-412307-0de6ae,medium,True
"hno 7, Alpha Encave, Lnik Rd, nr bu stop, Manjari aFrm, Puen, Pne, Maharasthra, 4123307",412307,PO-412307-0de6ae,low,True
hnno 17 ai Enlcave Sttation Lan nr cshhool MannjariF arm ue Puene mh 4307,412307,PO-412307-0de6ae,medium,True
"Plot 665, sai toewr, Maiin Lane, Opp Bus Stoop, Manjari aFrm, Puen, punne, 412037",412307,PO-412307-0de6ae,low,True
Hose 39 BeatTower LINK  PAT Nae rBank Manajri Farmm pne NPE maahaarashtra 14230,412307,PO-412307-0de6ae,medium,True
"house  202, beta heihgts, Market Margg, Nr Prak, Manjari FFarm, puune, ppune, 412037",412307,PO-412307-0de6ae,low,True
"Shop 999, Shree Residency, Link Lane, Next to Bus Stop, Manjari Farm, Pune, Pune, Maharashtra, 412307",412307,PO-412307-0de6ae,clean,False
nho 818 Sai Heigt Opp Hospiitla Manjar iFar pn pne hMM 41122307,412307,PO-412307-0de6ae,medium,True
"HNo 463, Sai Society, Market Road, Beside Temple, Manjari Farm, Pune, Pune, Maharashtra, 412307",412307,PO-412307-0de6ae,clean,False
Room 269 SAAI RESIDENCCY Mai Magr Opp rPak majar farm pun Puee Maharashtraa,412307,PO-412307-0de6ae,medium,True
"HNo 181, Sai Heights, Link Lane, Opposite Hospital, Manjari Farm, Pune, Pune, Maharashtra, 412307",412307,PO-412307-0de6ae,clean,False
Shhpo 544 Alph aRResidency Opp Metro Station Manjai Fam pue uune Mhhh 4123370,412307,PO-412307-0de6ae,medium,True
"n o46,, Shreree Soc,, aMrkettR d,, Opposie Bus Stpp,, manjra ifamr,, uee,, Puune,, 4112330",412307,PO-412307-0de6ae,high,True
"House 559, Beta Complex, Market Marg, Next to Bus Stop, Manjari Farm, Pune, Pune, Maharashtra, 412307",412307,PO-412307-0de6ae,clean,False
"Flat No 303, Beta Complex, Link Road, Opposite Hospital, Manjari Farm, Pune, Pune, Maharashtra, 412307",412307,PO-412307-0de6ae,clean,False
Pot 41 shrees co Mraket Stret NR BUS STOPP Mnajari Farrm PuPne puunee 4421307,412307,PO-412307-0de6ae,medium,True
sop 79 SaiEnclaev man oad Oppposite Prk MajariF arm PNEU 142037,412307,PO-412307-0de6ae,medium,True
"Flat No 225, Shree Residency, Market Marg, Opposite Bus Stop, Manjari Farm, Pune, Pune, Maharashtra, 412307",412307,PO-412307-0de6ae,clean,False
"plot238, Alph Heights, market rroad, Nr Templle, manjari farmm, Pne, Pnue, mahaashtra, 4122307",412307,PO-412307-0de6ae,low,True
"Flat No 571, Alpha Enclave, Link Path, Behind Bus Stop, Manjari Farm, Pune, Pune, Maharashtra, 412307",412307,PO-412307-0de6ae,clean,False
hno567 sai compllxe Market Streeett nearv imna ngr manjari ffam Pnu Mahaaarashtra 4112370,412307,PO-412307-0de6ae,medium,True
Shop 539 Alhpa Heightss MMaain Lane Beside us Sttop Maanjari Famr upen uPnee Mhh 4132007,412307,PO-412307-0de6ae,medium,True
"Room 258, Sai Residency, Main Marg, Opposite Bank, Manjari Farm, Pune, Pune, Maharashtra, 412307",412307,PO-412307-0de6ae,clean,False
"Room 11, shree heighs, Lnk Street, next tos chool, Mannjari Farm, Punee, une, Mahrashtra, 41207",412307,PO-412307-0de6ae,low,True
plto334 Btea Hieghts rN Salisbury Parkk MManjar Farm un Pueen Maharasra 1230,412307,PO-412307-0de6ae,medium,True
"SSH 224,, bttea heighhts,, bbehind bs stp,, maanjr ifarm,, nPu,, unee,, M,, 112307",412307,PO-412307-0de6ae,high,True
flat no 79998 Beetaa Apartments ainPath Opp Bnkk Manjar arm uune punnne Maharahtra 12370,412307,PO-412307-0de6ae,medium,True
"HNo 234, Shree Tower, Link Road, Near Bus Stop, Manjari Farm, Pune, Pune, Maharashtra, 412307",412307,PO-412307-0de6ae,clean,False
hop9 918-BBeeta Towr-Liiink Marrg-Beside  usS top-Manjarii Farm-Punnn-h-4123077,412307,PO-412307-0de6ae,high,True
housee2 9 Sai Compellx Lnik ane near teempl MManjrai Farm Pune hh 421370,412307,PO-412307-0de6ae,medium,True
"lot 444, Shreee Heights, mmarket lane, Near ank, Mnjari Farm, pne, Puen, Mhh, 421307",412307,PO-412307-0de6ae,low,True
"Plo t474, shree heihts, Statin Lane, Nea School, Maanjari Farm, pue, Pue, h, 4122307",412307,PO-412307-0de6ae,low,True
"House 516, Shree Complex, Market Path, Opposite Temple, Model Colony, Pune, Pune, Maharashtra, 411016",411016,PO-411016-fa4d7f,clean,False
"HNo 884, Shree Tower, Link Marg, Behind Hospital, Model Colony, Pune, Pune, Maharashtra, 411016",411016,PO-411016-fa4d7f,clean,False
"House 937, Alpha Heights, Link Lane, Next to Park, Model Colony, Pune, Pune, Maharashtra, 411016",411016,PO-411016-fa4d7f,clean,False
Rom  721 Alp aSoc Maket dR nnear metro stationn Moed lColony nue uppne h 4110061,411016,PO-411016-fa4d7f,medium,True
"House 62, Si Heights, Mraket Street, next to prk, Model oClony, PPune, pne, 411016",411016,PO-411016-fa4d7f,low,True
"Flat oN 404, shree reesidency, Link Stree, NrH ospital, Model Colonyy, PUNEE, maharaashtra, 41016",411016,PO-411016-fa4d7f,low,True
"hn o371, beta commplex, Lik Marg, Oppsoite Temple, Model Colonny, Pue, uPne, hM, 4110166",411016,PO-411016-fa4d7f,low,True
hhno 05 Beta Heigth Sttation R eside Metro tSation Model oColny Puuen uune h 410166,411016,PO-411016-fa4d7f,medium,True
"FLT N O1800, hSre eSocety, MakteR d, Nar Templ, oMdel Cooolny, Punee, Pune, Mhaarshtra, 41111066",411016,PO-411016-fa4d7f,high,True
shop 439 Alpha  Heights Main Marg nr cshol moodle colony Puue ppune 4110061,411016,PO-411016-fa4d7f,medium,True
"Flat No 996, Shree Complex, Station Lane, Beside School, Model Colony, Pune, Pune, Maharashtra, 411016",411016,PO-411016-fa4d7f,clean,False
"ho 37, sa ielncave, MrakeetMarg, Beeside  Metro Sttaion, Modeel Conoy, pppun, pnue, MARAASTRA, 44101",411016,PO-411016-fa4d7f,high,True
"Plot 467, Sai Heights, Main Marg, Near Park, Model Colony, Pune, Pune, Maharashtra, 411016",411016,PO-411016-fa4d7f,clean,False
"Hosse9 93,, apha sooc,, near nnarayyan peh,, MMODEL COLONY,, PPnune,, unnne,, Mhh,, 440116",411016,PO-411016-fa4d7f,high,True
HONO 937 hSree Socieety Bsie Hospital ModelC oloyn pneu Mh 411001,411016,PO-411016-fa4d7f,medium,True
"Plot 25, Sai Apartents, main sstreet, Opposite Hospittal, model  colony, pnue, uPne, Maharashta, 41016",411016,PO-411016-fa4d7f,low,True
Flat No 100 Sai Heeighst maiiin rd Nr TTemle Moddel oClony pnnue Pune 44111016,411016,PO-411016-fa4d7f,medium,True
"room 146, shre tower, Mainn Street, behind etmple, Model Colonyy, Puune, punne, 411016",411016,PO-411016-fa4d7f,low,True
"HNo 612, Shree Complex, Station Road, Behind Park, Model Colony, Pune, Pune, Maharashtra, 411016",411016,PO-411016-fa4d7f,clean,False
hnooo 616 eBtaS ociety Mare tLane r Hospita odel Coloyn pune pn MM 4110061,411016,PO-411016-fa4d7f,medium,True
hno 96 Sai eRsdency Behin Hospitl moeel colony PPue puee h 4111061,411016,PO-411016-fa4d7f,medium,True
"Roo m578, sai ecnlave, amin street, next to templle, Model  Colony, pue, 141016",411016,PO-411016-fa4d7f,low,True
"Plot 7, aiapaartments, ink Raad, beide bs sstop, ModelC oloyy, Puen, Pne, Mharashhtrra, 44106",411016,PO-411016-fa4d7f,high,True
"oHuse 507, APLHA RESIDENCY, Statino Marg, op bus stop, Modle Colony, pnue, une, Mhh, 41116",411016,PO-411016-fa4d7f,low,True
"Huse 149, Sa iTooower, aret Laen, opppsoite pak, Moodl Coony, Pee, nee, MM, 4111016",411016,PO-411016-fa4d7f,high,True
"housse 602, Shree Comlpex, MarketLane, next to chool, Mdel Colony, Pnue, Punne, Maahrashtra, 410116",411016,PO-411016-fa4d7f,low,True
HHosuse 263 Alha Colpex Mai Mar BheindBaank Model oolon npu Pee 101166,411016,PO-411016-fa4d7f,high,True
"House 723, Alpha Complex, Market Street, Next to School, Model Colony, Pune, Pune, Maharashtra, 411016",411016,PO-411016-fa4d7f,clean,False
"Roo m523, ShreeEnclave, Mai Lane, Beside Tempple, modeel colony, pun, une, 41116",411016,PO-411016-fa4d7f,low,True
"hno 330, shree hieghts, nr shaniwar peth-upne, Model Colonyy, Puen, Punne, maharaashtra, 41116",411016,PO-411016-fa4d7f,low,True
Polt 30 Shere TTower Mian  Lane BehindS chooll ModelC ollony pn Puee mahraashtraa 4101,411016,PO-411016-fa4d7f,medium,True
"RRoom 79, Beet Twer, Link LaLne, opposit epra, oMdeel Coloony, pue, Maharaashhta, 401166",411016,PO-411016-fa4d7f,high,True
Shhop 7796 SaiTwoer SStation oRad ear Bannk mdel colonny Pueen uPen 411116,411016,PO-411016-fa4d7f,medium,True
Flatt No 43 SAI REEISDENCY LiinkR oad Opp  Tepmle momdel colony unne puun,411016,PO-411016-fa4d7f,medium,True
houe5 47 AlphhaS occiety Mrakkket Marg nex too templ MModeel  Colony eu Maharahtrra 4411106,411016,PO-411016-fa4d7f,high,True
Shop  BETA HEIGHTS Sattion tSreet eNar Bajrao Rd Moddell Colony ppuune Pune,411016,PO-411016-fa4d7f,medium,True
Shop17 Alpha eHgihts Linkk Stret behindd tempple mdel cloony Pnu Mh 41110016,411016,PO-411016-fa4d7f,medium,True
"FltaN  520,, shreet owrr,, eBhhinnd Bus Stop,, Model Cooolonyy,, ppunee,, ue,, 1410",411016,PO-411016-fa4d7f,high,True
"Room 192, Alpha Enclave, Main Lane, Next to Bank, Model Colony, Pune, Pune, Maharashtra, 411016",411016,PO-411016-fa4d7f,clean,False
Hosue 1444 ALPHA APATMMENTS SStatin Rd nextt school Modeel olony uPe Pen Mharaashtra 4101,411016,PO-411016-fa4d7f,medium,True
Hous e 824 Beat Toower MAIN STREET nextt to paark odl colony npe unee Mh 10116,411016,PO-411016-fa4d7f,medium,True
"Rmo9 2,, BeatReesidency,, Linnk Rd,, Bhind Bna,, MModel oClon,, Puen,, une,, 44101116",411016,PO-411016-fa4d7f,high,True
hhno 3342 sai eenclav SStation Stret Behinnd Hospita Moohamadwdi upnne puee 41600,411060,PO-411060-53261e,medium,True
"hno  366, Beta ociety, lin street, next to tempe, Mohamadwadii, Pnue, Puune, Maharahstra",411060,PO-411060-53261e,low,True
"Plot 492, Beta Tower, Market Road, Near A.R. Shala, Mohamadwadi, Pune, Pune, Maharashtra, 411060",411060,PO-411060-53261e,clean,False
"Flat N 151, Beat Tower, STATIONPATH, Besid ePark, Mohamadwdai, puune, une, 4111060",411060,PO-411060-53261e,low,True
"Plot 809, Beta Society, Station Marg, Behind Park, Mohamadwadi, Pune, Pune, Maharashtra, 411060",411060,PO-411060-53261e,clean,False
"plo t128, lpha Apartments, link lne, nr fillm institute, Mohmaadwadi, upne, une, Maharasthra, 41106",411060,PO-411060-53261e,low,True
"Plot 679, Alpha Enclave, Main Path, Near Iaf Station, Mohamadwadi, Pune, Pune, Maharashtra, 411060",411060,PO-411060-53261e,clean,False
"lt No8 8,, BETHA EIGHT,, Staion  tSreet,, r Mohhaamdwadi,, MOAHMDDWADI,, uPnee,, Pe,, Maharrashstra,, 4140160",411060,PO-411060-53261e,high,True
"Sohp 975, Shree Tower, staition llane, nex to tmple, OMHAMDAAWDI, u, Puunnee, MMMh",411060,PO-411060-53261e,high,True
"Flat No 43, Alpha Society, Link Road, Beside Metro Station, Mohamadwadi, Pune, Pune, Maharashtra, 411060",411060,PO-411060-53261e,clean,False
"Flat  No 416, Shrree Residency, station  marg, beside hospitaal, MOHAMDAWADI, Punee, uPne, 41106",411060,PO-411060-53261e,low,True
"HNo 742, Sai Residency, Station Road, Near Temple, Mohamadwadi, Pune, Pune, Maharashtra, 411060",411060,PO-411060-53261e,clean,False
"House 370, Alpha Heights, Main Street, Beside Park, Mohamadwadi, Pune, Pune, Maharashtra, 411060",411060,PO-411060-53261e,clean,False
hn966 AAlpha nEclave Min  Rd behnd baank MMohamadadi Pueen Pnee MMh 1141060,411060,PO-411060-53261e,medium,True
"Flat N o924, Shree Apartents, Market  Street, Beeside School, mohamadwwadi, Puune, 41060",411060,PO-411060-53261e,low,True
plott 476 Srhee Heeights Maarekt Street Near Paarrk Mohammawdadi Pen hh 4111060,411060,PO-411060-53261e,medium,True
"hosue 66, Bet a Hieghts, mmmarket strreet, NNr Metro  Stattion, momhaadwadii, Pun, Pn, m, 141060",411060,PO-411060-53261e,high,True
"Shop 730, Shree Tower, Main Lane, Near Ghorpade Peth, Mohamadwadi, Pune, Pune, Maharashtra, 411060",411060,PO-411060-53261e,clean,False
"Room 977, Shree Tower, Main Path, Opposite Bus Stop, Mohamadwadi, Pune, Pune, Maharashtra, 411060",411060,PO-411060-53261e,clean,False
"ho 975, Alhpa Heights, Market Stret, Nr Metro Statioon, mohamawadi, Puen, 4411060",411060,PO-411060-53261e,low,True
"Flat No 447, Alpha Apartments, Link Street, Behind School, Mohamadwadi, Pune, Pune, Maharashtra, 411060",411060,PO-411060-53261e,clean,False
"Flat No 485, Shree Society, Link Road, Behind Temple, Mohamadwadi, Pune, Pune, Maharashtra, 411060",411060,PO-411060-53261e,clean,False
rom 217 Betaa Tower Nera MMetro Station Mohadawadi Punnee un 411060,411060,PO-411060-53261e,medium,True
hnoo55-bta tower-stattion tsreeet-nears chooo-Mhamadwaid-peen-P-14016,411060,PO-411060-53261e,high,True
"hosue 642, beta residnecy, maarket lane, NEARR AUNDH -PUNE, Mohamadwaid, Pue, Pue, 410160",411060,PO-411060-53261e,low,True
plot 557-Bta EEnclve-aMinn Lne-Bessi Bank-Mohmaaddwwadi-Pee-NUEE-mharaashtr-41110,411060,PO-411060-53261e,high,True
fflat no   157 eta  Sc Staiton  oad nxt obank moohaamdwdi nu uP 411600,411060,PO-411060-53261e,high,True
"shop855, Shree  Tower, Market Streeet, next to bbus stop, Mohamadwwadi, UPNE, une, maharashrta, 411600",411060,PO-411060-53261e,low,True
"Roo 378, siheigts, SttationStrreet, naar  park, oMhammadwaddi, uunee, unn, 4441060",411060,PO-411060-53261e,high,True
"House 180, Alpha Heights, Link Path, Opposite School, Mohamadwadi, Pune, Pune, Maharashtra, 411060",411060,PO-411060-53261e,clean,False
hnno 541 BTA APARTMMENTS maiin stree nex ttop ark mohamaadawdi upnee pu 41111060,411060,PO-411060-53261e,medium,True
no 4800 bea ower nr  schol mohamadwwai punnne nue Maharashttar 41110060,411060,PO-411060-53261e,medium,True
Huse2 27-shereociety-behindt elmpe-OMAHMADAWDI-PPueen-m-4100,411060,PO-411060-53261e,high,True
LAT N O22 Beat Residency LikknL ane N HADPASSAR MMohmaaadwadi uPee PPne hh 100,411060,PO-411060-53261e,high,True
"Houe 308, alpharesidency, linkm arg, nr bajiirao road, mohamadwaddi, pue, maharsahtra, 11060",411060,PO-411060-53261e,low,True
"hnoo 231, SShree Residency, pOp Bank, Mohamawdadi, uPne, Punne, maharrashtra, 41106",411060,PO-411060-53261e,low,True
"Shop 321, Sai Enclave, Link Street, Near Bus Stop, Mohamadwadi, Pune, Pune, Maharashtra, 411060",411060,PO-411060-53261e,clean,False
Fla tNo 23 Shrree Heightts aMrkte Rd Bsidee Park Mohamadwdii pnu Pune hMM 1410660,411060,PO-411060-53261e,medium,True
Flat  No 1 bbeat heihgts Marke Ltanee near dihgicamp MMOOHAADWADI ppuenn Pnueu 0160,411060,PO-411060-53261e,high,True
oom 22 Shree  Residencyy Linnk Roadd Oppossite Hospitl moohamadwdai pe un 410600,411060,PO-411060-53261e,medium,True
"uhose  904,, AllphaHeighhts,, Maani SStreet,, N rTepmlle,, mohamdaawaid,, e,, uuPn,, harshtra,, 141060",411060,PO-411060-53261e,high,True
"PPlto 632,, beta ccoppmlex,, aMrket oa,, BEHHIDN TEPMLE,, Mhoamawddi,, Pnnne,, PPPue,, Maarasstra,, 4114060",411060,PO-411060-53261e,high,True
"House 681, Alpha Heights, Market Path, Near Bus Stop, Morave, Pune, Pune, Maharashtra, 410406",410406,PO-410406-5fd0f8,clean,False
"Shop 413, Beta Residency, Market Lane, Opposite Temple, Morave, Pune, Pune, Maharashtra, 410406",410406,PO-410406-5fd0f8,clean,False
"flaat no 836, eta Residency, LinkL ane, Opposite BBank, Moorave, punee, puen, 4104006",410406,PO-410406-5fd0f8,low,True
ho p318 ssai residecy Station Street Oppossite Pak Moorve PPne uPe Maaharashtrra 414060,410406,PO-410406-5fd0f8,medium,True
nho2 2 ebta owwer OOpp Buus tSop MMoravee pnun 4404406,410406,PO-410406-5fd0f8,high,True
HNO  22 Alpah Appartments LINKMARG NEARCONGRESS HOUSE R oMrvae PPuune Puue 40140,410406,PO-410406-5fd0f8,medium,True
"house937, alpha apaartments, lnik rd, next to tempel, Morvae, puune, MMaharashtra, 41406",410406,PO-410406-5fd0f8,low,True
olt 1011-BteaA partmentss-Markke Rd-behid baaank-Mooav-uuPnee-eu-hh-41046,410406,PO-410406-5fd0f8,high,True
"Shop 27, Alpha Residency, Main Road, Opposite Bus Stop, Morave, Pune, Pune, Maharashtra, 410406",410406,PO-410406-5fd0f8,clean,False
"shop 5518, shre enclave, tation Street, Nr Hospiital, moraave, uPne, upne, 410046",410406,PO-410406-5fd0f8,low,True
"Plot 246, Beta Heights, Station Lane, Beside Metro Station, Morave, Pune, Pune, Maharashtra, 410406",410406,PO-410406-5fd0f8,clean,False
"hono 670,, Sai HHighhts,, rN BBus tSop,, Moavve,, en,, eP,, aharashhttra,, 4404066",410406,PO-410406-5fd0f8,high,True
"Room 301, Beta Society, Main Marg, Opposite Bus Stop, Morave, Pune, Pune, Maharashtra, 410406",410406,PO-410406-5fd0f8,clean,False
"n o798, Aplha Tooer, Lin Sttrete, NrParrk, Moae, e, mraaashtra, 414000",410406,PO-410406-5fd0f8,high,True
"ho 238, Sa Enclave, Behind Tmeple, morae, Pnue, pun, M, 410046",410406,PO-410406-5fd0f8,low,True
PLOT  059 Shree Apartments next too school Morae Punee Puene MH 1406,410406,PO-410406-5fd0f8,medium,True
Pl o801-Alpah Apattments-statioon patthh-N rTemmle-Maove-une-Mahaarashttraa-100406,410406,PO-410406-5fd0f8,high,True
oRo m81 ShreeSocciety Market ooad nnrr school MMorav unpe Punee MM 410406,410406,PO-410406-5fd0f8,medium,True
RRoomm 830 SShree  Tower Maarket oRad enxxt to temple Movrae PPuune uune m,410406,PO-410406-5fd0f8,medium,True
"ploott 73, Aplha Compl, Opppp Bankk, Mooraave, eP, nu, Maahrrahtra, 41104600",410406,PO-410406-5fd0f8,high,True
Roooom 935 Alph aCommplex next toospital omraev peun PPune hhM 40146,410406,PO-410406-5fd0f8,medium,True
Hous2e7-Shree Aparrtmenntts-Liink  LLane-Near Navsaahyri-rvae-Puen-ppu-hhMM-41140006,410406,PO-410406-5fd0f8,high,True
"LLO T615,, SShree Coplex,, Sattioon Lnae,, nr arr,, mmorvaee,, PPNUE,, uPPen,, hm,, 10400",410406,PO-410406-5fd0f8,high,True
"flaat oo 800,, Shree polex,, next to etros ation,, mmorvve,, puuuen,, uunee,, M,, 4100406",410406,PO-410406-5fd0f8,high,True
"Flat NNo 269, alpha twoer, Main Street, Besdie Metro Station, Moarve, ppune, PUUNE, Maharashttra, 414006",410406,PO-410406-5fd0f8,low,True
Room 439 hre eTower Statoin Steret next  to bank rMoave uen pnu Mahrashhtra 104066,410406,PO-410406-5fd0f8,medium,True
Flta No 554 beta scooiety STATIONMAR Near Mangrull .BO Moaave Pen Puene mh 4100046,410406,PO-410406-5fd0f8,medium,True
"House 9954, Shee Tower, liink path, Beide Metro Station, oMrave, Pun, Pne, Mhaarashtra, 4104406",410406,PO-410406-5fd0f8,low,True
"huose 86, SHREE RESDENCY, stationm arg, Behid Metro Station, Mrave, upne, Pnue, h, 41046",410406,PO-410406-5fd0f8,low,True
Plo 671 Beta Compllex Mkaett Lane beihndd bus stp Morvvee u unp Mahaatshra 411040006,410406,PO-410406-5fd0f8,high,True
"House6,, BetttaH eights,, StatinoaPth,, Nr ospiitaal,, mraev,, punnnne,, 44401406",410406,PO-410406-5fd0f8,high,True
"flat no 11, Alpha Toower, link lanne, Besside Temple, MORVE, pne, ppune, hm, 41040",410406,PO-410406-5fd0f8,low,True
Housse 41 Sai Ressdiency Man Pathh neaar hopital rMoave PN Puenn 4104406,410406,PO-410406-5fd0f8,medium,True
"fla on4 29,, Beta Enclvae,, besiderpk,, Mooavre,, uuen,, Pene,, 114006",410406,PO-410406-5fd0f8,high,True
hno  75 lpha Heighhts opositee metro station moreav PPun Pnuee mmmh 414060,410406,PO-410406-5fd0f8,medium,True
"Plot 168, Sai Enclave, Market Street, Beside Park, Morave, Pune, Pune, Maharashtra, 410406",410406,PO-410406-5fd0f8,clean,False
"plto 909, Shree Cmplex, mai npath, near anandangar, Morvae, upne, upne, MMh, 41046",410406,PO-410406-5fd0f8,low,True
"Fla tNo 508, SREE COMPLEX, link ane, neext to bank, Moraave, une, puune, hM, 4104006",410406,PO-410406-5fd0f8,low,True
"Plot 2007, Sa Enclave, Marekt Rd, behin dbank, moraave, Pnue, ppune, mmh, 10406",410406,PO-410406-5fd0f8,low,True
Room 79 Beta Complex Link Laneee next ottemple omrrave PPuen,410406,PO-410406-5fd0f8,medium,True
"HHuose 88, shreee ocomplex, oppositpeark, mooraave, PPUE, uPnne, MMM, 414006",410406,PO-410406-5fd0f8,high,True
"House 788, Beta Complex, Market Path, Opposite Park, Morave, Pune, Pune, Maharashtra, 410406",410406,PO-410406-5fd0f8,clean,False
fa tno 951 Beta Residennyc MARKETT LAE BEISDE SCHOL muundhv av uPnne Puun 1410036,411036,PO-411036-8dc56d,medium,True
Flat No 730 beta cmople Staatino Street Besied Pakr mundh vav upen PPuune hh 41100336,411036,PO-411036-8dc56d,medium,True
Pot 46 alpah ssoc sstation streeet Bseid Park mundhav avv Punnne HH 14136,411036,PO-411036-8dc56d,medium,True
"Roo m1388, srheee eights, Markkt Lanne, ENARR AST KHADKI, mndvhva av, une, pueeen, hmh, 416",411036,PO-411036-8dc56d,high,True
hosue 406-SShreeeH eights-main mag-Behind Hooosptal-mundhvvaaav-ppune-uupn-4113666,411036,PO-411036-8dc56d,high,True
"h7 54,, Shrree Sociieety,, Besied Tmmeple,, unhdva  av,, PPune,, Puene,, mahraaashtraa,, 411036",411036,PO-411036-8dc56d,high,True
hno 399 Sai Residency Link aarg Nearr NandedP-une munhva av Puenn Mahaahtra 411033,411036,PO-411036-8dc56d,medium,True
Room  685-Sai omplex-aarket RRd-Oppoosit eTmple-mmundhhv av-un-aMharsahta-410016,411036,PO-411036-8dc56d,high,True
"HNo 241, Beta Enclave, Market Marg, Beside Bus Stop, Mundhva AV, Pune, Pune, Maharashtra, 411036",411036,PO-411036-8dc56d,clean,False
plolt8 10-Alph Reeisdency-ink Lane-ehind Pra-mundhv av-ueen-nuPe-4411063,411036,PO-411036-8dc56d,high,True
Houss 311 sai heihgst Statio Pth nex tto ban ndhva av Punnne PUNE mmhh 41063,411036,PO-411036-8dc56d,medium,True
"houuse 426, SShree Tower, beihnd park, mndhva av, PUN, uPne, 411063",411036,PO-411036-8dc56d,low,True
shop 9822 shhre soc LNIK PAATH Near Danori  B.O mndva av Pune pn 110036,411036,PO-411036-8dc56d,medium,True
"Hous e255, Shree TTower, link lanne, Beeside Hospital, UMNDHVA AV, pue, Pnue",411036,PO-411036-8dc56d,low,True
"Shop 78, Alpha Enclave, Main Marg, Opposite Temple, Mundhva AV, Pune, Pune, Maharashtra, 411036",411036,PO-411036-8dc56d,clean,False
RRoom430 beta ootwer marketrd behhind schoool mundhva aav NE mh,411036,PO-411036-8dc56d,medium,True
"House 7880, Sai Reidency, STATION STREETT, Beside Bus Sto, undhva av, Punee, Pne, Maharashrta, 411036",411036,PO-411036-8dc56d,low,True
"Plot 660, Alpha Heights, Link Road, Near Metro Station, Mundhva AV, Pune, Pune, Maharashtra, 411036",411036,PO-411036-8dc56d,clean,False
oHuse 096 Sai Apartments aMrket Roaad near khadkibzar mundvaa v upnne Puneee Mahaarashtrra 411063,411036,PO-411036-8dc56d,medium,True
flat on 3376 Shree Towewr Sattioon Marg nex to metro staton mundhhv aav Pnune uuPne h 410366,411036,PO-411036-8dc56d,medium,True
"hhno 814, Shree Enclavve, ain Marg, nex to temple, munndhva av, Puen, hm, 141036",411036,PO-411036-8dc56d,low,True
"Shop 734, Shree Heights, Main Road, Beside Park, Mundhva AV, Pune, Pune, Maharashtra, 411036",411036,PO-411036-8dc56d,clean,False
"Shop 55255,, Saai Resindecy,, aian lane,, nxet toss chool,, munha  av,, une,, 4111006",411036,PO-411036-8dc56d,high,True
hno  8 alpha  compelx Bheind Hosptial muhndva av Pu Pnne hh 41110366,411036,PO-411036-8dc56d,medium,True
hno8 255 Beta Hegghts pOpossite Bus Stop mundhva av pppune puuune 1141036,411036,PO-411036-8dc56d,medium,True
"Shop 218, Alpha Complex, Market Lane, Near Bus Stop, Mundhva AV, Pune, Pune, Maharashtra, 411036",411036,PO-411036-8dc56d,clean,False
"Houes 956, Beta Towr, links treet, opp tempe, munndhva av, PPune, Pne, H, 411036",411036,PO-411036-8dc56d,low,True
OOOM299-Alpha Heihtss-MakkretR oad-besiedd templee-munndhv v-Puue-411136,411036,PO-411036-8dc56d,high,True
"llat no 28, Apha Tower, Makret Pathh, Behind Bus tStop, mundhv av, Puen, peuu, 11306",411036,PO-411036-8dc56d,high,True
"Shop 11, saienclave, Behin dBus Stop, mundhvaa v, Pnue, PUEN, Maaharashtra, 411036",411036,PO-411036-8dc56d,low,True
"HNo 594, Alpha Heights, Main Road, Beside Bus Stop, Mundhva AV, Pune, Pune, Maharashtra, 411036",411036,PO-411036-8dc56d,clean,False
oHose 948 eta  ehights maiin street beehid schoool mdnvha av PPPun Pn mmaharsahtr 4101163,411036,PO-411036-8dc56d,high,True
"fllat no 192, Beta Apaartments, n n.i.a., mnudhva av, une, Maharashhtra, 4111036",411036,PO-411036-8dc56d,low,True
hno 5 37-ai aapartment-ehind Mtro Statio-mudnvha v-neP-1411063,411036,PO-411036-8dc56d,high,True
RRoo 625 Shrrreee Tower Markkettt Lane pposit eSchooll MMUNDHVA  A unP PPuune hMhh 113066,411036,PO-411036-8dc56d,high,True
"HOUSE 6009, Beta Resdency, SStation Street, Besie Park, mundhv aav, Pue, pun, aharashtra, 11036",411036,PO-411036-8dc56d,low,True
Flat No  746 Sai EEncave lnik sreet Behind MeMtro Station umndhvaa v pu MMMaharashtra 40136,411036,PO-411036-8dc56d,medium,True
"Room 189, Alpha Society, Link Lane, Near Bus Stop, Mundhva AV, Pune, Pune, Maharashtra, 411036",411036,PO-411036-8dc56d,clean,False
"Plot 501, Shree Residency, Station Marg, Next to Bank, Mundhva AV, Pune, Pune, Maharashtra, 411036",411036,PO-411036-8dc56d,clean,False
"HNo 815, Sai Apartments, Market Street, Beside Temple, Mundhva AV, Pune, Pune, Maharashtra, 411036",411036,PO-411036-8dc56d,clean,False
"hn5 8, Alphan nclave, SStatin d, eBsie Temple, mundhav  a, une, uee, Mh",411036,PO-411036-8dc56d,high,True
"Flat No 902, Shree Enclave, Main Road, Beside Temple, Mundhva AV, Pune, Pune, Maharashtra, 411036",411036,PO-411036-8dc56d,clean,False
"HNo 837, Sai Residency, Link Street, Opposite Temple, Mundhva, Pune, Pune, Maharashtra, 411036",411036,PO-411036-856dac,clean,False
"HNo 546, Sai Heights, Market Path, Near Baner DSO Pune, Mundhva, Pune, Pune, Maharashtra, 411036",411036,PO-411036-856dac,clean,False
"Flat No 504, Alpha Heights, Link Road, Near Hospital, Mundhva, Pune, Pune, Maharashtra, 411036",411036,PO-411036-856dac,clean,False
"Fla tN 1773, ShSree  Enclave, mmaket  path, enextto park, mudna, PPnuee, PPnue, 4111036",411036,PO-411036-856dac,high,True
Housee 61 shee ecnlave Behin Prak muudnhva npe upen Maharahstraa,411036,PO-411036-856dac,medium,True
"HNo 644, Alpha Heights, Station Street, Near Park, Mundhva, Pune, Pune, Maharashtra, 411036",411036,PO-411036-856dac,clean,False
"Plot 197, Sai Complex, Market Marg, Opposite Temple, Mundhva, Pune, Pune, Maharashtra, 411036",411036,PO-411036-856dac,clean,False
roomo 202 Alpha Encllvae Link at NerTemple umndhhva Pueen PPPune m 411106,411036,PO-411036-856dac,medium,True
LFT NO 868 Sai eihts station rg OPPSITE BANKK Mundhva ue Mhhh 41106,411036,PO-411036-856dac,medium,True
"hno 4833, lApha Heights, Maarket Lane, next tob ank, Mundhvva, Punee, Pun, h",411036,PO-411036-856dac,low,True
shop  423 Sai prtmenst sttionn lane pop hsptal mundhv PPun PPPunee 413,411036,PO-411036-856dac,high,True
"Flat No 599, Alpha Residency, Main Marg, Near Hospital, Mundhva, Pune, Pune, Maharashtra, 411036",411036,PO-411036-856dac,clean,False
"House734, beta otwer, Near Bak, MUNDHVVA, Punne, PNUE, 41036",411036,PO-411036-856dac,low,True
"Huse 94, Sai Heigghts, iLnk Lane, enar temple, Munndhva, upne, Punne, hm",411036,PO-411036-856dac,low,True
"hnno  104, shreecomplex, mmain amarg, Beisde   School, nudhv, unn, 103",411036,PO-411036-856dac,high,True
"Room 631, Sai Residency, Link Street, Near School, Mundhva, Pune, Pune, Maharashtra, 411036",411036,PO-411036-856dac,clean,False
Rom 7886 bet atowerr link pahtt net to hsopital Mundha PPuen uPn Mahharashtr 411366,411036,PO-411036-856dac,medium,True
"orom 778, Sai Hehtss, Lik tSrreet, nnrr mohamadwaid, MMndhv, Pe, eP, Maaharashhtar, 110",411036,PO-411036-856dac,high,True
"Hous 332, Sai Hieghts, Markeet Road, NrPark, Mnudhva, une, Pne, hm, 41136",411036,PO-411036-856dac,low,True
"ho 99,, Shree Heiightss,, ssttion lane,, besdiie school,, Mundha,, PPne",411036,PO-411036-856dac,high,True
"Rooom 14, Sai Resiidency, statiion marg, Near Scchool, undhva, Puen, uPne, M, 4111036",411036,PO-411036-856dac,low,True
"HNo 713, Alpha Heights, Station Lane, Opposite School, Mundhva, Pune, Pune, Maharashtra, 411036",411036,PO-411036-856dac,clean,False
"hsop 990, lApha Enclave, MARKKET MARG, behindh ospital, Mnudhva, une, Pnue, hM, 410136",411036,PO-411036-856dac,low,True
"House 705, Sai Tower, Main Path, Beside School, Mundhva, Pune, Pune, Maharashtra, 411036",411036,PO-411036-856dac,clean,False
oom 3633 eBta Enclavve sttation street Beside us Sop muundvha PNEE Puue Mahaarsshtra 141063,411036,PO-411036-856dac,medium,True
plot699 shreee commplex staino street op us stop Muuundhva Pune uune 41110036,411036,PO-411036-856dac,medium,True
"hno 7701, SHREEE ENCLAVE, Station  Street, opposite park, Mundva, pue, Pun, MMaharashtra, 4111036",411036,PO-411036-856dac,low,True
"House 303, Beta Society, Station Marg, Beside Bank, Mundhva, Pune, Pune, Maharashtra, 411036",411036,PO-411036-856dac,clean,False
"hno 95, Shrree Residency, Link Steet, next too bus stop, Mnudhva, pun, PPune, Mahaarshtra, 4111036",411036,PO-411036-856dac,low,True
Sho p8005 Beta Apartments Statoin Magr enar shool Munndvha pen un h 441136,411036,PO-411036-856dac,medium,True
Hsue 51 shee apartmenntss Opposite  MMetroo Station Mundahvv Puu un mm,411036,PO-411036-856dac,high,True
FlaNt o 212 Shree omplxe Statin ath BesiideBus Stop mundhhva Pen 44111036,411036,PO-411036-856dac,medium,True
"House 954, Alpha Residency, Main Marg, Opposite Metro Station, Mundhva, Pune, Pune, Maharashtra, 411036",411036,PO-411036-856dac,clean,False
Shop 176 ta society Linnk RRoad Nr Scoo MMUNDHA PPuune Pneu Mahaarhstra 4116,411036,PO-411036-856dac,medium,True
"Flatt No 566, HSREE TOWER, nea temple, MUUNDHVA, une, puune, hm, 41136",411036,PO-411036-856dac,low,True
hon 643 ai cmplex marekt rrd BHEIND HOOSPITAL Munnhdva Pune Mahharashrta,411036,PO-411036-856dac,medium,True
"oRm  481,, Srree Complexx,, Marekt Lae,, ext to bbbus stop,, Mudnnhav,, PPuuune,, Pnuue,, hh,, 4411136",411036,PO-411036-856dac,high,True
"plot 53, Beta Apatments, NEXT OT PARK, uMndhva, Pue, Pue, 411063",411036,PO-411036-856dac,low,True
"House 595, Shree Heights, Market Marg, Near Bhavani Peth, Mundhva, Pune, Pune, Maharashtra, 411036",411036,PO-411036-856dac,clean,False
oom  4439 ai Ennclae Maain Mrg BehindBu sStop Muuundhva e Mahrhtra 411136,411036,PO-411036-856dac,high,True
"Flat No 591, Beta Residency, Market Street, Behind School, Mundhva, Pune, Pune, Maharashtra, 411036",411036,PO-411036-856dac,clean,False
"Flat No 15, Sai Aparttments, Station Mrag, behin bank, Mundhav, PPune, Maharasshtra",411036,PO-411036-856dac,low,True
plt 2881 sai ecave ManiStreet ENAR LHOOGAON Muute Peu MMH 41121115,412115,PO-412115-7c787d,medium,True
Shoop 907 ALPHA TOOWE Sttatino Rd next to mtro  station uMth pneu Maarashtra 412115,412115,PO-412115-7c787d,medium,True
"room 531, alpha compelx, MAIIN RD, Beside Mtero Station, muteh, une, 142115",412115,PO-412115-7c787d,low,True
"hno 4485, Sai Commplex, LIN KLANE, bhind temple, uMthe, pne, uPne, hm, 4412115",412115,PO-412115-7c787d,low,True
"Room347, alpha scoiety, Link Streett, Besidee Bank, muuthe, une, pnue, hM, 41115",412115,PO-412115-7c787d,low,True
no  340 bet a toweer Markte Street opposite s school UMHE PPunn hMarastra 221115,412115,PO-412115-7c787d,high,True
"Plot 628, Shree Enclave, Link Path, Near Temple, Muthe, Pune, Pune, Maharashtra, 412115",412115,PO-412115-7c787d,clean,False
"room8800, shreea aprtmments, MainStet, Behnid School, Muuthe, pupen, Pun, MMM, 1411",412115,PO-412115-7c787d,high,True
"Plot 252, Beta Society, Link Lane, Near Bus Stop, Muthe, Pune, Pune, Maharashtra, 412115",412115,PO-412115-7c787d,clean,False
"Plot833, shrree apartments, Lik Street, nr metro statino, Muhte, Pnue, PPune, h, 4121155",412115,PO-412115-7c787d,low,True
"Flat No3 47, Shee Society, ENXT TO PARK, Muthhe, punne, PPune, h, 4121115",412115,PO-412115-7c787d,low,True
"ro  835,, Beta Apparmeents,, Sttaion Lane,, near nannded-pune,, Mhtue,, pnue,, U,, 4151",412115,PO-412115-7c787d,high,True
oHHuse 501 Shree owr StationLaen Opposite Sccholo Muthe PPnue un,412115,PO-412115-7c787d,medium,True
Flat oNN 645 sai  complex link srtete Opposie Ban muuuthe puue uPen mahraashtrra 41122115,412115,PO-412115-7c787d,medium,True
"shoop 424, Alpha Apartmennts, Link Pat, next to chool, Muthee, une, Puune, 4121115",412115,PO-412115-7c787d,low,True
"Pllo 51, Shrhee  Tower, ilnkamrg, Nr  Schooo, TEH, pnnne, Mrashtra",412115,PO-412115-7c787d,high,True
Po4t 49 sa apartmen Saton Pth NS chool MUTE u uPnnee 4111251,412115,PO-412115-7c787d,high,True
Pltt 795 BBeta Residenccy Statio Ptah N rNande-Pune utMhe une uen mh 41211115,412115,PO-412115-7c787d,medium,True
shop 4008 sii complex nexxt to schhool Muuhe Pn h,412115,PO-412115-7c787d,medium,True
"Hous 421, Alpha Cmplex, Market Roa, opposite tmple, Muuthe, Pne, Mahaarashtra",412115,PO-412115-7c787d,low,True
"hno 80, sai complexx, Makret Path, netx to bank, Mtuhe, une, Pne, 12115",412115,PO-412115-7c787d,low,True
"room 595, Alpa Complex, besid emetro station, muthee, punne, Maharashttra, 41215",412115,PO-412115-7c787d,low,True
pplo 542-Alpha EEncaave-tato nrd-Near HHospal-muth-uuPne-aMharsahtrra-41112115,412115,PO-412115-7c787d,high,True
"ho  5570, ebta encve, OppH sital, Mtthee, uune, PPne, 141115",412115,PO-412115-7c787d,high,True
"House 652, Sai Enclave, Market Marg, Next to Metro Station, Muthe, Pune, Pune, Maharashtra, 412115",412115,PO-412115-7c787d,clean,False
"Shop 669, Shree Society, Main Marg, Opposite Park, Muthe, Pune, Pune, Maharashtra, 412115",412115,PO-412115-7c787d,clean,False
Flaat No 484-alpha reissdeny-Man i Rd-Opposie tTempl-Mh-nu-eP-hMh-41215,412115,PO-412115-7c787d,high,True
"House 6118, lpha apartments, Lik Lane, Naer Bus Stop, Muthhe, Pnue, Pne, Maharastra, 412151",412115,PO-412115-7c787d,low,True
"Fla No 695, Shree Compelx, statino path, enar viman ngr, Mutthe, PPune, une, h, 41115",412115,PO-412115-7c787d,low,True
Hose6 71-Alpha H eihts-statio nstsreet-behnid bbaank-Mthuue-Puen-unPee-41215,412115,PO-412115-7c787d,high,True
"Fla No 74499,, ShreeR esdieency,, popositemetro staion,, uMhtee,, Puen,, pnuuue,, 41112115",412115,PO-412115-7c787d,high,True
Pot 12-sai cocpmlex-ann Lane-nex tto park-uet-unee-pnnee-h-41211,412115,PO-412115-7c787d,high,True
"Plot 127, Alpha Enclave, Station Road, Beside Temple, Muthe, Pune, Pune, Maharashtra, 412115",412115,PO-412115-7c787d,clean,False
"hn 700, beta toewr, oppp temple, muthee, Puen, Punee, Mahaashtra, 41211",412115,PO-412115-7c787d,low,True
"shop 657, Beat Enclave, main magr, Beside ank, Mthe, PPune, Punee, Mharashtra, 412151",412115,PO-412115-7c787d,low,True
"lat o 6,, rheeComplex,, Markkett Sreet,, oppp ak,, MMMtuhe,, uenn,, Punne,, Mahaarhtra,, 24115",412115,PO-412115-7c787d,high,True
"hn 245, Beta Apartmnets, LINK LANNE, netx to bank, Mtuhe, pnue, 41215",412115,PO-412115-7c787d,low,True
"HNo 419, Alpha Heights, Link Path, Near Morave, Muthe, Pune, Pune, Maharashtra, 412115",412115,PO-412115-7c787d,clean,False
"loot 4478,, saa icompex,, Mand ,, rHo spital,, ttuhe,, en,, h,, 412111",412115,PO-412115-7c787d,high,True
hno  929 Shree Soceyt nexxt to teemple muth uPPne puunee maharashttr 442115,412115,PO-412115-7c787d,medium,True
"oRom 834, alph aapartments, Beside Hosppital, Muthhe, puen, Pue, mmh, 142115",412115,PO-412115-7c787d,low,True
"nho 349, sai toweer, Main Stree, OPPOSITE METRO STATIION, Muthhe, punee, 412115",412115,PO-412115-7c787d,low,True
"PPlot 711, Beta ociety, Link Maarg, beside templee, N  IB M, Pnue, MMh, 411084",411048,PO-411048-fb2dfd,low,True
"nho   687, Shre Compelx, Markett aMgr, Behnd Busss Stop, N   I  BM, PPUE, puuun, MAHHARAASHTRA, 4110048",411048,PO-411048-fb2dfd,high,True
Plot 64669 Beta eHights MraketR next tooo ppark N I  B MM PNE uneee M 4011048,411048,PO-411048-fb2dfd,high,True
Hose 6277 shre hieghts maret mrg BEHIIND SCOOL n ii  bm PNU maharashhtar 4101448,411048,PO-411048-fb2dfd,medium,True
"Room 64, Alpha Society, Main Lane, Near Pune New Bazar, N I B M, Pune, Pune, Maharashtra, 411048",411048,PO-411048-fb2dfd,clean,False
"Flat No 435, Sai Heights, Station Street, Next to Bank, N I B M, Pune, Pune, Maharashtra, 411048",411048,PO-411048-fb2dfd,clean,False
plot 1197 allpha complx Mai n Lane nxt to temmple n ii  b m Puuen peun aaMharashtra 411048,411048,PO-411048-fb2dfd,medium,True
shop697 bea heights r hosspial NN  IBB M unP 140488,411048,PO-411048-fb2dfd,high,True
"Plo t54,, alphha reesiency,, mian lnne,, Besied Bus  Stp,, N  IB,, Pue,, puneeee",411048,PO-411048-fb2dfd,high,True
Romoo 219 AlphaR esidnecy LinkM agr Beind Shcool N  I  M Puue Pune maharsahtraa 41084,411048,PO-411048-fb2dfd,medium,True
"HNo 768, Shree Tower, Market Lane, Behind Hospital, N I B M, Pune, Pune, Maharashtra, 411048",411048,PO-411048-fb2dfd,clean,False
oot 24-Betat Soicety-maktlane-Behind Schol-N    M-Punne-Pne,411048,PO-411048-fb2dfd,high,True
"Flat No 642, Shree Towr, Main Pat, Ner School, N IB M, une, PNE, Mhaarashtra, 411084",411048,PO-411048-fb2dfd,low,True
"Roomo 498, betaa patrmets, Opposie Hospital, n    bm, Puunue, pn, hmh, 411110448",411048,PO-411048-fb2dfd,high,True
Roo4m11 Sai Aartments links tret next to mero stattion N  I  BM PPnue PUUEN 411008,411048,PO-411048-fb2dfd,medium,True
"Shop 775, Shree Tower, Market Marg, Near Bus Stop, N I B M, Pune, Pune, Maharashtra, 411048",411048,PO-411048-fb2dfd,clean,False
room33 2 Bae Residency neext tto school ni  b  m Pnu ppne,411048,PO-411048-fb2dfd,medium,True
"Hoes  4, SaEi nclavve, Mai RRRd, eeside etmple,  NIIB  M, eP, 4140148",411048,PO-411048-fb2dfd,high,True
"Sh p465,, Shhree Enncclave,, Sttation Rddd,, Besed Baank,, IB M,, Puen,, puuuune,, h,, 4114",411048,PO-411048-fb2dfd,high,True
rooomm  28-bet ssoc-mian ora-besied bus tsoop-n  ib b m-peen-ne-404,411048,PO-411048-fb2dfd,high,True
"oHuse 162, Sai Resdiency, enxt to bus stop, nn i b m, Punne, Puune, Maharrashtra, 41048",411048,PO-411048-fb2dfd,low,True
"Shop 863, Alpha Heights, Main Road, Behind Bank, N I B M, Pune, Pune, Maharashtra, 411048",411048,PO-411048-fb2dfd,clean,False
"hnno 487,, SHHRE ENCLAV,, LnkLanee,, Nr S..CC.Exam Boadr,, NI B B M,, PNU,, Pene,, 41110488",411048,PO-411048-fb2dfd,high,True
"Plot 678, Shree Apartments, Station Street, Opposite Temple, N I B M, Pune, Pune, Maharashtra, 411048",411048,PO-411048-fb2dfd,clean,False
Roomm 333 Sai oCpmlex beside ak n i m  pueen PPunee 4110,411048,PO-411048-fb2dfd,medium,True
"SShp 357,, sa icoomlex,, linn lnae,, OppositeH  oospital,, N  BB M,, nP,, Puun,, 41110448",411048,PO-411048-fb2dfd,high,True
HNO 98844 sai erssidency Station MMagr besied bus stp  NNI B M Puuen Pe 411104,411048,PO-411048-fb2dfd,medium,True
"Plot 239, Sai Tower, Market Marg, Near Bank, N I B M, Pune, Pune, Maharashtra, 411048",411048,PO-411048-fb2dfd,clean,False
"House 113, Alpha Heights, Link Marg, Behind Hospital, N I B M, Pune, Pune, Maharashtra, 411048",411048,PO-411048-fb2dfd,clean,False
House 6 SAI SOCIETY MaarketP ath r abnk n i b mmm Pen hh 14048,411048,PO-411048-fb2dfd,medium,True
"Plot 207, Shree Society, Station Marg, Next to Bank, N I B M, Pune, Pune, Maharashtra, 411048",411048,PO-411048-fb2dfd,clean,False
"hno 5532, shree residnecy, Market Rod, Opp Hosptal,  NI B M, PUNNE, Puen, MMh, 411408",411048,PO-411048-fb2dfd,low,True
"House 42, ebta tower, marekt marg, Oppp Temple, n i b  m, uPne, PUUNE, Maaharashtra, 41108",411048,PO-411048-fb2dfd,low,True
"oHuse 625, SaiResidency, market alne, behiind temple, N I B , Punee, hM, 4110488",411048,PO-411048-fb2dfd,low,True
"Shop 292, Sai Residency, Station Road, Near Hospital, N I B M, Pune, Pune, Maharashtra, 411048",411048,PO-411048-fb2dfd,clean,False
rom 2 ALPHA CMPLXE LINKKS TREET BBEHIND METROO STATION N IB  uune ppnue 11048,411048,PO-411048-fb2dfd,medium,True
House 25-Beta Aaprtmetnns-maip th-ebihhnd park-NI BM -Punu-h-4100048,411048,PO-411048-fb2dfd,high,True
HOUSE 663 alhpa coplex tatio Path Opp Metro ttion N I B M ppue aMharashhtra 4101488,411048,PO-411048-fb2dfd,medium,True
hn o28 Apha Heights llink lan nex to hosiptal N I B   M uPn Pune 411048,411048,PO-411048-fb2dfd,medium,True
"lat No 433, aSi Commpplex, nlik r, beihn par, N IB   , nupe, hhh, 4114488",411048,PO-411048-fb2dfd,high,True
hno3 -Sai SScoety-Linkk aMg-pOpotie Temple-NIBM-PPe-Mahraaahstra-4411048,411048,PO-411048-fb2dfd,high,True
lFFat No 86 Bteta Enclave Maekt Road NrBnak N  B MM uPnee ppuen hh 110448,411048,PO-411048-fb2dfd,medium,True
"Room 259, Shree Socieety, Nea rMetro Station, nc..l. pune, Pue, MAHARASTHRA, 4111008",411008,PO-411008-9b40f9,low,True
hno709 betaresidecny Link aht Nr NNaarayan Peth N.C.. Pun uPn pnne Mhhh 41008,411008,PO-411008-9b40f9,medium,True
Plot 4 APHA SOCIEYT Link Sttret OppTepmle N..CL. Puune uPe m,411008,PO-411008-9b40f9,medium,True
"Room 790, Alpha Apartments, Market Lane, Behind Bank, N.C.L. Pune, Pune, Pune, Maharashtra, 411008",411008,PO-411008-9b40f9,clean,False
"Hoouse 911, ALPHA SOOC, LINK LNE, opp bakn, n..l. pune, Punne, Pne, Mhaarashtra, 4110008",411008,PO-411008-9b40f9,low,True
"Flat No 986, Beta Residency, Market Street, Opposite Temple, N.C.L. Pune, Pune, Pune, Maharashtra, 411008",411008,PO-411008-9b40f9,clean,False
PLO T47 Sre Heights Linkk Pathh next totmeple N.C.LL. Pue PPUEN M 41108,411008,PO-411008-9b40f9,medium,True
HSO 27-Shee wTer-Stationo Mrag-NNr  ank-N.C. .uPne-PN-Puuuune-41100,411008,PO-411008-9b40f9,high,True
ho 9666 Sia Reesidency near bus sttpo n.c.ll.p une pune unee MhM 41008,411008,PO-411008-9b40f9,medium,True
Huse 4448 btea residenc aiin Marg Bhnid Hospital n.cl. pnue PPun Pune Maharastraa 14100,411008,PO-411008-9b40f9,medium,True
Ro m6-Srhee Scieyt-MMainMargg-BBesid eark-NN..L.Pune-ppuue-MMh-41108,411008,PO-411008-9b40f9,high,True
hSop 6733 alph aheighhts Nr Metor Sation N..CL. Punee unee UPE maharrashtra 14008,411008,PO-411008-9b40f9,medium,True
"Flat No 274, Alpha Apartments, Station Lane, Behind Hospital, N.C.L. Pune, Pune, Pune, Maharashtra, 411008",411008,PO-411008-9b40f9,clean,False
"falt no 205, Saii Tower, link ptah, Opp Hospiatl, N.C.L. PUE, Pne, mmh, 41100",411008,PO-411008-9b40f9,low,True
"rroom 817, bea society, Statin Street, Behhind Metro Station, n..c.l. pune, Pnue, Punee, hM",411008,PO-411008-9b40f9,low,True
"House 139, Beta Apartments, Link Road, Opposite Metro Station, N.C.L. Pune, Pune, Pune, Maharashtra, 411008",411008,PO-411008-9b40f9,clean,False
"Room 635, Shree Heights, Station Lane, Opposite Temple, N.C.L. Pune, Pune, Pune, Maharashtra, 411008",411008,PO-411008-9b40f9,clean,False
hnoo 15 SAI COMLEX MMarket  Path NR HHOSITAL N.C.L  Pune Pue Pune MMaharashtr 411008,411008,PO-411008-9b40f9,medium,True
"Flat No 738, Shree Complex, Main Road, Beside School, N.C.L. Pune, Pune, Pune, Maharashtra, 411008",411008,PO-411008-9b40f9,clean,False
"PLT837,, SiResidencyy,, mmraaket lane,, nexxt to bus ttsop,, N..L. Pnune,, upnnee,, pppnue,, hmmm,, 41008",411008,PO-411008-9b40f9,high,True
Housse 8455 shree paartments SAATION ROAD nextto templ n.c.l.p uen puune uPPne h 4111080,411008,PO-411008-9b40f9,medium,True
"hno 8322, BETA ENLAVE, MARKET ROAAD, nr munhva av, N..CL. Pune, Punee, Pun, Maaharashtra, 41100",411008,PO-411008-9b40f9,low,True
ohuse 26 Shree Coomplx Beesdie Bus Stop N.C.L Puen uPnne unee 4108,411008,PO-411008-9b40f9,medium,True
hoss 298-AlphaR sidenncy-maerkt mrag-netx tto chool-nc.lpune-uPnne-uene-mharsatra-41111080,411008,PO-411008-9b40f9,high,True
"HNo 746, Shree Tower, Link Lane, Near School, N.C.L. Pune, Pune, Pune, Maharashtra, 411008",411008,PO-411008-9b40f9,clean,False
"Plot 758, Alpha Apartments, Main Path, Opposite Bus Stop, N.C.L. Pune, Pune, Pune, Maharashtra, 411008",411008,PO-411008-9b40f9,clean,False
PPlo t79-AllphaResidncy-Stato Pathh-Oppositee Shol-N.C.L. Pun-pnee-PPnee-hM-41800,411008,PO-411008-9b40f9,high,True
Shhop 4436 alph heights lin kpaht Beside Metro tatino n..l. punee uPen PPnue Mahrashta 14108,411008,PO-411008-9b40f9,medium,True
"House86, Shree Enclavve, Market Mrag, NrBank, n.c.l pune, Pun, PUEN, Mahaarashtra, 4110008",411008,PO-411008-9b40f9,low,True
Fla No 1229 ShereApartments behind hossppital NC..L. Pnue Pnu Pn MMhh 4110008,411008,PO-411008-9b40f9,medium,True
Room 1004 bt soc MMainPath Nr BusSotp N.C.L.P UNEE un pen 411008,411008,PO-411008-9b40f9,medium,True
"HNo 407, Alpha Society, Main Road, Behind School, N.C.L. Pune, Pune, Pune, Maharashtra, 411008",411008,PO-411008-9b40f9,clean,False
"ho 7, BETA SOCIET, Link aMrg, BEHIN TEMPLE, N.CL.. PUNE, punne, Puune, maharsahtra",411008,PO-411008-9b40f9,low,True
ho 1600 Shhreee Tower Beisd Hospital N.C.L.Puune Pnuee mharasshtra 411088,411008,PO-411008-9b40f9,medium,True
Shopp 58 ALPHAA  SOC iLnk Lne next toscohol N.CLL.. Pune Pnuue Pnee maharsahttra 4110,411008,PO-411008-9b40f9,medium,True
Rom 9322 hSree Residdencyy STTON STREET NearW rjje n..cl pnue UE pnue h 411110008,411008,PO-411008-9b40f9,high,True
"ho33 9, alpha paaartmennts, Main Strete, nrc  d a o, n.cl.. upn, puunne, unne, mhaaarahstra, 441100",411008,PO-411008-9b40f9,high,True
"ohuse 113, Beta Enclve, Market Ptah, nexxt to bank, n.c.l. pnue, Pnue, puen, maharashtrra, 41108",411008,PO-411008-9b40f9,low,True
hSop 849 alpha residnncy Lin kdR Near S.S..CExa Board N.C..L Pnue Puune upen h 4100,411008,PO-411008-9b40f9,medium,True
Houuse 213-etta So-Lni Lne-ehind rk-N.CCL .Pune-punen-Puneeee-4441008,411008,PO-411008-9b40f9,high,True
ho p57 Alpa Rseidency Statn Road Oposite Scohol .C.L. Puune ne Puuen Maharahtr 111008,411008,PO-411008-9b40f9,medium,True
"Shop 871, Beta oTwer, ain Path, BESIDE PRAK, n.c.l. punee, une, PPune, 141008",411008,PO-411008-9b40f9,low,True
"HNo 282, Shree Apartments, Main Marg, Near Pashane B.O, N.D.A. Khadakwasla, Pune, Pune, Maharashtra, 411023",411023,PO-411023-e780ca,clean,False
"Room 832, Shree Enclave, Station Street, Next to Park, N.D.A. Khadakwasla, Pune, Pune, Maharashtra, 411023",411023,PO-411023-e780ca,clean,False
"Room 372, Beta Society, Station Street, Next to School, N.D.A. Khadakwasla, Pune, Pune, Maharashtra, 411023",411023,PO-411023-e780ca,clean,False
Huosee 494 Aph Heights stion rd Oppp Mtro Station n.d.a. khadakwsaa PUE PUUN Mahaahstra 41123,411023,PO-411023-e780ca,medium,True
"house 16, alpha hheights, main amrg, nera park, N.D.A. hadakwasla, une, Pnue, maharasthra, 411023",411023,PO-411023-e780ca,low,True
"ho 188, sa heights, Staiton Path, R NARAYAN PETH, N.D.A. hadakwasla, Puune, 41102",411023,PO-411023-e780ca,low,True
"hno6 91, beta paartments, main paht, Beide Metro Station, N.D.A. Khaakwasla, une, pnue, 4110233",411023,PO-411023-e780ca,low,True
House  2-alpha hiightts-Nr Vhsirantwadi-N.DD.A. KHADAKWAALSA-Pu-uPe-MMh-44112023,411023,PO-411023-e780ca,high,True
flat nno 825 aplpha soc amkret road Beside us Sop N.D.A. Khaadkwasl punue Pne Mahraasthra 411023,411023,PO-411023-e780ca,medium,True
"House 676, Shree Society, Main Marg, Opposite School, N.D.A. Khadakwasla, Pune, Pune, Maharashtra, 411023",411023,PO-411023-e780ca,clean,False
"Hoouse 02,, Shhhree Toewr,, Stion Rd,, nr pprk,, N.D.A. hhadakwsla,, un,, upn",411023,PO-411023-e780ca,high,True
"Flat No 55, Alpha Residency, Station Lane, Next to Metro Station, N.D.A. Khadakwasla, Pune, Pune, Maharashtra, 411023",411023,PO-411023-e780ca,clean,False
hhouse 6670-betsoiety-Main  MMag-ehnid Bus Sotp-N.D.A. hKhhadakwasla-pnnue-MMhh-1111023,411023,PO-411023-e780ca,high,True
"Rooom 333, Shre Complex, besied bus stop, N.D.A. KHADAKWASLLA, Punee, Puune, h, 141023",411023,PO-411023-e780ca,low,True
plo t812 lphaa CComplex LinkP ht enx tto bu stop n.d.a .kadakwasa nep uPnn Maharaashtra 411223,411023,PO-411023-e780ca,high,True
Shp39 0 lpha Heihtss LinkMMaarg Bseide Bs Stoop N.D.A.  Khadakwasla Puunen nPPe MhM,411023,PO-411023-e780ca,high,True
"Flat No 373, Sai Complex, Main Road, Near Park, N.D.A. Khadakwasla, Pune, Pune, Maharashtra, 411023",411023,PO-411023-e780ca,clean,False
"Fltt No6 97, AALHPPA SOC, markeet marg, behindb bakn, N.D.A. adakwsala, u, nne, 4111022",411023,PO-411023-e780ca,high,True
"Flat No 271, Sai Heights, Station Road, Near Sinhgad Technical Education Society, N.D.A. Khadakwasla, Pune, Pune, Maharashtra, 411023",411023,PO-411023-e780ca,clean,False
"HNo 130, Beta Enclave, Station Marg, Beside Temple, N.D.A. Khadakwasla, Pune, Pune, Maharashtra, 411023",411023,PO-411023-e780ca,clean,False
hn o1522 BetaA partents MMaket Road beehin bank N.D.. Khaadkwasla puun mahaashrta 411102,411023,PO-411023-e780ca,medium,True
"Room 3500, BETAA TOWER, lnik road, nea navsahyadri, N.D.A. Khaddakwasla, punee, MMaharashtra, 41023",411023,PO-411023-e780ca,low,True
"HNo 790, Alpha Complex, Station Path, Next to Bank, N.D.A. Khadakwasla, Pune, Pune, Maharashtra, 411023",411023,PO-411023-e780ca,clean,False
Flat NNo 1522 Beta Enclave Staon Path entx to bank n.da. khadakwsala Puuune,411023,PO-411023-e780ca,medium,True
"Flat No 931, Shree Enclave, Main Path, Near Pune City, N.D.A. Khadakwasla, Pune, Pune, Maharashtra, 411023",411023,PO-411023-e780ca,clean,False
sop  787 Sree Enclvae Sttatoin Lane next t metros tation n.d.a .khadakwwasla ppue Pune MMahharashtra 4110322,411023,PO-411023-e780ca,medium,True
hno97 bet aparrtments Statonn Street nr hospiitla N.DD.A. Khadakawsla uPnne PPUN h,411023,PO-411023-e780ca,medium,True
no 834 sai residenecy station  mrag Besiide HHospital N.D.A. Khadakwasaa Pnnue uPune 4110023,411023,PO-411023-e780ca,medium,True
"hoouse 119, Beta Apaartments, next to templee, N.D..A Khadakwasla, Pnue, Pun, Mhaarashtra, 41023",411023,PO-411023-e780ca,low,True
"Room 81, shree otwer, market streett, Beside Parkk, n.d.a. kkhadakwasla, uPne, Punne, hM, 411023",411023,PO-411023-e780ca,low,True
"hon 524, Sai  Residency, main  street, nr bus stoop, n.d.a. kahdakwasla, PUN, M",411023,PO-411023-e780ca,low,True
lfa no 279 Alpha Hiegght Sttiion aPth Beisde Hooospital NN.D.A.K hadakwsala uPune Pnnee maharasrht 11023,411023,PO-411023-e780ca,high,True
FLATT  NO 830 Bet Apartmens Mian  Lane Oppp  Bus Stop N.D.A .Khadakwsala upune uen mh 4110123,411023,PO-411023-e780ca,medium,True
PLOOT 963 Beat oSc lik stret Besied Bak N.D.A. Khhadakwasa Puuune une hhM 111023,411023,PO-411023-e780ca,medium,True
"Shop 715, Sai Complex, Market Road, Next to Metro Station, N.D.A. Khadakwasla, Pune, Pune, Maharashtra, 411023",411023,PO-411023-e780ca,clean,False
"house  798, Beta  Tower, station pah, NERA TEMPLE, N.D.A. Khadkwasla, Punee, Puen, 41023",411023,PO-411023-e780ca,low,True
"fla no 782, shhree apartments, MAKET RD, Beside  School, n.d.a. khadakwalsa, une, Puen, 410123",411023,PO-411023-e780ca,low,True
shpo 776 sai ocs Link  Ptah nearmetro statioon N.D..A Khadakwasl UPE unne maharhastra 411032,411023,PO-411023-e780ca,medium,True
Flat NNo 1448 alpha eigths market path OOp School n.dda. khadakwasla une hh 41102333,411023,PO-411023-e780ca,medium,True
"room 822, eta Complex, nr 9 brd  b.o, N.D.A. Khadawasla, Pue, Pue, 4111023",411023,PO-411023-e780ca,low,True
"Flat No 435, Shree Residency, Market Road, Behind School, N.D.A. Khadakwasla, Pune, Pune, Maharashtra, 411023",411023,PO-411023-e780ca,clean,False
FlatN o 878 shee ennclave Link Streeett N rMetro Statioon N.D.A. Khadakawsl Peun UPNNE Mahrashtr 4111032,411023,PO-411023-e780ca,medium,True
Plottt 220 Beta Apartmen link mg pp  bank N..IA.. ppun uen Mhhh 14104,411045,PO-411045-0e8724,medium,True
"Shop 583, Alpha Society, Link Road, Behind Park, N.I.A., Pune, Pune, Maharashtra, 411045",411045,PO-411045-0e8724,clean,False
"ouse 79, Beat Heights, LNIK STREET, Behind Metro Staion, N.IA., PPune, PUUNE, mmh, 41105",411045,PO-411045-0e8724,low,True
"Shop424, Shree Socieety, stationmarg, opposite templee, N.I.A, Punne, ppune, 4411045",411045,PO-411045-0e8724,low,True
Romo 98 Bea  Soc likn  lane besid emetro staion N.I.. Pe 111045,411045,PO-411045-0e8724,medium,True
Pllot 422 hSreee Enclave Lnik tSreet next to cshoool ni.a pueen peu Mh 14104,411045,PO-411045-0e8724,medium,True
shop 3 Sai Aartment statio stree Near  uBs Stop N..IA.. Pn uen M 14104,411045,PO-411045-0e8724,medium,True
"Rooom4 7,, Alpha  Resiidecny,, nnr etro tation,, .IN..A,, UE,, Pne,, 4100154",411045,PO-411045-0e8724,high,True
hno9 999 sre soc Station Path nnrp ark NNI..A. PUNNEE Pne 41100455,411045,PO-411045-0e8724,medium,True
"Shhop 469, shree coplex, opposite hopsital, n..ia., Punne, maharastra",411045,PO-411045-0e8724,low,True
"Shop 992, Alpha Complex, Main Marg, Near Hadpsar I.E., N.I.A., Pune, Pune, Maharashtra, 411045",411045,PO-411045-0e8724,clean,False
"plot 9366, shrees oc, Nr BBank, N.I..A., Punne, h",411045,PO-411045-0e8724,low,True
"Room 4558, ALPH AAPARTMENTS, LIKN MARG, pOp Bank, N.II.A., PUNEE, Puune, 4110445",411045,PO-411045-0e8724,low,True
hn o3 SShree Heeihgts MrkaetM arg Opp Bu sStop NIA. pnue Pune MM 40045,411045,PO-411045-0e8724,high,True
"oHusee 6999, sshee comlpex, Market Magr, NR SHHCOLO, NN...A., neP, upuen, 4111054",411045,PO-411045-0e8724,high,True
"SHHOP 659, eBta Residency, Oppsoite Temple, n.i.a.., Pne, PPune, Maharashtrra, 411405",411045,PO-411045-0e8724,low,True
"SShop 441, LAPHA HEIGHTS, Maket Marg, opp tempple, N.IA., puen, Pun, hm, 4110455",411045,PO-411045-0e8724,low,True
Sh p60 Alhpa Complexx arket mmarg opposite paaark ..IA. Pune uPPne hhM 4111054,411045,PO-411045-0e8724,medium,True
"Polt 88, hSree Enclave, main apth, Beside aPrk, N..A., Pue, Puen, h, 411054",411045,PO-411045-0e8724,low,True
"hno 8810, Alphaa Tower, Markeet Lane, oppositeb us stop, n..i.a., Puen, pne, 41105",411045,PO-411045-0e8724,low,True
"house 18, eeta reisdency, Sattioon Ptah, OpositeH ospital, ni.a., ue, h, 410",411045,PO-411045-0e8724,high,True
"Fla o 349, sai rreidecny, aMrrketP ath, rnb akn, ..I..A, ppueen, nu, hhh, 4141054",411045,PO-411045-0e8724,high,True
"Flaat No 655, sai ower, Min Path, beside hspital, .NI.A., puune, pun, maarashtra",411045,PO-411045-0e8724,low,True
"Plot 547, Sai Enclave, Main Street, Near Hospital, N.I.A., Pune, Pune, Maharashtra, 411045",411045,PO-411045-0e8724,clean,False
"hp817, sia soo, LLiiink Rd, near rbak, n.i.aa, uPnue, eu, MMhaarashtr, 41145",411045,PO-411045-0e8724,high,True
Sop 6799 Alpha AAparments Man Lane n rktaraj N..AA. uPnne 4110145,411045,PO-411045-0e8724,medium,True
Flaa tNNo 32 sa ireisdenc MainSSteret Behhind SSSchool N....A. Pu uPne MMaharasthar 141045,411045,PO-411045-0e8724,high,True
Plt 97 alpha rsidnecy lnik lne Oosite Bus Stop N.I.AAA. peu PPunee 411405,411045,PO-411045-0e8724,medium,True
"Flat No 468, Alpha Heights, Station Road, Behind Hospital, N.I.A., Pune, Pune, Maharashtra, 411045",411045,PO-411045-0e8724,clean,False
"House9 38, Sai Enclae, main mag, besidde school, n.i.a, une, Pnue, 11045",411045,PO-411045-0e8724,low,True
"House 446, Sai Heights, Market Lane, Near Khed Shivapur Baug, N.I.A., Pune, Pune, Maharashtra, 411045",411045,PO-411045-0e8724,clean,False
"Plot 200, Shree Residency, Link Lane, Opposite Temple, N.I.A., Pune, Pune, Maharashtra, 411045",411045,PO-411045-0e8724,clean,False
"Sho 516, Srhee Tower, Main Raod, next to metro stationn, .NI.A., pun, Punee, Mhh, 11045",411045,PO-411045-0e8724,low,True
"Shop 589, Sai Complex, Main Street, Beside Bank, N.I.A., Pune, Pune, Maharashtra, 411045",411045,PO-411045-0e8724,clean,False
"Plot 11, shreee enclave, Station Steret, ebside school, N.IA.., pue, Puen, Maharashtar, 4110455",411045,PO-411045-0e8724,low,True
"Shop 354, Shree Heights, Station Marg, Beside Bank, N.I.A., Pune, Pune, Maharashtra, 411045",411045,PO-411045-0e8724,clean,False
FLT NO 6211 Sheee Soc Maket Ptah next to mtor station n...ia. unpe Puuune mahaarshtraa 11054,411045,PO-411045-0e8724,medium,True
"Plot100,, ShhreeResidency,, Mrkt Rad,, Opposite Metro atoin,, N..A,, Punn,, 4111504",411045,PO-411045-0e8724,high,True
"Shpo 238, AlphaEnclave, Market LLane, Opposit Metro Station, N.I..A, Pun, pnue, Maharastra, 11045",411045,PO-411045-0e8724,low,True
"House 409, Beta Enclave, Station Lane, Behind Bus Stop, N.I.A., Pune, Pune, Maharashtra, 411045",411045,PO-411045-0e8724,clean,False
House 11113 SShree Toewr sttation ptah besie tmple .NI.AA. npe Pue maharasra,411045,PO-411045-0e8724,medium,True
"Plot 604, Shree Society, Main Marg, Near School, N.I.A., Pune, Pune, Maharashtra, 411045",411045,PO-411045-0e8724,clean,False
Fa tN 920-SSi Aparments-mai  llane-Opp Scoolo-n..w. collgege-P-PPuuune-4101001,411001,PO-411001-9977f4,high,True
"Huse 912, Beta Enclavee, Besiide School, n..w college, Pue, Puen, MMh, 411001",411001,PO-411001-9977f4,low,True
"Romo 443, shree enlcave, ain Lane, Near  Metro Station, N.W.C ollege, Pne, PPUNE, 41100",411001,PO-411001-9977f4,low,True
"Flat No 991, Sai Tower, Link Street, Beside Hospital, N.W. College, Pune, Pune, Maharashtra, 411001",411001,PO-411001-9977f4,clean,False
Shpop 370 paha residency next to metrro statioon N..W COLLEEG unne ppunee Maharsthra 14101,411001,PO-411001-9977f4,medium,True
ho2 40 Shree Residnccy Marek Lane Oppp Metro Staton n.wcollege Pn punn Mahharashta 441100,411001,PO-411001-9977f4,medium,True
"Flat No 65, Beta Heights, Market Marg, Next to Park, N.W. College, Pune, Pune, Maharashtra, 411001",411001,PO-411001-9977f4,clean,False
"hno 7735, SHREE APARTENTS, Min Street, NEAR SACHAIPR STREET, n.w. cllege, puen, pun, Maharashtr, 41001",411001,PO-411001-9977f4,low,True
"Room 236, Beta Society, Main Path, Opposite Bank, N.W. College, Pune, Pune, Maharashtra, 411001",411001,PO-411001-9977f4,clean,False
"Room 399, Beta Residency, Link Marg, Next to Bus Stop, N.W. College, Pune, Pune, Maharashtra, 411001",411001,PO-411001-9977f4,clean,False
"ousse 8211,, ebt aeights,, Main Streeet,, Op pBs SStop,, nw. coollege,, pnue,, unnne,, m,, 141001",411001,PO-411001-9977f4,high,True
"Flat No 84, SHREE HEHST, Staion aPh, Beseid Hspital, N.W .Collegeg, Pun, une, mhhh, 11000",411001,PO-411001-9977f4,high,True
hossue  293-bta ehgihts-MaainnRoad-Opposssit ePark-n..w. ccolllege-e-PU-m-4411001,411001,PO-411001-9977f4,high,True
Huose 897 Shreee Residenncy hind Temple n.w. ccollegge Pnne Puuen maarahtra 411001,411001,PO-411001-9977f4,medium,True
"plot 737, Shhree Apartments, markket path, Behind Hospitla, N.W .College, pnue, hM, 411001",411001,PO-411001-9977f4,low,True
"Plot 326, Alpha Enclave, Station Road, Beside Park, N.W. College, Pune, Pune, Maharashtra, 411001",411001,PO-411001-9977f4,clean,False
"room 936, Bet Soc, main streett, BESIDE BUSS TOP, N..W College, ppune, Pne, Maharashra, 411001",411001,PO-411001-9977f4,low,True
"HNo 906, Sai Enclave, Main Road, Beside Temple, N.W. College, Pune, Pune, Maharashtra, 411001",411001,PO-411001-9977f4,clean,False
Plllot 140 Si Toewr mai  rd Behnid Schoo N.. COLEGE ppun Mhhh 411001,411001,PO-411001-9977f4,medium,True
"Flat No 85, Shree Soc, Lnik Street, next to  bank, N.W .College, pne, M, 410101",411001,PO-411001-9977f4,low,True
"Shopp 970, Sai Resiedncy, Main Pah, Behind Hospiatl, N.W. CCollege, ppune, pun, Maharashtr, 41001",411001,PO-411001-9977f4,low,True
"flat  no 602, alha heights, Beside Templee, n.w. ollege, Pne, 4110011",411001,PO-411001-9977f4,low,True
"FFat oN 352,, Shree Aartments,, Mkre Rd,, Near Hsopitaal,, N.W. Colllgeee,, PPPuen,, nue,, hh,, 41001",411001,PO-411001-9977f4,high,True
"HNo 494, Beta Residency, Station Marg, Beside Hospital, N.W. College, Pune, Pune, Maharashtra, 411001",411001,PO-411001-9977f4,clean,False
"SHO 227,, Alhap Residenyc,, Behin Baknn,, .n.w ollege,, pune,, PPune,, MM,, 411010",411001,PO-411001-9977f4,high,True
"Shop 953, Beta Society, Main Street, Opposite School, N.W. College, Pune, Pune, Maharashtra, 411001",411001,PO-411001-9977f4,clean,False
plot 855-lha Enclaave-MARKKETSTREET-BEHID HOSPITTTAL-NW.. CColege-Pnnue-uue-4410101,411001,PO-411001-9977f4,high,True
hnno9  Beta eigghts r Parkk N.W.Cllege PPnue Puuen mh 41110001,411001,PO-411001-9977f4,medium,True
"Shop 925, Alpha Apartments, Station Path, Behind Temple, N.W. College, Pune, Pune, Maharashtra, 411001",411001,PO-411001-9977f4,clean,False
"House  99, shree heights, link roadd, OPP BU STOP, NW. College, pun, MMh, 411010",411001,PO-411001-9977f4,low,True
"Room 773, Sai Enlave, Markett Marg, opp tempe, nn.w. college, Punne, une, MHAARASHTRA, 4111001",411001,PO-411001-9977f4,low,True
roo m3446 hSere Tower Market Path beside metro tatoin N.W. Coleg Pe 10101,411001,PO-411001-9977f4,medium,True
"Room 824, Beta Apartments, Station Lane, Behind Temple, N.W. College, Pune, Pune, Maharashtra, 411001",411001,PO-411001-9977f4,clean,False
shp  8857 Sai CComplex Mrret Path NrBa n NW. Collge en PPu 41110,411001,PO-411001-9977f4,high,True
"Flat No 574, Alpha Residency, Main Road, Beside Bank, N.W. College, Pune, Pune, Maharashtra, 411001",411001,PO-411001-9977f4,clean,False
House  8977 hSree Residnecy Behnid Temle n.w colege PNEE ue MMhh 4101,411001,PO-411001-9977f4,medium,True
"Sohp4 577,, saii resiency,, SaationPath,, OppPaarkk,, n.w college,, NPNUE,, upenn,, Maharasra,, 1141001",411001,PO-411001-9977f4,high,True
"Shop 2255, SaiHeights, Behind Tmeple, N.W. Cllege, Punne, Mahaashtra, 141001",411001,PO-411001-9977f4,low,True
"Fat No 260, Saai Complex, Link Stree, bhind temple, n.w. college, Puen, punne, Maharashhtra, 4411001",411001,PO-411001-9977f4,low,True
Flat  o506 Shree Commplex sstatin path Opposite Hospitaa N.. Clolege PPunne Peu,411001,PO-411001-9977f4,medium,True
"HNo 411, Sai Residency, Link Lane, Near Bus Stop, N.W. College, Pune, Pune, Maharashtra, 411001",411001,PO-411001-9977f4,clean,False
"hno 6556, Alpha Ecnlave, market patth, BEHIND HOPSITAL, N.W. Coollege, upne, punee, h",411001,PO-411001-9977f4,low,True
"Roo 111, shreee tower, Link Srteet, Besied Temple, nana pth, punee, Puen, 4110022",411002,PO-411002-d435ba,low,True
"Flat No 822, Sai Tower, Market Street, Opposite Park, Nana Peth, Pune, Pune, Maharashtra, 411002",411002,PO-411002-d435ba,clean,False
houuse 2711 eBta Reidency Lnik Lan Oppp Pak NANA ETH nPe Pnuue 4111002,411002,PO-411002-d435ba,medium,True
"Plot 111, Sai Heights, Station Path, Near Sasanenagar, Nana Peth, Pune, Pune, Maharashtra, 411002",411002,PO-411002-d435ba,clean,False
"hnnn 972,, alpha enncclve,, Staion Strreet,, nea h.e. facty,, Nana Peettth,, UUUPNE,, maahrashtra,, 4411102",411002,PO-411002-d435ba,high,True
"House 289, Sai Tower, Market Path, Beside Temple, Nana Peth, Pune, Pune, Maharashtra, 411002",411002,PO-411002-d435ba,clean,False
"Room  247, Alpha Coomplex, Mani Lane, Nr Pakr, ANNA PETH, pun, PPune, aharashtra, 11002",411002,PO-411002-d435ba,low,True
"Room 305, Alpha Apartments, Main Lane, Opposite Park, Nana Peth, Pune, Pune, Maharashtra, 411002",411002,PO-411002-d435ba,clean,False
falt no 77 Sai Towwe maiin strreet Besid eParkk NNNana Peth ppunee M 41102,411002,PO-411002-d435ba,medium,True
RRoomm 634 hSre Complex arket dr BESIDEE METRO SSTATION nana peth uen Punn 1100,411002,PO-411002-d435ba,medium,True
"HNo 558, Alpha Complex, Market Street, Beside Temple, Nana Peth, Pune, Pune, Maharashtra, 411002",411002,PO-411002-d435ba,clean,False
Hous4e3-beeta reesdiency-ain Street-Nr Sinhga Technical Educaio Soc-ana PPeeth-pun-ppnue-M-44110020,411002,PO-411002-d435ba,high,True
hop 81-Shrrree Encave-linnklnae-nxet to teemle-ananaa peth-unee-punee-Mahraahra-444110022,411002,PO-411002-d435ba,high,True
Flaat No 76 PLHA APARTMENTS Linnk Street Behidn Bus SStop Nnaa ePth Pne Puunne Mahaarshtra 4111020,411002,PO-411002-d435ba,medium,True
LPOT5 47 Si aEnclave Station Rdoa Oppoosiite Bus Stop aNna  Peth ppun Mh 110002,411002,PO-411002-d435ba,medium,True
"Room 902, Sai Tower, Market Path, Behind Park, Nana Peth, Pune, Pune, Maharashtra, 411002",411002,PO-411002-d435ba,clean,False
"Room 842, Shree Enclave, Station Marg, Behind Park, Nana Peth, Pune, Pune, Maharashtra, 411002",411002,PO-411002-d435ba,clean,False
"HNo 91, Beta Tower, Market Marg, Beside Metro Station, Nana Peth, Pune, Pune, Maharashtra, 411002",411002,PO-411002-d435ba,clean,False
"flta no 723, Beta Residnecy, mani street, Nea Aundh T.S., nana  peth, pnue, Punee, mahaarashtra, 411002",411002,PO-411002-d435ba,low,True
"houes 487, Alpha Apartmments, Nr aPrvati, NNana Peth, pun, punne, 41102",411002,PO-411002-d435ba,low,True
FllatNo 424 ALPHHAEIGHTS StationR Rd BESIDE HSPPITAL Naana Peh Pneu pnu h 4110,411002,PO-411002-d435ba,medium,True
"Room 583, Beta Enclave, Link Road, Opposite Bus Stop, Nana Peth, Pune, Pune, Maharashtra, 411002",411002,PO-411002-d435ba,clean,False
ho  1113 shrree tower Near Vdiyanagr Pnue Nana  th ppune PUUNE MMM,411002,PO-411002-d435ba,high,True
"OOM 96, alphasociety, LINKK LANE, Beside Metro Sttion, Nana Pteh, pne, puune, maharaashtra, 41002",411002,PO-411002-d435ba,low,True
Fllat oN 611 bet  aapartments aMMrket Path pop bakn NNnaa Peth uune nue 411200,411002,PO-411002-d435ba,medium,True
"Room 367, Beta Residency, Station Street, Behind Bus Stop, Nana Peth, Pune, Pune, Maharashtra, 411002",411002,PO-411002-d435ba,clean,False
Rooomm 96 SheeH eights MRAKETT LANE oppsoite prak Nanaa Peth UPN PUEE h 41111002,411002,PO-411002-d435ba,medium,True
"Rooom 119, Beta Aaprtments, market r, beeside bank, Naan Peth, Pnue, PUEN, 41002",411002,PO-411002-d435ba,low,True
HOUS E86 Sai Aparmnets Mai Paath Opppoiste Hospital aan Peth Pu ppnue MAHRAASHTRA 1410022,411002,PO-411002-d435ba,medium,True
"Shop 833, Sai Heights, Station Path, Near Temple, Nana Peth, Pune, Pune, Maharashtra, 411002",411002,PO-411002-d435ba,clean,False
"no 260, Sai EEnclave, link pah, Neear Bank, NAA PETH, pue, Pne, hM, 4110002",411002,PO-411002-d435ba,low,True
"House 251, Sai Complex, Main Path, Near Hospital, Nana Peth, Pune, Pune, Maharashtra, 411002",411002,PO-411002-d435ba,clean,False
"Plot 124, Alpha Complex, Link Path, Near School, Nana Peth, Pune, Pune, Maharashtra, 411002",411002,PO-411002-d435ba,clean,False
Shop  5288 shree hieght nrondhwa bk b.o NanaP etth unne mhhh 441100,411002,PO-411002-d435ba,medium,True
"rom 600, beta coplex, likn marg, Behind Metro tSation, Nnaa Peth, PPune, Puune, 411002",411002,PO-411002-d435ba,low,True
"ho 470, Si Apartments, ilnk rd, next to par, Nan Peth, punne, Punee, 41102",411002,PO-411002-d435ba,low,True
"Flat No 88, Alhpa Residency, sation lane, NearHospital, Nna Peth, pne, Pnue, hm, 410102",411002,PO-411002-d435ba,low,True
"RO O813, Shree esidecncy, sstatinoo rd, BEIHDN PAARK, nanape ht, pn, nu, aMharashr, 41100220",411002,PO-411002-d435ba,high,True
plot 7177 Sai oCmpex nxet to hospiital Nan a Peth npe uPnne Mhhh,411002,PO-411002-d435ba,medium,True
"House 33, Shree Apartments, Station Road, Near N.C.L. Pune, Nana Peth, Pune, Pune, Maharashtra, 411002",411002,PO-411002-d435ba,clean,False
hShop 0-Shree Reiedncy-nkRoad-opp bus topo-NaanP eh-unnne-PNNE-410002,411002,PO-411002-d435ba,high,True
Plto830 sia hieghts amrket treet enxt to ttemple Na aPeth unpe Punnee Maarahstra 41002,411002,PO-411002-d435ba,medium,True
"Room 448, Alpha Apartments, Station Path, Opposite Metro Station, Nanded-Pune, Pune, Pune, Maharashtra, 411068",411068,PO-411068-caf8a3,clean,False
"Pllot 870, sai residencyy, behiind bank, NANDED-PNE, pun, 411608",411068,PO-411068-caf8a3,low,True
"oRom 69, Sai Compelx, rn bank, Nanded-PPune, punee, Punee, 41106",411068,PO-411068-caf8a3,low,True
"Room 636, Beta Heights, Market Street, Beside Hospital, Nanded-Pune, Pune, Pune, Maharashtra, 411068",411068,PO-411068-caf8a3,clean,False
"House 77, Beta Residenyc, main laane, Besside Hospital, Naanded-Pune, punee, Pue, hm, 41068",411068,PO-411068-caf8a3,low,True
Roomm 888 SreeH eights statoin  path BBesideBank Nande-dPPune Pnune ppuen 4110168,411068,PO-411068-caf8a3,medium,True
"HHNO 29, Sa iResidnecyy, IILNKS TREET, Nr an aPeth, nandeed-ppunee, nP, Pne, MM, 401668",411068,PO-411068-caf8a3,high,True
"House 35, Alpha Society, Main Lane, Behind School, Nanded-Pune, Pune, Pune, Maharashtra, 411068",411068,PO-411068-caf8a3,clean,False
Hus e296 Alpha Aparmmtents Linn Laane Besid Mettro  Station NandeddP-nue n pnee 410688,411068,PO-411068-caf8a3,high,True
"Flat No 423, Sai Heights, Link Marg, Near Temple, Nanded-Pune, Pune, Pune, Maharashtra, 411068",411068,PO-411068-caf8a3,clean,False
"Romo  89, Alph aApartemtns, sidebus stop, Nadned-P-une, PPPune, 141068",411068,PO-411068-caf8a3,high,True
"Room 29, Beta Enclave, Market Path, Behind Temple, Nanded-Pune, Pune, Pune, Maharashtra, 411068",411068,PO-411068-caf8a3,clean,False
"House 392, Beta Apartments, Station Marg, Beside School, Nanded-Pune, Pune, Pune, Maharashtra, 411068",411068,PO-411068-caf8a3,clean,False
"Flat No 7786, alha residency, Main Patth, Beside Metro Staion, nanded-puen, Punee, PUEN, Maahrashtra, 41106",411068,PO-411068-caf8a3,low,True
flt no 541 Beta Hiegts mains rteet ehind Metro Statio nannded-une PUNE pun h 4101668,411068,PO-411068-caf8a3,medium,True
"shop 763, sai rresidency, Lnk Marg, Behind MetroS tation, Nande-Pune, puune, Puen, Mhh, 411068",411068,PO-411068-caf8a3,low,True
OP179-Shree   Hights-STATIO NMARG-Neeaar Bu Stop-nandedd--pune-PPnee-Punee-Mahrahsrta,411068,PO-411068-caf8a3,high,True
House 6554 shere ennclave Beisde Bus SStop nandde-puune Pn pupne 4110,411068,PO-411068-caf8a3,medium,True
"Pl to685,, sa iresiecy,, LinPath,, BINDH OSPITAL,, Nandedd-Puene,, eun,, HM,, 411086",411068,PO-411068-caf8a3,high,True
"Flat No 446, Beta Society, Market Road, Near School, Nanded-Pune, Pune, Pune, Maharashtra, 411068",411068,PO-411068-caf8a3,clean,False
"POL T54, shrese occ, staationn pathh, nr sachapir sreet, nandedpe, unen, hMh, 411100668",411068,PO-411068-caf8a3,high,True
flat on778 Bet SSoc OOp pBus Stop naded-puen punn MMhaarashtra 1068,411068,PO-411068-caf8a3,medium,True
"Shop 38, Beta Heights, Market Street, Near Park, Nanded-Pune, Pune, Pune, Maharashtra, 411068",411068,PO-411068-caf8a3,clean,False
"fla no 22, alppha enclave, Lin kPath, NEXT TO PRK, annded-pune, PPune, Pue, 411608",411068,PO-411068-caf8a3,low,True
hnnno 458 BBETA TOWE marketl aane pop schhool ANNDED-PUNNE Pnne PPue Maharshtr 10168,411068,PO-411068-caf8a3,medium,True
"oRom7 55, AAAlpha omplex, Saion Mrg, Near FilmI Institte, Nandde-PPune, Pnue, Pueu",411068,PO-411068-caf8a3,high,True
"Plot 735, shree socitey, Link Mar, NR IFA STATION, nandedp-une, Pnue, puune, Maharashtrra, 411068",411068,PO-411068-caf8a3,low,True
Plott108 shee twer nr scohool Nannded-Pnue uPen Puee Maharasthar 41100068,411068,PO-411068-caf8a3,medium,True
"Room 623, Sai Tower, Link Lane, Behind Temple, Nanded-Pune, Pune, Pune, Maharashtra, 411068",411068,PO-411068-caf8a3,clean,False
House  6997 Sheer Enclave MMain Pth Opposte BusS top Nandedd-Pun Pue uPnne mahaarashtra 4110866,411068,PO-411068-caf8a3,medium,True
"House 113, Beta Residency, Main Road, Behind School, Nanded-Pune, Pune, Pune, Maharashtra, 411068",411068,PO-411068-caf8a3,clean,False
"Flat No46, Alpha Heghts, Man Marg, next ot metro station, Nandded-Pune, pnue, Pnue, 41106",411068,PO-411068-caf8a3,low,True
"plo 466, hsreeencave, MMinP ath, NrB us Stop, Nandde-uPnne, nne, MhM, 110",411068,PO-411068-caf8a3,high,True
"pllot43, sahi eihts, Opp etro Staatin, nanddee-ppune, PPun, uPue, 410886",411068,PO-411068-caf8a3,high,True
housee 8887 ai comple mainnm arg Near Visshrantwdai NandedPunne uen Puneee hh,411068,PO-411068-caf8a3,medium,True
rrroom 465 shree towe MAREKT LLANE Beisde TTemple andedP-une UE uPe MhM,411068,PO-411068-caf8a3,medium,True
"Shpo 488,, SShree C omplex,, BBehind chool,, Nannded-Pune,, PPe,, uPnn,, Mharashtaar,, 4110688",411068,PO-411068-caf8a3,high,True
"Shpo 528, ShreeComplex, Near Tepmle, nande-pune, PUEN, PUUNE, h, 4110688",411068,PO-411068-caf8a3,low,True
hnno9 25 Sree Heights MraketPath opp scol aNndde-Pune Pune unne hh 1106,411068,PO-411068-caf8a3,medium,True
"Sho 3p99, Sa Residecn, aminn stret, Oppp PaPrk, annnded-pun, Pene, MMaaaharashtra, 41108",411068,PO-411068-caf8a3,high,True
"Room 36, Shree Complex, Mian Marg, ear temple, Nandd-Pune, une, upne, hM, 411608",411068,PO-411068-caf8a3,low,True
falt on 381 Alpha nclavee Link Pahh Behindd Prk Naded-Puen pen Pen MMMh 410186,411068,PO-411068-caf8a3,medium,True
"sshpo 9337,, alppha  encave,, LinkRRd,, Opposite Bus Stop,, NaraynaP eeth,, UPUN,, UPNE,, hh",411030,PO-411030-045347,high,True
"Room 2922, BETA COMPLLEX, Sttion Street, next toh ospital, Nraayan Peth, Punee, MMh, 141030",411030,PO-411030-045347,low,True
Pot05 bet apartmment pOp arkk Naryana eth nu Pueee maharshtra 10430,411030,PO-411030-045347,high,True
"Flat No 1221, Betaa Tower, Market Sttreet, Behnid Temple, naryaan peth, Pne, maharasshtra, 411300",411030,PO-411030-045347,low,True
"HN 461, Beta Enlcave, Linnk Street, Nr Par, narayan peeth, Pnue, punee, 4110030",411030,PO-411030-045347,low,True
"Room 155, Sai Heights, Main Street, Opposite Bank, Narayan Peth, Pune, Pune, Maharashtra, 411030",411030,PO-411030-045347,clean,False
Plt  208 Sai c naer metro sttin naryan  pethh pue uuune 41111003,411030,PO-411030-045347,high,True
"Plot 627, Alpha Heights, Station Road, Near Dunkirk lines, Narayan Peth, Pune, Pune, Maharashtra, 411030",411030,PO-411030-045347,clean,False
Plot 692 Shree Society next to hospittaal nraaya peth pn puue H 41110030,411030,PO-411030-045347,medium,True
"HNo 974, Alpha Apartments, Link Marg, Beside School, Narayan Peth, Pune, Pune, Maharashtra, 411030",411030,PO-411030-045347,clean,False
hop  266 AI TOWWER Main nLane beisde pakr narayan etph Puue puuune 4113000,411030,PO-411030-045347,medium,True
Room 74 SAI  ENLCAVE Main Rd Beihnd Merto Station Narayaan Pteh Pn pnnue m 411030,411030,PO-411030-045347,medium,True
FFlat No 1668 lpha  enclave Bseide BusStop NarayaanPeth upen uppne 411103,411030,PO-411030-045347,medium,True
"Plot 749, Alpha Apartments, Link Road, Beside Temple, Narayan Peth, Pune, Pune, Maharashtra, 411030",411030,PO-411030-045347,clean,False
PTLO 299 Apha oCmple Staito Maarg Behhind Scool NARAY NPET pnun uPee aharshatra 411130,411030,PO-411030-045347,high,True
lt Noo 52 Alpha Aartmentss ttion road Beside Shcoool NAAYNNA PETH pun puen 11100,411030,PO-411030-045347,high,True
"House 8002, SA ENCLAVE, Likn Rd, Nr Deccan Gymkhaana, Narayan eth, une",411030,PO-411030-045347,low,True
"House 100, Beta Residency, Station Path, Opposite Temple, Narayan Peth, Pune, Pune, Maharashtra, 411030",411030,PO-411030-045347,clean,False
"hno 1559, shreee tower, station  rd, Behin dPark, Naarayan Peth, une, Pnue, MMh, 141030",411030,PO-411030-045347,low,True
lpot 4111 Btea partments arkte rd hBeind Park Naarayan PPeth ppue Puue aharashta 11300,411030,PO-411030-045347,medium,True
"ffflat on 872,, AlphhaHights,, iink Paath,, Nr  Shivajinagggar-Pune,, Naraay nPet,, PPUNNNE,, Pne,, hhhM,, 1110300",411030,PO-411030-045347,high,True
"HNo 514, Sai Enclave, Market Marg, Near Park, Narayan Peth, Pune, Pune, Maharashtra, 411030",411030,PO-411030-045347,clean,False
"So 127, aSi ower, Mrake tMagr, pposite Metro Staton, araay peth, Puen, pueen, 41113",411030,PO-411030-045347,high,True
"hosue 335, Shree Sc, Link Paath, next tot emple, naraya npeth, une, une, Mahaashtra",411030,PO-411030-045347,low,True
huose8 2 alpha aparrments Maai nRoad r Anandnagr Naraya  Peth uPn 411030,411030,PO-411030-045347,medium,True
"Shop 689, AlphaHeights, Maret Lane, Behindd Bus Stop, narayanpeth, punee, Pne, Maharashhtra, 41103",411030,PO-411030-045347,low,True
"HNo 98, Shree Society, Market Lane, Next to Bus Stop, Narayan Peth, Pune, Pune, Maharashtra, 411030",411030,PO-411030-045347,clean,False
Roomm 828 BEAT SOCCIETY Marke Lanee Ner Ban narayan peh Pnee puunee hMM 110030,411030,PO-411030-045347,medium,True
room 47 beta enclaeev Station Lane behnid hospiital Narayyan Pet pne Pne Maharrasthra 41130,411030,PO-411030-045347,medium,True
"hhno38 0, Sere Tower, station sre, opp metro ssttoin, narayan  peet, P, uupe, Maahrrashtra",411030,PO-411030-045347,high,True
Fat No 65-SHEE ENCLAVE-Main ane-next  to teemmple-aaran Peth-pen-mm-41103,411030,PO-411030-045347,high,True
"Plot 60, Beta eHights, aMin Path, BESIDE BUSS STOP, nnarayan peth, puen, Puen, hM, 4110300",411030,PO-411030-045347,low,True
"plot 7044, Alha Complex, LINK SSTREET, Opposite Bus Stp, Narayan PPeth, PPune, Puen, 411030",411030,PO-411030-045347,low,True
Fla No 261 Shee Encnlave nLk MMarg OPP SCHOOOLL Narayan thh P nPu hM 11410030,411030,PO-411030-045347,high,True
"House 14, Beta Society, Link Street, Next to Bus Stop, Narayan Peth, Pune, Pune, Maharashtra, 411030",411030,PO-411030-045347,clean,False
"ploot 597, Alpa Heights, next to bs stop, naraayan peth, une, Puen, aharashtra, 41030",411030,PO-411030-045347,low,True
"lFat No 593, Sai Soceity, Sattion Road, BEHINDD METRO STATION, Narayan Pteh, punne, puen, M, 410130",411030,PO-411030-045347,low,True
"Shop 896, Sai Society, Link Path, Beside Hospital, Narayan Peth, Pune, Pune, Maharashtra, 411030",411030,PO-411030-045347,clean,False
"Room 867, Beta Apartments, Link Lane, Beside Bus Stop, Narayan Peth, Pune, Pune, Maharashtra, 411030",411030,PO-411030-045347,clean,False
Flat No 224 asi enclav Markett Paath Naer Narayann Peth narayn eth Peu unpe Maharasthraa 411030,411030,PO-411030-045347,medium,True
"Plt 252, Beta Sooc, Behidn School, Naraan Peth, Pne, une, 141030",411030,PO-411030-045347,low,True
"Plot  399,, eBtaH Heights,, Link nee,, nnrbaank,, Naayan Petth,, Puune,, une,, M,, 441130",411030,PO-411030-045347,high,True
HHoouse 537 Sa Height Link Path NrcShool Nasvaahyadri Puunee UNEE 411052,411052,PO-411052-d77f80,medium,True
"Plo t996, Betan clvae, Link  Mgar, Besdie Buss Stp, NAVAYHADIR, PEUNE, Pune, aharrshtra, 11105",411052,PO-411052-d77f80,high,True
"Plot 624, Beta Complex, Station Lane, Behind Park, Navsahyadri, Pune, Pune, Maharashtra, 411052",411052,PO-411052-d77f80,clean,False
"Roo 137, Bet aTower, Nr Schoool, Navashyadri, upne, une, MMh, 4411052",411052,PO-411052-d77f80,low,True
"oR m255,, Sa Resedncy,, Linik  Path,, Oppsoite MMetrro Station,, nnavsayhaadri,, npnue,, Puuunee,, 402",411052,PO-411052-d77f80,high,True
"Room 178, Alphha Society, Stattion Path, Near Hosspital, navsahyardi, punee, punee, hm, 4110552",411052,PO-411052-d77f80,low,True
hop 9233 alpah towre statiionn street Beind cShool NVASAHYDRI PPne ppunne Mh 41152,411052,PO-411052-d77f80,medium,True
Rooom 2259 Alpha Apartmmments maain lanne N Templ Navsahyri un upn Mhh 4110025,411052,PO-411052-d77f80,medium,True
"House 501, Alpha Tower, Market Path, Opposite Bank, Navsahyadri, Pune, Pune, Maharashtra, 411052",411052,PO-411052-d77f80,clean,False
"fflaat no767, alph aresedncy, Marekt aane, Nr Pmmalgaon Tarfa Narayangaon B.O, vsayhadri, UPNE, ne, hhhM, 401125",411052,PO-411052-d77f80,high,True
"shoop 59,, sai sssociiety,, MAKKET LANEE,, nr tmmmple,, asahyadri,, upuune,, Peuu,, hMM,, 102",411052,PO-411052-d77f80,high,True
"Plot 279, Shree Tower, Market Road, Near Hospital, Navsahyadri, Pune, Pune, Maharashtra, 411052",411052,PO-411052-d77f80,clean,False
"hno  834, Sai So, Station Streeet, Besiide School, Navsahydri, pnue, Puen, Maahrashtra, 411052",411052,PO-411052-d77f80,low,True
"Plot 440, Shree Complex, Station Street, Beside Temple, Navsahyadri, Pune, Pune, Maharashtra, 411052",411052,PO-411052-d77f80,clean,False
House 54 sai rresidencyy Marrket aLne behhind abnk navshayadir punnee Pune 1152,411052,PO-411052-d77f80,medium,True
Room  936-btea towwwer-ebside bu sttop-NSVAHYADRI-uPne-Pnuue-mmmhh-11522,411052,PO-411052-d77f80,high,True
House 74 AlpEa nclave Statino MMargg ppossite Meto Station Naavshaaydri nP uPne Maharahtraa 411052,411052,PO-411052-d77f80,high,True
"ohue7 89, Sai Enclvv, STTIION PTH, next to ttempll, Navasahyyadri, une, Puee, 45102",411052,PO-411052-d77f80,high,True
hn  475 shre sc nea retmple Navshyardi uPnne pen Mh 41100552,411052,PO-411052-d77f80,medium,True
"Shop 243, Alpha Heights, Main Lane, Opposite Temple, Navsahyadri, Pune, Pune, Maharashtra, 411052",411052,PO-411052-d77f80,clean,False
"soh6 44, Srhee  Toower, Sttaaiton Path, naer arport pune sso, Nvsahyaddr, un, uupe, 44152",411052,PO-411052-d77f80,high,True
"pllot 244, shhree soc, Station Paht, Behind Merto Station, Naavsahyadri, Punee, upne, 4111052",411052,PO-411052-d77f80,low,True
HOUSE881 SAI SC Link oRaad Beside MertoStation NVSAHAYDRI PPne uPnne aaharashtra 441102,411052,PO-411052-d77f80,medium,True
Flat  862 ShreeCommplex market sret Behinnd Hspital navshayaddri pne PPunne Mh 411105,411052,PO-411052-d77f80,medium,True
oous 666 Btae omplex in d nears cool Navsayhadrdi ppneu 412105,411052,PO-411052-d77f80,high,True
"Shopp7884, She Heighs, Marketah, beihndb us sop, Navahydri, uen, M, 41502",411052,PO-411052-d77f80,high,True
"Shop 826, Beta Apartments, Station Path, Next to Park, Navsahyadri, Pune, Pune, Maharashtra, 411052",411052,PO-411052-d77f80,clean,False
"FlattoN 141,, shhee aparttments,, aMkett Path,, nrhool,, Nassayadri,, ppuune,, Pe,, maharashhtraa,, 4105",411052,PO-411052-d77f80,high,True
"Shop 434, Alpha Heights, Main Marg, Near Metro Station, Navsahyadri, Pune, Pune, Maharashtra, 411052",411052,PO-411052-d77f80,clean,False
Shop 690 beta height StatioSntreet behinnnd temple nnavahyadri un Puun Mh 4111502,411052,PO-411052-d77f80,medium,True
"HNo 953, Alpha Apartments, Main Marg, Beside School, Navsahyadri, Pune, Pune, Maharashtra, 411052",411052,PO-411052-d77f80,clean,False
ho 91 sa iresidenyc SSttaion Marg next to tetmple navsahydai pppune M 4115,411052,PO-411052-d77f80,medium,True
"hn 569, AlphaSoc, Staiton Street, nxet to school, Navsahadri, Puune, Pne, M, 141052",411052,PO-411052-d77f80,low,True
"SHOPP 756, Shreee Society, Mian Road, Nr Digi Camp, NNAVSAHYADRI, Pnue, Pnue, 41052",411052,PO-411052-d77f80,low,True
"ploot 450, Sai Aparttments, Min Street, Beside HHospital, Naavsahyadri, Pnue, Maharasthra, 4411052",411052,PO-411052-d77f80,low,True
"Plot 928, Alpha Enclave, Station Marg, Next to Metro Station, Navsahyadri, Pune, Pune, Maharashtra, 411052",411052,PO-411052-d77f80,clean,False
"SHOP 9558, saii enclave, Man Marg, next to bus stoop, Navsahydri, une, PNUE, Maharasshtra, 4110522",411052,PO-411052-d77f80,low,True
"hn8 0,, Alppha Apatrmnets,, MakePath,, oppoisite buss top,, NNavshyadir,, puune,, M",411052,PO-411052-d77f80,high,True
HOUS E5516-SSai esidencyy-Sttatio aPth-besid bus stop-avsahyyari-nu-ppu-hh,411052,PO-411052-d77f80,high,True
Housee 1655 shreee apaartments aMret Street Opposit Metro Stattion Navvsahyari Puun Puue Maarhashtra 411052,411052,PO-411052-d77f80,medium,True
"Room 33, Beta Society, Station Path, Opposite School, Navsahyadri, Pune, Pune, Maharashtra, 411052",411052,PO-411052-d77f80,clean,False
"FlaatNo 68,, BBETA TWE,, MMaarketMarg,, pposite Metro  Station,, NNvsahyadi,, nuue,, Pun,, Maahrahsta,, 144105",411052,PO-411052-d77f80,high,True
"Flat No931, shre etower, main laen, Behind Templ, Pavrati, upne, Puune, 41109",411009,PO-411009-8c46e7,low,True
"hno 86, Alpha Compllex, LLink Marg, nr mmetro station, Parvvati, pnue, Pnue, maharaashtra, 41009",411009,PO-411009-8c46e7,low,True
"Room 397, Sai Society, Link Path, Beside Hospital, Parvati, Pune, Pune, Maharashtra, 411009",411009,PO-411009-8c46e7,clean,False
Shop 5144 Sai  Twerr LinkkS reet rn  schol Paravt Punuue Pnnuee 41109,411009,PO-411009-8c46e7,high,True
plot  9999 Shree Heihgtts tation  rd neext t otemple pavai punnee UNNE m 44411009,411009,PO-411009-8c46e7,medium,True
"Huose 148, Sai AApartments, Main SStreet, beside bbus stop, PARVAT, Pne, Puen, MMh, 4411009",411009,PO-411009-8c46e7,low,True
House 675 SaiT wer mainlaane Beind Hospiital Prati PPuune unee MMaharashrta 41110009,411009,PO-411009-8c46e7,medium,True
roo m7333 shre towr nr  bnk Paarvatti Punn uPen 41009,411009,PO-411009-8c46e7,medium,True
"hhno 545,, Shre eoicety,, NEAAR BKN,, PRAVATI,, PPUNE,, PNEEE,, 41090",411009,PO-411009-8c46e7,high,True
HHOUSE892-sa reideency-Makte Marg-bhidn metro sstation-Paratt-PPune-Punue-41100009,411009,PO-411009-8c46e7,high,True
"Room 494, Shree Heights, Market Path, Near Temple, Parvati, Pune, Pune, Maharashtra, 411009",411009,PO-411009-8c46e7,clean,False
lot 797 ALPPHA ECNLAVE Mainn Mrg bseideschool Parvtii UNPE Pune mh 1410009,411009,PO-411009-8c46e7,medium,True
"nnho 996,, Beta Aarttmets,, Ma iPth,, Nr Pakr,, Pvartai,, UEEN,, aharashrta,, 41110009",411009,PO-411009-8c46e7,high,True
"Rooo m8823,, hree Aarmtents,, BehinddB ankk,, PRAVTATI,, uuPn,, PPPune,, aharahsttra,, 410099",411009,PO-411009-8c46e7,high,True
Ploo t476 alhpa heighhts Mainn  Marg NAR ANK Pavraati PUUN Maharashhtra 41109,411009,PO-411009-8c46e7,medium,True
"shohp 724,, alphaa scco,, LiknR od,, NNar Tmple,, aPrai,, Punn,, pppue,, maharhrta,, 1110009",411009,PO-411009-8c46e7,high,True
"PPlot 549, beta sc, link maarg, Beide Bus Stop, Pravati, une, Puune, HM, 410109",411009,PO-411009-8c46e7,low,True
"Plot 85, Beta Society, Station Path, Near Temple, Parvati, Pune, Pune, Maharashtra, 411009",411009,PO-411009-8c46e7,clean,False
"Plt 682, shree aparrtments, Link Rad, Beehind Park, aPrvati, Puune, pue, 4110009",411009,PO-411009-8c46e7,low,True
"Flat No 278, Alpha Residency, Market Road, Near Hospital, Parvati, Pune, Pune, Maharashtra, 411009",411009,PO-411009-8c46e7,clean,False
"FLAT NO 19, aplha apartments, MainPath, nxt to bank, pavrati, pnue, Punne, Mhh",411009,PO-411009-8c46e7,low,True
room1 88 etT ower Makkret Rd nxet to bus sttoop Pavvrai eun ue MMMMh 4100,411009,PO-411009-8c46e7,high,True
"Shop p3622, Sai Apatmnetts, linnk teet, ear ttmple, Prvaait, punnee, Pe, h, 141100",411009,PO-411009-8c46e7,high,True
"ploot 6200, Bettaa Copmlex, NrN.D.A.Khadakwalsa, Paarvti, PUEN, Puen, mharashta, 4111000",411009,PO-411009-8c46e7,high,True
Flta NNo 179 alpha soc Staion dR Oppsoite Templle parvati PPUN uPnee Maharshtra,411009,PO-411009-8c46e7,medium,True
"ouse 4444,, Beta Apartmnets,, Near kr,, rpvti,, pnu,, Mahhaashta,, 444110009",411009,PO-411009-8c46e7,high,True
"FFlat No 259, ALPHA APARTTMENTS, nextt to school, PARVATII, Pnue, Puen, hM, 4110099",411009,PO-411009-8c46e7,low,True
"hno 7884, sai scoiety, Main Lnae, opp mero station, parvait, Pun, pue, 141009",411009,PO-411009-8c46e7,low,True
"RRoom 916, Alpha Cmplex, neext to bank, Paravti, punee, PUNEE, amharashtra, 41100",411009,PO-411009-8c46e7,low,True
PPlot8 1 Btea Scc StaationR oda BEHIIND  PARRK parrti nP Mhaarassshtra 14410009,411009,PO-411009-8c46e7,high,True
Plo9t 977-aisr esidency-MMrke Lane-next tom ero tsation-Parvvtaii-UUNNE-puee-m-4101009,411009,PO-411009-8c46e7,high,True
Shop1 5 eta  Apartments Ln Rd Near  Srf Pavraati uPe h 441009,411009,PO-411009-8c46e7,medium,True
"Flat No 576, Alpha Complex, Link Path, Next to Temple, Parvati, Pune, Pune, Maharashtra, 411009",411009,PO-411009-8c46e7,clean,False
"roomm 403, BETA SCOIETY, next to pak, Pravati, PPune, punne, hM, 41109",411009,PO-411009-8c46e7,low,True
ho8  ai resideency mrket steret ner hospial Paavti Pueen UPE 410099,411009,PO-411009-8c46e7,medium,True
Shhop 9668 Saai Enclve Linik Path behindb uus stop PParvaati upnne PUNE maahrashtraa 41010,411009,PO-411009-8c46e7,medium,True
oShp2 10-hSree Enclev-Station Srreet-Beisde uBs tSop-Partii-un-un-MMh-111009,411009,PO-411009-8c46e7,high,True
"Room 651, Beta Residncy, Main Patth, NEAAR PARK, PARAVTI, ppune, Pnue, M",411009,PO-411009-8c46e7,low,True
"Plot 814, Sai Tower, Link Road, Behind Bank, Parvati, Pune, Pune, Maharashtra, 411009",411009,PO-411009-8c46e7,clean,False
"House 635, Shree Complex, Link Path, Behind Park, Parvati, Pune, Pune, Maharashtra, 411009",411009,PO-411009-8c46e7,clean,False
Plo t8464-alpah apartentts-LIINK LAE-opopiste schol-parvvai-Punee-ppnne-14109,411009,PO-411009-8c46e7,high,True
"House7 30, beta heighst, Near Metro Statoin, arvati, Pun, 41100",411009,PO-411009-8c46e7,low,True
Falt oN 15 alpha enclaavve amin strete Bessside School Pashaene PUNNNE 411010,410101,PO-410101-5a7fdf,medium,True
"lFat No 220, Beta Enlcave, SSTATION MARG, Beide School, Pashan, pnue, PUN, 401101",410101,PO-410101-5a7fdf,low,True
"Room 3776, Beta Resideny, Market Laane, NEXT TO BBANK, Psahane, Pun, Pun, Maharashtr, 4110101",410101,PO-410101-5a7fdf,low,True
"House 648, Sai Heights, Link Lane, Next to Park, Pashane, Pune, Pune, Maharashtra, 410101",410101,PO-410101-5a7fdf,clean,False
HOUSE 44566 ShreComplex Lin Laen BESIDE METO SATTION PPashnae peun upnne 4111001,410101,PO-410101-5a7fdf,medium,True
plt 322 asi cmplex Mraket treet Beeside Pakr Pashaee Punue Pu MM 041101,410101,PO-410101-5a7fdf,medium,True
no 522 aalpha societty Linkk Marg Near  aIf Station PPashane pnnue Mhhh 1401101,410101,PO-410101-5a7fdf,medium,True
"hno 2220, shree twer, Market Roa, BESIDE BUS STTOP, Pashaen, une, une, MAHARASTRA, 401101",410101,PO-410101-5a7fdf,low,True
"Roo9, aSiResiidency, tatinoo Marg, bsieb us stop, Paahhane, une, Puuenn, ahaashtra, 14011",410101,PO-410101-5a7fdf,high,True
Flat No 14 aSi Residenccy maarkets treet NEAR HHOSIPTAL Pshne upn 41001,410101,PO-410101-5a7fdf,medium,True
"Shop 012, Shre Heights, Nr Pashan eB.O, ashane, Punne, PUUNE",410101,PO-410101-5a7fdf,low,True
"oh6, Sai Reeidenc, Link S trreet, Nr Nasvaydari, Pashanee, Pnun, PPPuune, 40010",410101,PO-410101-5a7fdf,high,True
Rom 94 Alhpa Apartmnts Markett RRoad besideteemple PaPshane Pnuee uupne mmaharrashtra 441101,410101,PO-410101-5a7fdf,medium,True
"House 232, Beta Complex, Station Road, Near School, Pashane, Pune, Pune, Maharashtra, 410101",410101,PO-410101-5a7fdf,clean,False
"Room 829, Beta Apartments, Market Marg, Behind Bus Stop, Pashane, Pune, Pune, Maharashtra, 410101",410101,PO-410101-5a7fdf,clean,False
hno  984-Bet aApartmns-Bhind mTeple-ppashne-une-Puunnee-41111,410101,PO-410101-5a7fdf,high,True
"House 557, Beta Apartments, Station Street, Near Muthe B.O, Pashane, Pune, Pune, Maharashtra, 410101",410101,PO-410101-5a7fdf,clean,False
PLTO 4414 Apla Apartments Statioon  Marg next ts chool paahane uppne nue 140110,410101,PO-410101-5a7fdf,medium,True
"House 9934, Beta Heightts, Station Pat, Behind School, Pashne, puune, Pne, Maaharashtra, 41010",410101,PO-410101-5a7fdf,low,True
Flta oo 67-Shre omplexx-Mraktt Path-ppp Prak-Pasah-PPNUUE-pupune-4110101,410101,PO-410101-5a7fdf,high,True
"room 1142, alpha residenncy, MARKETT MARG, BESIDE PARRK, Pashaane, uPne, PPune, h, 4101101",410101,PO-410101-5a7fdf,low,True
"Housse 859, Shree Enclavve, Staion Lane, behind metr station, Pashaen, Punee, PPune, h, 10101",410101,PO-410101-5a7fdf,low,True
Houuse  953 laph aenclave Main Strte next to mtero stationn Pashane Pnuee uPe m 411011,410101,PO-410101-5a7fdf,medium,True
"house24, Sai nEclave, Link treet, opposite tempel, psahane, Puen, Maharahtra, 4101011",410101,PO-410101-5a7fdf,low,True
hoe u711-bea apartmetsn-ManM rag-Opossite Bank-PPahsae-Puu-PPUNE-mm-10010,410101,PO-410101-5a7fdf,high,True
Huse 5500 Allpha Aparmtents iLkn Path Besidde Scohol Pasne uen 441001,410101,PO-410101-5a7fdf,medium,True
nho1 36-beta eeihgts-next o praak-pasaaane-Pueee-peue-Mahraasshtra-0110,410101,PO-410101-5a7fdf,high,True
"houes 8,, Bat Comlex,, Lnik Streeet,, Nr Mteo Statoin,, pashaann,, une,, Puen,, 4101001",410101,PO-410101-5a7fdf,high,True
"hno884,, Saiooc,, Main Mar,, nex tto spital,, passhaanee,, ue,, nuee,, ahrashrta,, 41011101",410101,PO-410101-5a7fdf,high,True
"Flat N o363, sshree tower, marke tlane, next to  school, Pashne, Pue, M",410101,PO-410101-5a7fdf,low,True
"lpot 578, shree sc, MMain Path, next o park, pshane, pun, upne, 401101",410101,PO-410101-5a7fdf,low,True
"Room 257, Alpha Enclave, Market Marg, Next to Bus Stop, Pashane, Pune, Pune, Maharashtra, 410101",410101,PO-410101-5a7fdf,clean,False
HO 53 Betaa Resideny ppsite Hospital PHASANE nue Maharashtra 14001,410101,PO-410101-5a7fdf,medium,True
no 5530 alpha aaprtmenst Lin kSttreet OPP  METRO STATION ppahsane PUNUE PPun,410101,PO-410101-5a7fdf,medium,True
"Shop 256, sai encalve, nxet to metro station, passhane, Punne, PUE, 4101001",410101,PO-410101-5a7fdf,low,True
"House 183, Shree Society, Link Street, Next to Hospital, Pashane, Pune, Pune, Maharashtra, 410101",410101,PO-410101-5a7fdf,clean,False
"ohue 281, SHREE RESIDNY, Maket Street, nextt  oschool, Pahasane, Punnnee, Punne, 441101",410101,PO-410101-5a7fdf,high,True
"Flat oN 2, Saii Residency, next tto school, pasane, Puen, Puune, 140101",410101,PO-410101-5a7fdf,low,True
hno  883 si osc lnk mag Ner Mohamawadi Psahhane unpe PPunne 4101,410101,PO-410101-5a7fdf,medium,True
"rom44 6,, si encve,, MMarket LLanne,, Opppsite Bus Stop,, paaahsane,, Pnue,, pune,, Mahaaarshtra,, 41011100",410101,PO-410101-5a7fdf,high,True
nnh 69 betaenlcve Sattino Marrg neeera t.v. ngr paahaane u Pneuu mm 41110101,410101,PO-410101-5a7fdf,high,True
"Shop 473, Sai Tower, Main Lane, Next to Hospital, Pashane, Pune, Pune, Maharashtra, 410101",410101,PO-410101-5a7fdf,clean,False
"Housee 66066, eta Reesidecy, Statioon  Lane, nexttto parkk, pimpalggaon tarfa narayangaooon, Pue, PPun, 4110",412401,PO-412401-a6e927,high,True
"House 26, AlphaComplex, staiton street, Beside Hosptal, Pimpalgaon Tarfaa Narayangaon, UNE, 12401",412401,PO-412401-a6e927,low,True
"hno 9888, Alpha Coomplex, Sation Marg, behhind hospital, Pipmalgaon Tarfa Narayangaon, PNE, pnue, mhh, 412041",412401,PO-412401-a6e927,low,True
"Plot 58, Sai Apartments, Station Path, Next to Metro Station, Pimpalgaon Tarfa Narayangaon, Pune, Pune, Maharashtra, 412401",412401,PO-412401-a6e927,clean,False
"HNo 541, Shree Heights, Main Path, Behind Metro Station, Pimpalgaon Tarfa Narayangaon, Pune, Pune, Maharashtra, 412401",412401,PO-412401-a6e927,clean,False
"HNo 263, Beta Complex, Station Path, Next to Temple, Pimpalgaon Tarfa Narayangaon, Pune, Pune, Maharashtra, 412401",412401,PO-412401-a6e927,clean,False
hn 949 Srhee Residdenc Opp Schl pimpalgaaon tarrfa narayangaoon unee MM 11401,412401,PO-412401-a6e927,high,True
"Shop 3577, Alpha Rsidency, Stationn Path, pOp Bus Stop, pimpalgaon tarfa narayangan, Pne, hm, 41401",412401,PO-412401-a6e927,low,True
Shop 31 shee soceity Market Rood OPPSITE  SCHOOL Pimpalgaon Taarfa Narayangao PPuen Maharrsahtra 41041,412401,PO-412401-a6e927,medium,True
"room 21, Beta eHights, Link Maarg, Beside MetroStation, pimpalggaon tarfa narayangaon, Punee, Pue, MAHARAHSTRA, 41201",412401,PO-412401-a6e927,low,True
"plot 67, SAIENCLAVE, Lik Lane, beside buss top, pimplgaon tarfa narayangaon, pne, punne, Maharashhtra, 41241",412401,PO-412401-a6e927,low,True
"no 340, SSai Enclave, Markte Road, BESIDEH OSPITAL, Pimpalgaon Tarfa Narayanaon, PUEN, Pne, 412410",412401,PO-412401-a6e927,low,True
flat no 9666 Alpha Reiisdency linkmargg ner meetro station Pipmalgaon Tarf aNarayangaon puenn PPnue 4141,412401,PO-412401-a6e927,medium,True
Flta No 944 SShre Tower tation Lne Bseid Metro Station pimpalgaon tara narayyangaon unee Pnne 1442401,412401,PO-412401-a6e927,medium,True
"Shop 324, Sai Apartments, Station Marg, Near Vadgaon Sheri, Pimpalgaon Tarfa Narayangaon, Pune, Pune, Maharashtra, 412401",412401,PO-412401-a6e927,clean,False
"hno 1151, BTEA SOCIETY, Main  Lane, nexxt to bus stop, pimpalgaon tarfanarayangaon, Pun, Mahaarshtra, 4124001",412401,PO-412401-a6e927,low,True
pt 4996 hree Cmoplxe LiinnkL ane besiddep ak pimpalgaon trfa narayangn pnnne nPnue MMaharsahra 42110,412401,PO-412401-a6e927,high,True
"Flat No 203, Alpha Heights, Link Road, Near S.S.C.Exam Board, Pimpalgaon Tarfa Narayangaon, Pune, Pune, Maharashtra, 412401",412401,PO-412401-a6e927,clean,False
"Flat No 673, Sai Residency, Market Lane, Behind Metro Station, Pimpalgaon Tarfa Narayangaon, Pune, Pune, Maharashtra, 412401",412401,PO-412401-a6e927,clean,False
"Shop 901, Alpha Heights, Station Street, Next to Park, Pimpalgaon Tarfa Narayangaon, Pune, Pune, Maharashtra, 412401",412401,PO-412401-a6e927,clean,False
"Falt No 53, SHREE TOWR, NEXT TO ARK, Pimpalgaon Tarfa Narayangaoon, Punee, Pue, m, 4124001",412401,PO-412401-a6e927,low,True
"Flat o 804, alpah complex, station  path, OPP SCHOL, Pimpalgaon Tarfa Narayangaonn, Puune, puen, Maharasthra",412401,PO-412401-a6e927,low,True
shhop291 Sia Reidency Main Path NB us Stop Pimpalgaon Tarfa Narayagnaaon unPe PUNE 4112041,412401,PO-412401-a6e927,medium,True
FFla tNo 178 SaiApartmenst Link Marg Besidde  Park PIMPAGAON TARFA NAAYANGAON npe aharashttra,412401,PO-412401-a6e927,medium,True
Ploot717 sai tore mare tpath Behin daPrk Pimpalgaon Tafr Narayangaon Peun Punnne MMh 42401,412401,PO-412401-a6e927,medium,True
"Plto 40, beta aparments, LinkStreet, Beside Bannk, Pimpalgaon Tarfa Narayanngaon, une, Pnue",412401,PO-412401-a6e927,low,True
"h no659,, Sree Cmopllex,, Linkk Mrag,, Bhheind Tempple,, pimpalgaoon tarfa narayanngaoon,, uPPnee,, unee,, Maahrasthraa,, 11241",412401,PO-412401-a6e927,high,True
"SHOP 9907, Beta oSciety, Markt Path, Nr SSangrun B.O, pimpalgaont arfa narayangaon, puen, Pne, Mahaarshtra, 421401",412401,PO-412401-a6e927,low,True
Roo m79-asi hegits-Statto nLane-opp choool-pipalgaon tarfa narayanngano-Peu-uuPnee-hM-44120041,412401,PO-412401-a6e927,high,True
"hno1 07, Sai Residencyy, main rad, next ot park, Pimpaglaon Tarfa Narayangaon, punne, uPne, maharashhtra, 414201",412401,PO-412401-a6e927,low,True
nho735 ALPHAH EIGHTTS StationSrteet Behnd TTemple Pimpalgaon Tarfa raayangaon Pune PuPne Mhaarasshtra 4122410,412401,PO-412401-a6e927,medium,True
"House 99, Sai Society, Link Path, Behind School, Pimpalgaon Tarfa Narayangaon, Pune, Pune, Maharashtra, 412401",412401,PO-412401-a6e927,clean,False
"Room 27, Beta Apartments, Main Street, Beside Metro Station, Pimpalgaon Tarfa Narayangaon, Pune, Pune, Maharashtra, 412401",412401,PO-412401-a6e927,clean,False
Shoo 6p37 Alppha S heind mtero station Pimpalaon Tarfa Narayangaon uPe u MM 41122041,412401,PO-412401-a6e927,high,True
HHoouse 740 llpha Soc Maiiin Path Nar oHspital PIMPLGAON TARFA NARAYANGAAON une Pnee Mhaaarashtra 4120441,412401,PO-412401-a6e927,medium,True
"hsop 583, Beta Aaprtments, marke tpath, near chool, pimpalgaon atrfa narayangaon, uPne, pne, 4124001",412401,PO-412401-a6e927,low,True
"Plot 830, Alpha Enclave, Main Marg, Next to Bank, Pimpalgaon Tarfa Narayangaon, Pune, Pune, Maharashtra, 412401",412401,PO-412401-a6e927,clean,False
"room 9004, BetaApartments, markket marg, Beside Temle, Pimplgaon Tarfa Narayangaon, Puen, Maharahtra, 4124001",412401,PO-412401-a6e927,low,True
FFlt No 788 Alpha SSooc nearr temlpe Pimpalgaon Tarfa Naraayngan Puuune punne h 4201,412401,PO-412401-a6e927,medium,True
"House 8144, sa enclave, iLnk Street, neart emple, Pimplagaon Tarfa Narayangaon, Pun, puen, MAHARASSHTRA, 412041",412401,PO-412401-a6e927,low,True
FaltNo 63-allah heights-Saattion aMrg-OppS choolo-Pimpalgoan Taarfa Narayangao-unnne-Mahsahtra-421401,412401,PO-412401-a6e927,high,True
ousee 695 Btea Enclae liknr oad oppoite bus sotp Pimpalgaon Tarfa aNrayagaon puene nue 412140,412401,PO-412401-a6e927,medium,True
hno 778 Beta Apartemts Nr Mettro Statio ue Cantt East Puue Mahaarrshtra 41111001,411001,PO-411001-3a2595,medium,True
"flat no 56, Beat Complex, Maiin Path, next top ark, Puune Cantt East, Puune, Pue, hM, 411001",411001,PO-411001-3a2595,low,True
Hose3368 alpha  higts Maiin Pht NrMr etro Station ppune ecantt east Pun UUNEE Maaharahsra 410,411001,PO-411001-3a2595,high,True
"Plot 1003, shhree enclave, Main Rod, Opposite Pak, Pune Cantt aEst, une, Puune, maharahtra, 410101",411001,PO-411001-3a2595,low,True
House 996 Alphaa  Heights Opp eTmpel Pune Cantt East uPn PPPune 4100,411001,PO-411001-3a2595,medium,True
"shop 153, alphasoc, market arg, next to metro  station, pune  cantt east, une, uPne, h, 4411001",411001,PO-411001-3a2595,low,True
hno 666-ALPH ENLAV-Marktt Strete-net topark-PuneC  antt Eas-Pnen-uP-Mahaarahta-1140001,411001,PO-411001-3a2595,high,True
"House 55, Sai Apartments, Station Marg, Next to Metro Station, Pune Cantt East, Pune, Pune, Maharashtra, 411001",411001,PO-411001-3a2595,clean,False
"Romo 612, Shreee Heights, nearb ank, pun cantt east, PPune, Maharasthra",411001,PO-411001-3a2595,low,True
"Plot 165, Shree Heights, Station Road, Near Park, Pune Cantt East, Pune, Pune, Maharashtra, 411001",411001,PO-411001-3a2595,clean,False
"Shop 70, Beta Tower, Main Street, Opposite Bank, Pune Cantt East, Pune, Pune, Maharashtra, 411001",411001,PO-411001-3a2595,clean,False
"Shop 645, Alpha Tower, Main Marg, Behind Temple, Pune Cantt East, Pune, Pune, Maharashtra, 411001",411001,PO-411001-3a2595,clean,False
"fat no 4,, Sai Enclae,, n rsscholo,, Pune Cantt Esasst,, uen,, PPeu,, H,, 4110001",411001,PO-411001-3a2595,high,True
"houuse 413, shree heiights, Mainn Road, Oppposite Park, Pnue Cantt East, pnue, hM, 141001",411001,PO-411001-3a2595,low,True
"Fla No 966, Beta Apatrments, link streeet, Beide Bus Stop, uPne Cantt East, Pun",411001,PO-411001-3a2595,low,True
"HNo 954, Beta Residency, Link Street, Behind Bus Stop, Pune Cantt East, Pune, Pune, Maharashtra, 411001",411001,PO-411001-3a2595,clean,False
"Hous e66,, Sai ooSciey,, MainR doa,, NNrB u sStop,, uPne CanttEsat,, Pue,, pu,, h,, 141001",411001,PO-411001-3a2595,high,True
hnoo  328 Shee  Heights Marekt Ptah pOp Prk Puenn Cantt East Pune PPue hhM 141001,411001,PO-411001-3a2595,medium,True
"room 4566, Shree eHights, Mrket Path, Nr Bhavani Peh, Pune CanttEast, punee, Puen, Mhaarashtra",411001,PO-411001-3a2595,low,True
"hosue 874, Sai Cmplex, market magr, Near Hosptial, Pune Cantt Eastt, PUEN, Punne, 411001",411001,PO-411001-3a2595,low,True
"Hosu e9995, hsree sciiety, neaar khkdi, PPUNE CATNT EAT, PPuPne, nPeu, mahharasthtra, 441100",411001,PO-411001-3a2595,high,True
"HNo 731, Beta Apartments, Main Road, Opposite School, Pune Cantt East, Pune, Pune, Maharashtra, 411001",411001,PO-411001-3a2595,clean,False
"ROO 920, SShree Tower, next  to temple, PUNE CANTT AEST, upne, Punne, 4111001",411001,PO-411001-3a2595,low,True
Flatt Noo554 BettaComplexx Sttaion ah oppoiste metro sttaoin Puune Cant ast PPune MHAARAASHHTRA 4100011,411001,PO-411001-3a2595,high,True
"SShop 968, AAlpha Heights, Station aMrg, nrhadapsar, Pune Cant tEast, punne, puen, Maharashtraa, 410101",411001,PO-411001-3a2595,low,True
"Plot 697, Beta Residency, Main Marg, Near Khadki, Pune Cantt East, Pune, Pune, Maharashtra, 411001",411001,PO-411001-3a2595,clean,False
hno8110 shrree hegihts Mainane Oppp oHspital punec antt eats Pu maaharashhtra 44110001,411001,PO-411001-3a2595,medium,True
RMO 799 sai paartemnts Statioon Stret Opp Bank Pun eCanttt East pn Pn maharsahta 441101,411001,PO-411001-3a2595,medium,True
Flat No 447 saienclae ln kpath Nrr Hoospital PueC antt East Pnuee Pne hhm 10101,411001,PO-411001-3a2595,medium,True
"house 33, BetaE nclave, ain Path, ext to hospital, Pune Cantt aEst, PPune, uPne, 411001",411001,PO-411001-3a2595,low,True
"House 132, Sai Enclave, Link Path, Opposite Hospital, Pune Cantt East, Pune, Pune, Maharashtra, 411001",411001,PO-411001-3a2595,clean,False
"Plot 830, Shree Tower, Market Lane, Opposite Bus Stop, Pune Cantt East, Pune, Pune, Maharashtra, 411001",411001,PO-411001-3a2595,clean,False
"HNo 213, Sai Heights, Station Lane, Next to Bank, Pune Cantt East, Pune, Pune, Maharashtra, 411001",411001,PO-411001-3a2595,clean,False
plo t2233 shreee twoer mai treet netx tob us stop Pune aCnttE ast Pune Pun,411001,PO-411001-3a2595,medium,True
"Room 409, Sai Society, Market Path, Next to Bank, Pune Cantt East, Pune, Pune, Maharashtra, 411001",411001,PO-411001-3a2595,clean,False
"flat no 472, alphaa apartments, ilnk path, BesideBank, Pune CCantt East, Pne, Puen, maharaashtra, 411010",411001,PO-411001-3a2595,low,True
Falt No 96 asi towre Beside aPPrk une Cantt Eas ue Peun M 44111001,411001,PO-411001-3a2595,medium,True
"House 14, allpha twoe, Satio Lan, Near Bhavnn iPeth, Punnee Cant tEast, PPPne, Pnn, H, 4110001",411001,PO-411001-3a2595,high,True
"House 387, Beta Apartments, Main Lane, Opposite Temple, Pune Cantt East, Pune, Pune, Maharashtra, 411001",411001,PO-411001-3a2595,clean,False
Room112 Beta Apartmeenntts MraaketM arg Beeside Scchol pune acnntt  east PPUENN uP hMMM 4411001,411001,PO-411001-3a2595,high,True
Polt 998 alpha enccalve ai lane Behind Bus Stooop Pnne Cantt East nue uuPne mmharashtra,411001,PO-411001-3a2595,medium,True
room79-Alpa Heihgs-iLnnk Ptah-Beed Bank-Pne Catt Eat-Punnnee-Mahaaashtra-4110000,411001,PO-411001-3a2595,high,True
Shop855 aph soc Oppossite Metro Sttion pune city PPNUE PPunne 4411002,411002,PO-411002-37ec25,medium,True
HHOUSE 4551 Alpha  Heghts link sttreeet nxt to parrk uPne Ciy Punn Pn MHAARASHTA 441100,411002,PO-411002-37ec25,medium,True
"HNo 898, Shree Residency, Market Road, Near Vadgaon Budruk, Pune City, Pune, Pune, Maharashtra, 411002",411002,PO-411002-37ec25,clean,False
Flat o 99 lAphaHeghts Sttttaion Lane ppositeepark PuneCyi PPune uuune ahMrashtra 41141002,411002,PO-411002-37ec25,high,True
rm 326 Sa iRsidenyc lik seet o  bus stop PN ICTY ppun uPne Mahrashtrta 411000002,411002,PO-411002-37ec25,high,True
"Room 252, Alpha Residency, Link Road, Near Metro Station, Pune City, Pune, Pune, Maharashtra, 411002",411002,PO-411002-37ec25,clean,False
"PPlot 447, BetaR esidency, Mainn Path, next to tepmle, Pune iCty, Pnue, pue, h, 4110002",411002,PO-411002-37ec25,low,True
"Room5, Alpha Enclve, Mai nStreet, Nr  Bus Stop, Pun eCity, uPne, 410102",411002,PO-411002-37ec25,low,True
"Flat No 957, Sai Complex, Link Path, Behind Bank, Pune City, Pune, Pune, Maharashtra, 411002",411002,PO-411002-37ec25,clean,False
"HOSUE7500,, BetaToewr,, Statin Marg,, Behind  MMetro Staton,, puneccitty,, eun,, 4111002",411002,PO-411002-37ec25,high,True
SPHO 111 Apha Apartmeents aMin MMarg Near mbaarvet B.O Punne CCity Peun puune 410002,411002,PO-411002-37ec25,medium,True
RRoom 7866 si apartmens tSation Pathh Besidde Schol pun e city PPune AMHARASHRTA 411102,411002,PO-411002-37ec25,medium,True
"Falt No 948, Aplha Heights, statio marg, besidebank, une City, puen, Puune, h, 411002",411002,PO-411002-37ec25,low,True
Shop 9 Alpa Apatments Saion Marg opopsit bank Pune Ctiiy PPuen PPnue,411002,PO-411002-37ec25,medium,True
"flt no 902, sai soicety, Linnk Lane, Near Parrk, Pune CCity, puune, Punee, Maharsahtra, 411002",411002,PO-411002-37ec25,low,True
"Hous 93, sai socety, Nr Hospittal, Puen City, UPNE, 4110002",411002,PO-411002-37ec25,low,True
nho  747 Sai  Ressidency eBsde Park Pu City Pu uPn Maahraashtra 41100022,411002,PO-411002-37ec25,medium,True
hnoo 63 Sa Residenyc Lik Raod nxe tto park pu ecity ne Pe 1102,411002,PO-411002-37ec25,medium,True
"Flat N 574, Shree Resiency, Markeet Street, Op pSchool, PuneCity, Puen, M, 4411002",411002,PO-411002-37ec25,low,True
flat no 617 beta ocietyy main laneee BEIDE SCCHOOL PPuune City Pnee PPune Mh 4110,411002,PO-411002-37ec25,medium,True
oom 33 Alphaa  Complex main marrg NearMetro Staton Pune iCy unne,411002,PO-411002-37ec25,medium,True
"Spo 58,, Beata Society,, Liinkk Roadd,, Beid eSchoo,, punci ty,, uuen,, pnen,, Maahahtra,, 4401102",411002,PO-411002-37ec25,high,True
HHosue 10-aS ioc-LINK LAANN-Oppp Hsopiatl-Pn Ciity-upnn-Mhaaarsthra,411002,PO-411002-37ec25,high,True
"hno491, Shree Toewr, mai lane, Nr Bus Sttop, PUNE CIT, PPune, uPne, 4110002",411002,PO-411002-37ec25,low,True
"Plot 37, Beta Residency, Main Street, Behind Temple, Pune City, Pune, Pune, Maharashtra, 411002",411002,PO-411002-37ec25,clean,False
Plot   597 Shree Apratents Nrr Bus Stopp uPne Ciity Pune maaraashtra 411002,411002,PO-411002-37ec25,medium,True
"hn 764, Sai  Heights, Man Path, Nr Hospial, Pue City, PPUNE, Puen, HM, 4110022",411002,PO-411002-37ec25,low,True
Hosue4000 Alh Heghts Link Mrg nexxt to bnank uPne Ct Puuene 411000,411002,PO-411002-37ec25,high,True
hno 5575-bettaa osc-LIINKRRD-ner tetmple-pune  tiy-Pnu-Pnue-M-141000,411002,PO-411002-37ec25,high,True
"room 4438, Saai Soc, Link Paath, Near T.VV. Ngr, Punee City, upne, upne, 41002",411002,PO-411002-37ec25,low,True
hon 93 Sai Ecnlav nexxt ot temple Pune it Puune punn Mh 41020,411002,PO-411002-37ec25,medium,True
"Flat No 762, Sai Apartments, Main Lane, Opposite Bank, Pune City, Pune, Pune, Maharashtra, 411002",411002,PO-411002-37ec25,clean,False
"hsop 72, shree copmlex, Link Roa, Nr Kheed Shivapur Baug, PUNE CCITY, Pne, 410102",411002,PO-411002-37ec25,low,True
oomm 270 Sa iAparrtments main  apth Nr oGndhal eNagar Pune  iCty NPE aMaharashtra 41111002,411002,PO-411002-37ec25,medium,True
"Shop 447, Shree Society, Link Marg, Next to Bus Stop, Pune City, Pune, Pune, Maharashtra, 411002",411002,PO-411002-37ec25,clean,False
"hno 281, Alpha Apartmenst, Behinnd Metro Station, pune citty, Pue, h, 4110002",411002,PO-411002-37ec25,low,True
"hsop5 7, shree copmllxe, stationr rroad, bseied meto station, Puune  Cty, une, NUEE, 4110022",411002,PO-411002-37ec25,high,True
SSHO 804 sree residenncy Market SStreet Near ospitall pune cciity ppunee Puenn hhM 41102,411002,PO-411002-37ec25,medium,True
"HNo 702, Sai Heights, Station Lane, Near Bus Stop, Pune City, Pune, Pune, Maharashtra, 411002",411002,PO-411002-37ec25,clean,False
Flat  N 967 betae rsidenc Ner oHsspital unp city nPeu pue Mhh 411100002,411002,PO-411002-37ec25,high,True
"HNo 875, Alpha Residency, Link Street, Next to Temple, Pune City, Pune, Pune, Maharashtra, 411002",411002,PO-411002-37ec25,clean,False
"Flat No 637, Shree Complex, Station Road, Next to Bus Stop, Pune City, Pune, Pune, Maharashtra, 411002",411002,PO-411002-37ec25,clean,False
"Plot 85, Shree Enclave, Main Lane, Next to Bank, Pune, Pune, Pune, Maharashtra, 411001",411001,PO-411001-baa140,clean,False
"Shop 54, Beta Apartments, Market Road, Near Temple, Pune, Pune, Pune, Maharashtra, 411001",411001,PO-411001-baa140,clean,False
"HNo 831, Alpha Society, Market Street, Beside Metro Station, Pune, Pune, Pune, Maharashtra, 411001",411001,PO-411001-baa140,clean,False
PTO 5542 eBta Aparmtentts station stree Nr  Hoital uppe pueu PPue 41100011,411001,PO-411001-baa140,high,True
hohn 476 Alpha Residenccy NNearr Bakn Punee uuen Pnne h 1401,411001,PO-411001-baa140,high,True
"Room  258, SaiEnclave, Link Pathh, Nr N.C.L.Pune, ppune, Pne, uPne, Maharashta, 4110001",411001,PO-411001-baa140,low,True
room7  82 AlphSoc Main rteet op tempple upn PPunne unPe M 411001,411001,PO-411001-baa140,medium,True
"HNo 389, Beta Enclave, Station Path, Behind Bank, Pune, Pune, Pune, Maharashtra, 411001",411001,PO-411001-baa140,clean,False
"room 763, sai compplex, Stationn Street, Op pPark, Punne, upne, pnue, 11001",411001,PO-411001-baa140,low,True
"Flat No 8, Alpha Heights, Market Road, Opposite Hospital, Pune, Pune, Pune, Maharashtra, 411001",411001,PO-411001-baa140,clean,False
"PLOTT 998, Sai Towr, Market Marrg, pposite Temple, Pue, Pne, Pun, Mahaashtra, 411001",411001,PO-411001-baa140,low,True
"Flat  No   301, Sa Towrre, Mainn Laaane, neexto t hospital, Puuunee, ueen, uuen, mahraashtraa, 4111101",411001,PO-411001-baa140,high,True
"oRom 3359,, lh Tower,, Opppposite ospital,, nP,, Puuune,, n,, hhh,, 4410001",411001,PO-411001-baa140,high,True
"House 524, Beta Tower, Main Road, Near Temple, Pune, Pune, Pune, Maharashtra, 411001",411001,PO-411001-baa140,clean,False
"room130, Alpha Enclav, Besiide Bus Stop, puune, PNUE, Mhh, 4110001",411001,PO-411001-baa140,low,True
"hno 7780, Srhee Heights, main paht, Near Bus Stpo, uPne, puune, une, maharashtar, 411001",411001,PO-411001-baa140,low,True
"House 33, Alha Enclave, MarketM arg, next to schooll, Pnue, puen, Pne, 41101",411001,PO-411001-baa140,low,True
"Plott 0057, Shree Socieety, aMin rMag, Beside cShhoool, pueun, PPuunne, 141001",411001,PO-411001-baa140,high,True
ot 1 SAI RSIDENCYY nnear digih camp unPe une PPnue Maharahsta 411001,411001,PO-411001-baa140,medium,True
"fat no 736, Sai Enclvae, mraket path, nr bhusari colonny, Punee, Pnue, Punee, hM, 4411001",411001,PO-411001-baa140,low,True
SOOHP 187 eBtaT ower sattin lane ear shaniwa peth-pune Pne pnnue Pnuee hhM 411001,411001,PO-411001-baa140,medium,True
lFtaa No 876-bea esideny-Statn Strete-neex tt park-puun-Puune-Puen-111001,411001,PO-411001-baa140,high,True
omo  381-Sa iResidnyc-Statiion aaLne-N Congess Huse Rd-Pnue-PPune-ppu-111010,411001,PO-411001-baa140,high,True
"hno  1, BetanEclavee, tSatoin Rod, Besisde SSchool, Puunen, nPuee, Punnee, HMM, 144101",411001,PO-411001-baa140,high,True
"Plot 783, Alpha Heights, Station Street, Near Hospital, Pune, Pune, Pune, Maharashtra, 411001",411001,PO-411001-baa140,clean,False
"HNo 563, Alpha Society, Link Path, Beside Bank, Pune, Pune, Pune, Maharashtra, 411001",411001,PO-411001-baa140,clean,False
"hhousue 891,, Sai Ennlcave,, Mainn rSteet,, Bseiide BBank,, Pun,, unp,, M,, 410011",411001,PO-411001-baa140,high,True
"hop 643, shree twoer, Beside Hoospital, uPne, Pue, Puen, h, 411001",411001,PO-411001-baa140,low,True
"Shoop 683, alph aenclave, station rod, behind mmetro station, Puen, punne, PPune, maharastra, 41001",411001,PO-411001-baa140,low,True
"SPOH 32,, Sai  Heiggths,, rrmaket road,, Opp Teemple,, eun,, unpee,, pppne,, Mharasrta,, 14100",411001,PO-411001-baa140,high,True
FFLAT N O708 beeta towr Markeet Mrg nrr emple Punn un PPue hh 4111001,411001,PO-411001-baa140,medium,True
at No 7772 Alphaaa Toweer Behidn Tmepl Pne Puunnee PPuune maharashtraa 4001,411001,PO-411001-baa140,high,True
nho2 8 hSrre Complex amrket rroda nexxt to  scchool eP Penu Pe 41110001,411001,PO-411001-baa140,high,True
"HOUSEE 362, alpha coomplex, Main Pat, Near Bhavani Peht, upne, Puune, Pnue, hm, 4411001",411001,PO-411001-baa140,low,True
sho p2527 beta artmentss tationstree Oppsoite  Bankk Pnuu nu UNE 41110010,411001,PO-411001-baa140,high,True
"oRom 35222,, alphaa hhights,, Besidd Shcool,, pppuen,, uPe,, uPn,, M,, 1001",411001,PO-411001-baa140,high,True
"Shop 723, Beta Society, Market Lane, Near Temple, Pune, Pune, Pune, Maharashtra, 411001",411001,PO-411001-baa140,clean,False
"HNo 649, Beta Residency, Market Street, Next to Bank, Pune, Pune, Pune, Maharashtra, 411001",411001,PO-411001-baa140,clean,False
"Plot 630, Beta Tower, Link Street, Opposite School, Pune, Pune, Pune, Maharashtra, 411001",411001,PO-411001-baa140,clean,False
"ROOM 849, Shere Soc, Statoin Rd, besside temple, punne, Puune",411001,PO-411001-baa140,low,True
"House 494, Sai Enclave, Main Road, Beside Park, Pune, Pune, Pune, Maharashtra, 411001",411001,PO-411001-baa140,clean,False
"Plot 575, Shree Society, Station Path, Beside Temple, Pune, Pune, Pune, Maharashtra, 411001",411001,PO-411001-baa140,clean,False
house6659 ALPHA ENNCAVE LK LANE Behindd Bs Stop puune new baza uPen uPune hh 4141001,411001,PO-411001-874f04,medium,True
house483 Alpha  Resideency Lnikk Path NR PAKK Pune Neww azar PUEE uupne Maharasttra 41110001,411001,PO-411001-874f04,medium,True
nho587 etaSoc mmarkt lane Behin Metro Staton Pune Neew  Bazar PuPne npue aharasshtra 111001,411001,PO-411001-874f04,medium,True
"HNo 33, Shree Tower, Main Street, Near Hospital, Pune New Bazar, Pune, Pune, Maharashtra, 411001",411001,PO-411001-874f04,clean,False
ouHse 553-saai hhights-nL Path-nxet to bbakn-Pune Nee Bazr-unpee-PPPune-marhaahstra-41110011,411001,PO-411001-874f04,high,True
"Rom 119, Beta Sooc, Link Stret, next  to school, Pune New Bazarr, punne, MAHARASTHRA, 411010",411001,PO-411001-874f04,low,True
Plot 92221 Sai wTer Bseide Schol pu enew bazar pen 4111010,411001,PO-411001-874f04,medium,True
"Plot 66, sai socitey, ain Lane, behindd bus stop, pune ew bazar, Pne, ppune, Mahaarshtra, 4110011",411001,PO-411001-874f04,low,True
"room 763, Shree Cmplex, Main Paht, Behind Parkk, Pune Neww Bazar, Pne, Mahharashtra, 41101",411001,PO-411001-874f04,low,True
Poot 7708-SShree Apratmnets-Stattion Road-oppossitebbank-pune  newbzar-epn-Pneee-MM-4100011,411001,PO-411001-874f04,high,True
"Sho p72, hre otwer, lnikl anee, beisd ehosiptal, Pun Nw Bazar, une, Pe, hhM, 110401",411001,PO-411001-874f04,high,True
hno 462-Bet Aaprtmetns-behind  usb stop-punnn ew bazar-Peeu-puuue-maaarashtr,411001,PO-411001-874f04,high,True
houuse 4450 lpha Commplex Statin dR oppoistepark Pune ew Bazzar unne pueen maharastraa 4110,411001,PO-411001-874f04,medium,True
"Hous 514, Beta Residencyy, STATIOON PATH, NR MUTE B.O, pune ne wbazar, Punee, pue, h, 41101",411001,PO-411001-874f04,low,True
"House 2544, Alpha Apartmens, Market Paht, BesideHospital, Pune Ne Bazar, une, 411010",411001,PO-411001-874f04,low,True
ROOOM 554-Beta Resiincy-Nr Dhaanroi BB.O-Pne Nw Baar-U-uuune-H-4411001,411001,PO-411001-874f04,high,True
"Shop 590, Beta Apartments, Link Lane, Next to Metro Station, Pune New Bazar, Pune, Pune, Maharashtra, 411001",411001,PO-411001-874f04,clean,False
ROOOM8 48-lApha  Heeights-beside   hospital-UPNE NEWW  BAZAR-Puune-PNEE-Mahaastra,411001,PO-411001-874f04,high,True
hn o72 Sai Heiigts Market  Mrag Beide Hopital pne newbazar Punn upen MH 411001,411001,PO-411001-874f04,medium,True
"Flat No 189, Shree Apartments, Link Street, Opposite Park, Pune New Bazar, Pune, Pune, Maharashtra, 411001",411001,PO-411001-874f04,clean,False
"Flatt NNo 138, SaiS ociety, aminlne, besde tempplle, uPne Neew aBzar, p, PNUN, 110001",411001,PO-411001-874f04,high,True
hno 5555 alphaa hieghts Near Scoo PuneN ew Bzar unee punnne h 411101,411001,PO-411001-874f04,medium,True
"n 25,, aSi HHeight,, Sttaion Sreeet,, nxt to schooo,, pun nw bbazar,, pppuen,, Pue,, 441001",411001,PO-411001-874f04,high,True
"Room 949, Sai Tower, Link Lane, Behind Temple, Pune New Bazar, Pune, Pune, Maharashtra, 411001",411001,PO-411001-874f04,clean,False
room 27 hree Height Mani Raod nr rangee hill Pune Neew Bazzar Pen 41100001,411001,PO-411001-874f04,medium,True
houese  58-beta aparments-lin mr-besid beak-Pune NNe Baar-ue-Pune-hhhm-4111001,411001,PO-411001-874f04,high,True
"ROOM 54,, SRE EAPARRTMENTS,, Marekt oRaad,, nxet to  schoo,, Pne NNew Baza,, PENE,, mmh,, 41110110",411001,PO-411001-874f04,high,True
"Flat N 669, btea enclave, markett marg, Opp Scchool, Pune New  Bazar, PUNEE, Puune, Maharashrta, 411001",411001,PO-411001-874f04,low,True
"huse 10, bet enclave, Market oad, Beside Prk, PNE NEW BAZAR, pun, une, h, 141001",411001,PO-411001-874f04,low,True
"fla tno62, BetaE nlaev, Nr Tmple, pue new bazaarr, uPne, PPne, M, 4410011",411001,PO-411001-874f04,high,True
"Flat No 5000,, Alha oCmplx,, MarkettMarg,, Nr Ifa Stion,, punen ew bazaaar,, ppunnne,, nnue,, hhh,, 141010",411001,PO-411001-874f04,high,True
"Shop 174, Beta Complex, Main Path, Behind Temple, Pune New Bazar, Pune, Pune, Maharashtra, 411001",411001,PO-411001-874f04,clean,False
"Shop 812, Shree Complex, Link Road, Behind School, Pune New Bazar, Pune, Pune, Maharashtra, 411001",411001,PO-411001-874f04,clean,False
"Falt No 639, saii tow, aMMrket MMarg, Nr chool, Pn Neew Bazar, pnne, uPne, m, 41101",411001,PO-411001-874f04,high,True
"Shop 530, Alpha Heights, Link Lane, Beside Hospital, Pune New Bazar, Pune, Pune, Maharashtra, 411001",411001,PO-411001-874f04,clean,False
"Flat No 829, Shree Apartments, Main Street, Near Metro Station, Pune New Bazar, Pune, Pune, Maharashtra, 411001",411001,PO-411001-874f04,clean,False
"Room 732, Shree Residency, Market Path, Near Aundh T.S., Pune New Bazar, Pune, Pune, Maharashtra, 411001",411001,PO-411001-874f04,clean,False
"House 273, Beta Society, Main Street, Opposite Metro Station, Pune New Bazar, Pune, Pune, Maharashtra, 411001",411001,PO-411001-874f04,clean,False
"FlatN o 699, Alpha EEnclave, Staiton Street, behindhospital, Pune eNw Bazar, Pne, 4110001",411001,PO-411001-874f04,low,True
"Houss8 84, SShreS oc, Staitno Roaad, Behin uBss Stop, Pne New Baazar, UUPNE, Pueu, arashtra, 411001",411001,PO-411001-874f04,high,True
Houus e876 ALPHA  CMPLEX Station Streett next to tmpple Pune New Bzaarr Pueen 410001,411001,PO-411001-874f04,medium,True
"House 102, Beta Society, Main Street, Opposite Bank, Pune New Bazar, Pune, Pune, Maharashtra, 411001",411001,PO-411001-874f04,clean,False
"Room 888, Sai Apartments, Market Marg, Next to Hospital, Range Hills, Pune, Pune, Maharashtra, 411020",411020,PO-411020-186dea,clean,False
"oom 108, beeta society, LLink Road, op school, Rannge Hills, une, une",411020,PO-411020-186dea,low,True
"Hous e538, Beta Towwer, Marke Lane, Nr Pune iCty, RNGE HILLS, Puune, une, Maahrashtra, 41102",411020,PO-411020-186dea,low,True
"hous635,, saheighs,, Besidde emmple,, RaanggeHills,, nuee,, Puuene,, hmhh,, 4002",411020,PO-411020-186dea,high,True
"Sho 263, eta Residency, ink Rd, Nr Templ, Rang Hills, une, PUEN, MAHAARASHTRA, 41120",411020,PO-411020-186dea,low,True
"Roo2262, sai apartmneeets, Bhenid Mero Station, Raee Hills, PUUUE, unne, h, 410200",411020,PO-411020-186dea,high,True
"HNo 753, Shree Tower, Link Lane, Opposite Metro Station, Range Hills, Pune, Pune, Maharashtra, 411020",411020,PO-411020-186dea,clean,False
"Flat No 232, Beta Apartments, Link Marg, Behind Park, Range Hills, Pune, Pune, Maharashtra, 411020",411020,PO-411020-186dea,clean,False
"Room 21, Sai Enclave, Main Path, Near Hospital, Range Hills, Pune, Pune, Maharashtra, 411020",411020,PO-411020-186dea,clean,False
"Plot 958, Beta Enclave, Link Lane, Beside Metro Station, Range Hills, Pune, Pune, Maharashtra, 411020",411020,PO-411020-186dea,clean,False
"Flat No 97, sai residenyc, Statoin Path, nnr bank, rnge hills, uPne, hM, 411002",411020,PO-411020-186dea,low,True
"Polt 415, Beta Residenncy, mian lane, Beside Scool, Range Hillls, Puen, Pun, hm, 411002",411020,PO-411020-186dea,low,True
flat nno5 10 hsree toweer Statno Street NNEAR METRO STATIONN aRngge Hills Pune Mh 4120,411020,PO-411020-186dea,medium,True
"Shop 521, Sai Enclave, Main Lane, Opposite Hospital, Range Hills, Pune, Pune, Maharashtra, 411020",411020,PO-411020-186dea,clean,False
shho  375 shre residdency sttaion mra next o  metro tsation rrannge hills punee ahrashtraa 4411002,411020,PO-411020-186dea,high,True
"hno 552, Apha Tower, Maarket Path, nxt to temple, Rangge Hills, punee, Pnue, Maharashttra, 4110020",411020,PO-411020-186dea,low,True
SSHHO P538 Alphha Reiidency INK LLAANE beesside school Rnage  Hlils Punee uupn mahaarshtarr 11200,411020,PO-411020-186dea,high,True
"Flat o 520, Sai Residnecy, n temple, range hlils, pnue, uPne, 411200",411020,PO-411020-186dea,low,True
"room 226, Beta Resideency, beside metro sation, range hlls, une, punne, h",411020,PO-411020-186dea,low,True
"FlatoN924,, sa hiehts,, marrke tlae,, behiindtemplee,, RRaneH ills,, pne,, PPunee,, h,, 4110120",411020,PO-411020-186dea,high,True
SShop118 Sai Twoerr minn lane nextt obus stop Rnage iHlls puue pu maharashhtr 41200,411020,PO-411020-186dea,medium,True
"oomm 413,, hree aaartments,, Statino tSret,, next tom etro sattin,, aRnnge  Hills,, PPun,, PPnune,, Mharahsta,, 4111200",411020,PO-411020-186dea,high,True
"HNo 43, Alpha Society, Link Lane, Beside Metro Station, Range Hills, Pune, Pune, Maharashtra, 411020",411020,PO-411020-186dea,clean,False
"Plot3 65, Saai Enclave, mainn street, opp tempe, Rane Hills, Puen, MAHARASHTRAA, 4110020",411020,PO-411020-186dea,low,True
"shoop 955, ALPHA COPMLEX, BHIND BANK, aRnge Hills, Punne, mhh, 411002",411020,PO-411020-186dea,low,True
"Flat No 113, Sai Enclave, Station Street, Beside Hospital, Range Hills, Pune, Pune, Maharashtra, 411020",411020,PO-411020-186dea,clean,False
Sop5 -Shre Heghts-LinkL ane-NarP arvatti-rnnge hillss-ueP-Puun-410002,411020,PO-411020-186dea,high,True
"PLOT 4472, Alphaa Apartments, market pathh, NEEAR METRO STATION, rang ehills, Puen, Punee, hM, 4111020",411020,PO-411020-186dea,low,True
plott 233 Alpah oSc statio nrroad Behind Temel RAGE HILS Pnu pun maahrashra 4110020,411020,PO-411020-186dea,medium,True
House 866 Alpha omplexx aiin lane nr n i b m Range iHls unpe MM 4112,411020,PO-411020-186dea,medium,True
"House 151, Sai Society, Main Path, Beside School, Range Hills, Pune, Pune, Maharashtra, 411020",411020,PO-411020-186dea,clean,False
"nho675, SaSiSoc, link paa, Near Kraveanagr, Rangne iHlls, en, Penn, aahrashra, 41000",411020,PO-411020-186dea,high,True
"House 130, Sai Complex, Market Marg, Beside Metro Station, Range Hills, Pune, Pune, Maharashtra, 411020",411020,PO-411020-186dea,clean,False
ohuse 37 Beta Resiendcy MarektR oad Behind Tele Range Hills Pnu upnee 4411020,411020,PO-411020-186dea,medium,True
"Room 457, shr e society, Besie oHpsital, Rage  Hill, Pnuuue, eu, 441110020",411020,PO-411020-186dea,high,True
"Fla tNo 152, Beta Residdency, marketstreet, Near Shkrawar Peth-Pune, RANGE IHLLS, Punne, Punne, mmh, 41120",411020,PO-411020-186dea,low,True
"Hosue 597, Sai Aparrtments, marke marg, NR DASVE LAVVASA, rnge hills, Puen, upne, mhh, 41120",411020,PO-411020-186dea,low,True
"hhouse 820, Sai Residecny, station lanne, next to bak, range hill, pne, Puen, Mhh",411020,PO-411020-186dea,low,True
"Plot 2885, sai ehights, Market  Marg, besid school, Rnage Hills, uPne, Puen, maharashtar, 4111020",411020,PO-411020-186dea,low,True
oHse 269 Shre Sooc arket streett BBehind Pakr annge hills nue Pune M 4110,411020,PO-411020-186dea,medium,True
"Room961, Beta Eclave, Liink Marg, nr botanical garden -p une, Ragne Hills, PUEN, Mahaarshtra, 411200",411020,PO-411020-186dea,low,True
lPot 744 eBta owerr amrkke tpath bsid epark raneg hlills Pn nne Mhh 411102000,411020,PO-411020-186dea,high,True
"Rom 647, Sai TTower, Statin Rd, Besiide Metro Station, Rsahtra Bhasha Bhavan, une, punne, maharashra, 411300",411030,PO-411030-1cb9d2,low,True
"Flatt No 194, Sai Heightts, market  path, besside bus stop, rashtra basha bhavan, pne, Pne, mahharashtra, 141030",411030,PO-411030-1cb9d2,low,True
"Room 865, Alpha Heights, Link Road, Behind Hospital, Rashtra Bhasha Bhavan, Pune, Pune, Maharashtra, 411030",411030,PO-411030-1cb9d2,clean,False
"LFTAN O 19, Srre eResidency, mainn  stree, Behin Metroo Statoin, Rasthra Bhasha Bhvaaan, punne",411030,PO-411030-1cb9d2,high,True
"PPlot 688,, Shrre Twoer,, mrkt paht,, nte to school,, RRASHTRA BHASHA BHVAN,, PPNE,, PUNNEEE,, 411110030",411030,PO-411030-1cb9d2,high,True
"Plot 21, Shree Complex, Link Road, Behind Metro Station, Rashtra Bhasha Bhavan, Pune, Pune, Maharashtra, 411030",411030,PO-411030-1cb9d2,clean,False
Flaat No 49 ShrreeHeights MMainM arg neext to buus stop Rshtra Bhasha Bhavna Pnnue Mahaarashra,411030,PO-411030-1cb9d2,medium,True
"Room 114, Sai Tower, Link Lane, Near Temple, Rashtra Bhasha Bhavan, Pune, Pune, Maharashtra, 411030",411030,PO-411030-1cb9d2,clean,False
Shop 34 Aplah Heights STTON ROAD Beihnd us Stop Rahtra Bhasha havan PPnue Pe 44110030,411030,PO-411030-1cb9d2,medium,True
"Room 402, Shree Residency, Market Marg, Near School, Rashtra Bhasha Bhavan, Pune, Pune, Maharashtra, 411030",411030,PO-411030-1cb9d2,clean,False
"oRom 504, SSSa Heights, llnik laane, Near Buus  Stp, Rahsstra Bhasha Bahvan, PPue, Pne, Mhhhh, 411003",411030,PO-411030-1cb9d2,high,True
"hno4, Alpa Tower, Near BBank, RASHTRA BHASH ABHAVAN, Punee, Pue, Maaharashtra, 4111030",411030,PO-411030-1cb9d2,low,True
"Room 305, Sai Tower, Main Road, Opposite Metro Station, Rashtra Bhasha Bhavan, Pune, Pune, Maharashtra, 411030",411030,PO-411030-1cb9d2,clean,False
Rooo 63-sai  sociieyt-mani  sttreet-nr aprk-Raashtra BhashhaB havan-ue-hhh,411030,PO-411030-1cb9d2,high,True
"Fla tNo 657, sair esidency, sttation lane, Nea rHospital, Rshtra Bhasha Bhavan, Puen, PUE, hM, 11030",411030,PO-411030-1cb9d2,low,True
"Room 506, Alpha Heights, Main Street, Near School, Rashtra Bhasha Bhavan, Pune, Pune, Maharashtra, 411030",411030,PO-411030-1cb9d2,clean,False
"House916, Sai Heightss, Market Lae, Nr BBank, rashtra bhasha havan, Punee, PUNNE, hM, 41130",411030,PO-411030-1cb9d2,low,True
hhouuse 131 Alpha Heeight MMarket  Marg Behindd Ban Rashrta Bhahsa Bhavan uPen upn 441103,411030,PO-411030-1cb9d2,medium,True
Room 481 Aphha Soc LINNKMARG eBhind Bakn Rahstra Bhasha havan Pne ppun Maharahsra,411030,PO-411030-1cb9d2,medium,True
Roooom 877 ALPHHA RSIDDENCY statiino stret Beehind Bnka Rasshtra Bhhasha Bhavna uPne uupnee maahrashtra 4110330,411030,PO-411030-1cb9d2,high,True
"Shop 573, Shree Society, Station Lane, Next to Metro Station, Rashtra Bhasha Bhavan, Pune, Pune, Maharashtra, 411030",411030,PO-411030-1cb9d2,clean,False
"hno 18, Sai  Heights, Main Stret, next tto park, Rahtra Bhasha Bhavan, uPne, Punee, Mhh, 41030",411030,PO-411030-1cb9d2,low,True
"PPlot 6633, Beta Rsidency, link ann, Beeisd eTemple, rashhtra  bhasa bhavan, Pee, nPeu, aMhraashra, 444111030",411030,PO-411030-1cb9d2,high,True
"Pot 886, Shree Apartents, MarketS treet, Behind ark, Rahtra Bhasha Bhavan, Puen, PUN, Mhh, 41030",411030,PO-411030-1cb9d2,low,True
"Shp 558, Allpha Heights, Statio Rd, Besde Bus Stop, RASHTRABHASHA BHAVAN, puen, pne, M, 4411030",411030,PO-411030-1cb9d2,low,True
"Plot7 49, Sai  Tower, maarket path, behind metro sttation, rashtr abhasha bhavan, une, hM",411030,PO-411030-1cb9d2,low,True
plot 775 AAlpha Enclave STATINON LANE Near Metroo Staation ashtra Bhsha Bhavan uen puunne M 4101030,411030,PO-411030-1cb9d2,medium,True
nho 39 lpha Cmoplex Linkk RRoad enar scohol Rashtra Bhaash Bhavan pppune Pneu mh 4113000,411030,PO-411030-1cb9d2,medium,True
"PPlot 97, aalpha soc, Mian Marg, nextto school, Rashtra Bhasah Bhavan, PPune, pnue, Maharashhtra, 41030",411030,PO-411030-1cb9d2,low,True
lo 863 alpha residency link lane Oposite Pakr Rashtr  Bhasha Bhavan uupne Pnne 41300,411030,PO-411030-1cb9d2,medium,True
"Plot777,, SaiiResdency,, tstio nmarg,, eBhind eTmle,, RASHTRRA BHASHA BHAAN,, uPne,, NPEE,, MMhh,, 413030",411030,PO-411030-1cb9d2,high,True
Plo 288 SShreeApartments Stattiion Road beind hospiital rashtra basha bahvan pune pune Marhaashtra 4110030,411030,PO-411030-1cb9d2,medium,True
Plto1 36 HSREE OCMPLEX ILKN MARG Oppposiite Park Rashtr aBhasha Bhaavan Puee Pune Mahharashta 11003,411030,PO-411030-1cb9d2,medium,True
"Plot 898, Alpha Residency, Market Lane, Next to Park, Rashtra Bhasha Bhavan, Pune, Pune, Maharashtra, 411030",411030,PO-411030-1cb9d2,clean,False
"Shop 219, Beta Heights, Link Path, Beside Metro Station, Rashtra Bhasha Bhavan, Pune, Pune, Maharashtra, 411030",411030,PO-411030-1cb9d2,clean,False
sshop 481-eBta oScc-Makreett Road-Behindd Hospitlla-Rashtra hBaha Bhava-Punne-Mahaarashrtaa-11130,411030,PO-411030-1cb9d2,high,True
"House 800, Shree Complex, Link Path, Near Botanical Garden - Pune, Rashtra Bhasha Bhavan, Pune, Pune, Maharashtra, 411030",411030,PO-411030-1cb9d2,clean,False
"room 2207, Beta Height, MainPath, ext to school, Rsahtra Bhasha Bhavan, uPne, hM, 411030",411030,PO-411030-1cb9d2,low,True
no  558-Beta Residenc-BBesideP ak-rashtrra hasha bhhavan-uPne-PUE,411030,PO-411030-1cb9d2,high,True
"SHO 3, SSai partments, Makret  tSreet, besie dabnk, Rahsta Bhash Bhavan, u, Peuun, Mahahtra, 411100",411030,PO-411030-1cb9d2,high,True
"Room242, Shree Apartmetns, Link Margg, Op Park, Rashtra Bhasha Bhava, Pun, MMh, 4111030",411030,PO-411030-1cb9d2,low,True
"lPtt 81,, Srhee Reissdency,, behinnd mmeetro station,, aRshtraB haasha Bhavan,, pue,, Pnnuee,, 04130",411030,PO-411030-1cb9d2,high,True
"Plot 547, Alpha Heights, Link Marg, Near Bank, Rasta Peth, Pune, Pune, Maharashtra, 411011",411011,PO-411011-dc88a6,clean,False
"Room 78, Shre eComplex, Mai nStreet, besde school, RRasta Peth, Punee, UPNE, h, 41101",411011,PO-411011-dc88a6,low,True
Flat No 1 Alpha Cmlpex eNar Viishrantwadi Rasta  eth PPuune pune MMhh 40111,411011,PO-411011-dc88a6,medium,True
hno 49000 BEETAS OC maket patth behnid pakr Rst aPeth Pue ne h 141101,411011,PO-411011-dc88a6,medium,True
"Plot 864, Sai Residency, Market Street, Near Bus Stop, Rasta Peth, Pune, Pune, Maharashtra, 411011",411011,PO-411011-dc88a6,clean,False
"RRomo 730,, shreeer esidenncy,, SStain Lane,, Opsoite Hosital,, RastaPeth,, uppnee,, ue,, 10411",411011,PO-411011-dc88a6,high,True
"h o09,, Sre Ennclave,, opp hospptla,, RTA EPTH,, pn,, punne",411011,PO-411011-dc88a6,high,True
Hooues 221 SHREE APARTMMETS STATION SERET oppposite hospitaal Rsata Petth PPnue Pnuue 411011,411011,PO-411011-dc88a6,medium,True
hn o472 hrSe Soc Satitoon Path Beside ra Ratsa PPet npne pn 411011,411011,PO-411011-dc88a6,high,True
Shoo p351 Alph aHeighs linkk pat BBehind Hosppital sta peth pe ne 41101,411011,PO-411011-dc88a6,medium,True
"hn  896, ea Heigths, SSttionP ath, BedieB ank, Ras Pth, PPunue, PPPPUNE, mahaarshtra, 41111",411011,PO-411011-dc88a6,high,True
"Plot 654, Beta Residency, Link Marg, Near Sasanenagar, Rasta Peth, Pune, Pune, Maharashtra, 411011",411011,PO-411011-dc88a6,clean,False
"Room 146, Sai Apartments, Link Path, Behind Hospital, Rasta Peth, Pune, Pune, Maharashtra, 411011",411011,PO-411011-dc88a6,clean,False
Shop6700 Sree Enclve r Metro tSation aRstta Peth Pune uPen,411011,PO-411011-dc88a6,medium,True
"Housee 587, Srhee Tower, Behind Bus Sto, RASTTA PETH, Pue, M, 4110011",411011,PO-411011-dc88a6,low,True
"Shoop 82, Alph Apartments, Mainn Rd, behind par, Rasta ePth, upne, ppune, Mahrashtra, 4110111",411011,PO-411011-dc88a6,low,True
"Hoouse 00,, SHREE HHIEGHT,, Maarkket  Rd,, NrWWannowarie,, Rasat Peth,, uen,, peu,, 4101",411011,PO-411011-dc88a6,high,True
"pplot 384, Beta So, Opp BBank, RastaP eth, Pue, Puen, 4111011",411011,PO-411011-dc88a6,low,True
Shop   1 sai heigts StatoinR d pposite hspital rst apeth pune Mh,411011,PO-411011-dc88a6,medium,True
hnoo50 aSi Heighst statino tsreet Nr Meetro Staton rastapethh PPunne Pe 41111011,411011,PO-411011-dc88a6,medium,True
"Flat No 15, Alpha Society, Main Lane, Opposite Hospital, Rasta Peth, Pune, Pune, Maharashtra, 411011",411011,PO-411011-dc88a6,clean,False
Shhoop 218 hSree Complexx Marke Paath nxt to shcool RRasta PPeth uune PPunee hMM 411011,411011,PO-411011-dc88a6,medium,True
"huose 907, Sai Complxe, MainR d, Beside Templ, Rasta PPeth, PPUNE, pnue, mmaharashtra, 4411011",411011,PO-411011-dc88a6,low,True
"Room 820, Shree Tower, Link Street, Beside Hospital, Rasta Peth, Pune, Pune, Maharashtra, 411011",411011,PO-411011-dc88a6,clean,False
"shop7 55, hSree Tower, mian rd, nr emple, Rastaa Peth, upne, Punne, 411011",411011,PO-411011-dc88a6,low,True
"House 334, Shre eEnclave, markte rd, NERA PARK, rasta epth, punee, UPNE, mmaharashtra, 410111",411011,PO-411011-dc88a6,low,True
oroom 9 BBeta SSociey llink arg nr punecc antt  east Rast aePPth Pue h 4101111,411011,PO-411011-dc88a6,high,True
"Shop 2, Sai Complex, Station Marg, Near Baner DSO Pune, Rasta Peth, Pune, Pune, Maharashtra, 411011",411011,PO-411011-dc88a6,clean,False
"hno 1003, beta enclaev, STATION ALNE, beside paark, RastaP eth, pun, Punne, hM, 4111011",411011,PO-411011-dc88a6,low,True
PLO 200 Btea Toer arke lane oppp chool rasta peethh uPen puenn MM 410111,411011,PO-411011-dc88a6,medium,True
"hno 701, AAlpha Enclave, markeet path, next to bbank, RastaP eth, Punne, Punne, Mahaarashtra, 141011",411011,PO-411011-dc88a6,low,True
"Flat No 392, Beta Tower, Station Lane, Next to School, Rasta Peth, Pune, Pune, Maharashtra, 411011",411011,PO-411011-dc88a6,clean,False
"Flat N o298, Shree Enclavee, opposite hsopital, RASTA PETTH, puune, uPne, h, 410111",411011,PO-411011-dc88a6,low,True
"Flat No 926, Alpha Apartments, Station Street, Beside Hospital, Rasta Peth, Pune, Pune, Maharashtra, 411011",411011,PO-411011-dc88a6,clean,False
"HNo 215, Alpha Apartments, Station Path, Behind School, Rasta Peth, Pune, Pune, Maharashtra, 411011",411011,PO-411011-dc88a6,clean,False
"hno310, Bet aResidency, Oppostie Temple, aRsta Peth, puune, Punne, aMharashtra, 411101",411011,PO-411011-dc88a6,low,True
nho 738 sree comlpex nexttto bank rsatta peth Pneu UPNNE maahrashtar 41101111,411011,PO-411011-dc88a6,medium,True
"Shopp 294, Sai Rseidency, main steret, besid bank, Rsta Peth, ppune, Pun, aharashtra",411011,PO-411011-dc88a6,low,True
"Shop 870, Shree Enclave, Market Marg, Opposite Bus Stop, Rasta Peth, Pune, Pune, Maharashtra, 411011",411011,PO-411011-dc88a6,clean,False
FlatN o 11 Alpha aHeights inLk Rd next to prk Rasta  ePth Puneee nPe 441101,411011,PO-411011-dc88a6,medium,True
FFla tNo  36-Aplha Heeigts-StaitoonR d-Bhindc hool-rasa  peth-punnn-pnee-Mahrsahtra-1011,411011,PO-411011-dc88a6,high,True
"HNo 583, Shree Complex, Main Marg, Near Temple, Rasta Peth, Pune, Pune, Maharashtra, 411011",411011,PO-411011-dc88a6,clean,False
"Flat No 182, Sai Tower, Link Marg, Opposite Park, Raviwar Peth, Pune, Pune, Maharashtra, 411002",411002,PO-411002-9ced15,clean,False
flt o n647 aalpha colex Link teet entx to scchool raviawr ptehh une PUUUN mahrashtr 411002,411002,PO-411002-9ced15,high,True
Faltt No 722 Alphaa Aprtments nextto tmple raviwa  rpeth Pue M 1411002,411002,PO-411002-9ced15,medium,True
RRoom 373 btea toweer nexxt to hspital Ravviwr Peth ne Puunee MMhh 110002,411002,PO-411002-9ced15,medium,True
"Shop 844, Shree Apartments, Market Path, Next to Bank, Raviwar Peth, Pune, Pune, Maharashtra, 411002",411002,PO-411002-9ced15,clean,False
"House 636, Alpha Society, Main Marg, Next to Hospital, Raviwar Peth, Pune, Pune, Maharashtra, 411002",411002,PO-411002-9ced15,clean,False
"HNo 554, Sai Tower, Station Lane, Next to Metro Station, Raviwar Peth, Pune, Pune, Maharashtra, 411002",411002,PO-411002-9ced15,clean,False
"Ploot 581, beta cmplex, r School, raviwaar peth, une, Pnue, 4110002",411002,PO-411002-9ced15,low,True
Houe 948 Saii Residency nrsasanneagar Rvaiiwar Peth unPe Mh 41002,411002,PO-411002-9ced15,medium,True
"oHuse  7777,, Apha Reiency,, Mrke tPathh,, Beeihnd Hosiptal,, Raiar  Peth,, nee,, n,, M,, 41000",411002,PO-411002-9ced15,high,True
"Huoe 2882, Sa iCmpelx, Link   Paath, Neaar hSool, raviwaar peth, uuen, eun, m",411002,PO-411002-9ced15,high,True
oue 996 ebta rresiedncy Lnik aLn Behin dHosppitla Ravviwaar eth PPn eun 110002,411002,PO-411002-9ced15,high,True
"Room 644, Alpha SSoc, behind us stop, rraviwar peth, pun, PNE, 4110022",411002,PO-411002-9ced15,low,True
Hous e5333 Bet aEnclve sttion  rd Bhein dBank RaviwarrP eth Punnne pen MMMh 441002,411002,PO-411002-9ced15,medium,True
hSop 9919 beeta compelx Mret Rd NEAR ADAPSRA raavwar peth PuPne PPunne hMM 1441002,411002,PO-411002-9ced15,medium,True
"Rooom 870, BETA SSOCIETY, Link  Street, nextt o hospital, Rvaiwar Peth, pne, MAHARASHRTA, 41102",411002,PO-411002-9ced15,low,True
"House 442, Beta Residency, Market Marg, Next to School, Raviwar Peth, Pune, Pune, Maharashtra, 411002",411002,PO-411002-9ced15,clean,False
om 280 eta Aparrtments Markkket Marg Behni Park Raviwar Ptehh Pune peun maharaashtr 14002,411002,PO-411002-9ced15,medium,True
Rom 025 betar esidenccy BBehind PPark Ravviwa Peth Pune ue 410022,411002,PO-411002-9ced15,medium,True
"Shop 552, Shree Tower, Link Path, Near Bus Stop, Raviwar Peth, Pune, Pune, Maharashtra, 411002",411002,PO-411002-9ced15,clean,False
hno o630 Sa Einclave ain Raod oppsite hospiital raviwar peth uPn pppune hh,411002,PO-411002-9ced15,medium,True
"ploot 174, BetaA partments, Marrket Road, Bside Bus Stop, Raviwaar Peth, Punne, Pnue, 411002",411002,PO-411002-9ced15,low,True
"ho 5155,, bea hieghtss,, MarketM g,, NNr  Sawrgate,, Raviwra Pte,, e,, Puuneee,, mahraahtra,, 40002",411002,PO-411002-9ced15,high,True
Sop 42-Sai Aaarttments-Near Baaak-RRaviwarr Peh-nPu-unn-102,411002,PO-411002-9ced15,high,True
"Flat No 98, Shree Tower, Link Path, Next to Hospital, Raviwar Peth, Pune, Pune, Maharashtra, 411002",411002,PO-411002-9ced15,clean,False
oHusee  680-Sree  oTwer-statin oarg-et to prak-avviwwar Peth-Pnnue-Puen-1002,411002,PO-411002-9ced15,high,True
"hno 9992, alpha towre, Mani Marg, ebside school, RAVIWAAR PETH, une, Pnue, MMh, 4110002",411002,PO-411002-9ced15,low,True
"hop 225, eta soc, Markt Path, nr teemple, Raviawr Peth, uPne, Punne, 411002",411002,PO-411002-9ced15,low,True
ho 66-sa socey-Behid BusSotp-RavwiarPteh-eP-eu-M-4120,411002,PO-411002-9ced15,high,True
"Flat NNo 594, Shre eTower, aMin Street, Naer Dighi Camp, Raviwa Peth, puen, Pne, Maharashtr, 4110002",411002,PO-411002-9ced15,low,True
FLAT NO 88880 Siaa Tower link ph nxt to tepmle RaviwaP eth PPUNEE PPnue 14102,411002,PO-411002-9ced15,medium,True
"room 8229, Shree Society, LINK ROADD, Behind chool, Ravwiar Peth, PPune, puune, maharashta, 4110002",411002,PO-411002-9ced15,low,True
"House 600, Alpha Complex, Link Street, Near Park, Raviwar Peth, Pune, Pune, Maharashtra, 411002",411002,PO-411002-9ced15,clean,False
"Hous 219, alpha  apartemnnts, tation maaarg, bhidn ospital, ravwira ppeth, ppue, uPPen, 4102",411002,PO-411002-9ced15,high,True
Room 8832-Shrere Enclave-StationMagg-next tobus ssotp-avriwarp eth-e-PPNUE-1100022,411002,PO-411002-9ced15,high,True
Sop 9899 Alppa Sc Sation Stereet Oposiite Parrk RRaviwwarPeth puu PPeu Maharaashtra 14012,411002,PO-411002-9ced15,high,True
SShop  900 lpha towre stato nrd BBesidee Park RRaviwr Peth punnee unne 11002,411002,PO-411002-9ced15,medium,True
hno 40 alha heigts lin ath Behihnd Metro Station Raviiwarr Peth pune un 4110,411002,PO-411002-9ced15,medium,True
Romo 35 Shr eComplex Market Rda oppositeb akn RaviwarPeht pupne puunne h 10102,411002,PO-411002-9ced15,medium,True
FFalt NNo 882-Alpha CComppex-MARKTTEE LANE-Naerr Lohoggaon-Raiwarr eth-Puun-unue-Mahhaastra-411000222,411002,PO-411002-9ced15,high,True
Huuuose 422-aSiH eigths-Maaini Rd-bhind hopsiital-Raviwr ePh-Pnue-uene-Maaharaashtrra-4110002,411002,PO-411002-9ced15,high,True
ouse 14 sai residencccy Staton Rod Bheind Hoospital raivwar  peth pnu PPuen Mhaarasthra 1100,411002,PO-411002-9ced15,medium,True
Huse284 Beta Hihgts tsaation path nearvisrantwadi S.P.  Colleege Peun maharaasthra 411000,411030,PO-411030-7005a6,medium,True
"Room 25, Sai Residency, Main Marg, Near Temple, S.P. College, Pune, Pune, Maharashtra, 411030",411030,PO-411030-7005a6,clean,False
"pllot 788, alpha toer, Marrket Path, nr  school, S.P. Colege, une",411030,PO-411030-7005a6,low,True
"HNo 101, Alpha Apartments, Main Lane, Behind Bus Stop, S.P. College, Pune, Pune, Maharashtra, 411030",411030,PO-411030-7005a6,clean,False
HHous e34-Beta R esidecny-tSatn Rd-near hoospitial-S..P College-Puun-u-MMh-144130,411030,PO-411030-7005a6,high,True
Falt Noo 854 sai aptments behind school s.p.. college peun punue 411000,411030,PO-411030-7005a6,medium,True
Plot 971 Beta Resieny linkr oa Opp Metor Stationn S.P. Colleeg uppne PNUUE 1141030,411030,PO-411030-7005a6,medium,True
"Houue 5666,, hsere eclave,, maii nrdd,, BEHNID BBUS STP,, .SP Coollege,, PPe,, nnpue",411030,PO-411030-7005a6,high,True
Houe 3365 ALPHHA APARTMENT Besdie Par s.p. collge upe h 4100,411030,PO-411030-7005a6,medium,True
hhno 72 Sai Rseiency linkorad opp bank s... college PPPune 41003,411030,PO-411030-7005a6,medium,True
"Room 928, Beta Society, Main Marg, Near Bus Stop, S.P. College, Pune, Pune, Maharashtra, 411030",411030,PO-411030-7005a6,clean,False
Sho 91 Alpha Resiidenccy OPP AK S.P. Clleg uPnne Puunne Mh 41100330,411030,PO-411030-7005a6,medium,True
"Shop 975, Beta Residency, Main Road, Beside Metro Station, S.P. College, Pune, Pune, Maharashtra, 411030",411030,PO-411030-7005a6,clean,False
"Plot  817, alpha heighhts, main rdd, neext to temple, S..P College, Pne, ppune, mmh, 4110300",411030,PO-411030-7005a6,low,True
"HNo 857, Sai Apartments, Station Road, Next to Bank, S.P. College, Pune, Pune, Maharashtra, 411030",411030,PO-411030-7005a6,clean,False
Spo 718 sai complex mai path next to scooll S.P.. Collgee Punne PPuen h 10130,411030,PO-411030-7005a6,medium,True
"shop 222, Alpha Compllex, Opposite PPark, .P. COLLEGE, Pun, une",411030,PO-411030-7005a6,low,True
"Shop 122, Sai Heights, Link Lane, Near Dhanori B.O, S.P. College, Pune, Pune, Maharashtra, 411030",411030,PO-411030-7005a6,clean,False
"HNo 520, Sai Apartments, Station Path, Opposite Bank, S.P. College, Pune, Pune, Maharashtra, 411030",411030,PO-411030-7005a6,clean,False
oom 342 Bet Apartmeents stattion  lane NNr  Park S.P.ollege PPne mhm 411000,411030,PO-411030-7005a6,medium,True
"HNO 9980, Beta Aaprtments, sation marg, Nr Tempel, S.PP. COLLEGE, Puune, PNE, 41103",411030,PO-411030-7005a6,low,True
lFaat o 45 hree Hgehts Mkre tPath rm etro statino .P. College P ppuenn Mhh 41030,411030,PO-411030-7005a6,high,True
"Room 246, Beta Tower, Station Path, Near Aundh T.S., S.P. College, Pune, Pune, Maharashtra, 411030",411030,PO-411030-7005a6,clean,False
"hn o976, Sai Toer, Main Mar, NR BHUSRI COLONY, S.P. CLOLEGE, Puen, PPune, hM, 4111030",411030,PO-411030-7005a6,low,True
"Pllto 41,, AAlph aSSoc,, staiitno street,, near bus sto,, S.P. oleg,, peeu,, Pnnne,, MMM,, 4413100",411030,PO-411030-7005a6,high,True
"flt no 3, BTEA COMPLEX, Main RRd, Beside Hospitl, S.P. Colllege, Pun, Puune, mahaarshtra, 41130",411030,PO-411030-7005a6,low,True
"Room 512, Alpha Tower, Link Street, Beside Bus Stop, S.P. College, Pune, Pune, Maharashtra, 411030",411030,PO-411030-7005a6,clean,False
"Room 119, Shree Apartments, Link Marg, Opposite Temple, S.P. College, Pune, Pune, Maharashtra, 411030",411030,PO-411030-7005a6,clean,False
"Roomm 128, beta toower, ilnk path, near metro staton, .P. College, Pue, punne, Mharashtra, 141030",411030,PO-411030-7005a6,low,True
"Room 363, Alpha Apartments, Link Street, Opposite School, S.P. College, Pune, Pune, Maharashtra, 411030",411030,PO-411030-7005a6,clean,False
"room 88,, sai soooiety,, Mareet d,, nextt to hoosptial,, S.P. Cooolllege,, eun,, 141030",411030,PO-411030-7005a6,high,True
"rooom 497,, Shreee HHeightts,, Oppp eTmle,, S.P. CCollege,, punn,, uP,, 44110",411030,PO-411030-7005a6,high,True
"LPOT 409, Beta Soceity, Sttion Road, behind temle, s.p. colleeg, Puune, punee, h, 4110330",411030,PO-411030-7005a6,low,True
"Room 708, Shree Enclave, Link Path, Next to Temple, S.P. College, Pune, Pune, Maharashtra, 411030",411030,PO-411030-7005a6,clean,False
flatn o 3390 Ahpa Residency markkt path OOpopsite Temple .SP. College PPnue Maharashtta 411030,411030,PO-411030-7005a6,medium,True
"Plot 182, Shree Complex, Station Marg, Next to Metro Station, S.P. College, Pune, Pune, Maharashtra, 411030",411030,PO-411030-7005a6,clean,False
Houees 807 Shre Coomplex lik laen NEXTTO PAKR S.P. College ppuune pn Mh 44110030,411030,PO-411030-7005a6,medium,True
"hno  656, Shree eisency, Link aPth, Nr MeMetro Station, .P. Colllgee, ueen, PPnuee, hmaarsahtra, 411300",411030,PO-411030-7005a6,high,True
"Room 497, Beta Tower, Market Road, Behind School, S.P. College, Pune, Pune, Maharashtra, 411030",411030,PO-411030-7005a6,clean,False
"hno 124, shree complexx, behind hospitla, s.p. collee, une, PUEN, M, 4111030",411030,PO-411030-7005a6,low,True
"oom 1337, ai heiigts, Behind Hoosspital, .P. Clelge, upun, maahrsahtra, 11410030",411030,PO-411030-7005a6,high,True
"Room 783, BET COMPLEX, aMrket Lane, NEXT TO MMETRO STATION, S.P. College, pne, Puune, mahaashtra, 41030",411030,PO-411030-7005a6,low,True
hnn o54-SHRREE COPMLXE-MMaainRd-Behind Metro StSatino-.SSS.C.Exam Bard-eun-uPne-HH-1410005,411005,PO-411005-a8bba9,high,True
hhno718-Shree  Comlex-bheind templel-S.S..CEXAM BAORDD-Pune-nu-Mahaarashta-140105,411005,PO-411005-a8bba9,high,True
"Pllot 314, Si Heights, Near Shivaji Housng Soc, s.s..cexam board, Puune, punee, Mhh, 11005",411005,PO-411005-a8bba9,low,True
"Roo 738, aSi Enclave, nnr hospital, S.S.C.Exam Boar, une, pnue, mhh, 4111005",411005,PO-411005-a8bba9,low,True
"Shop 42, Alpha Residency, Main Road, Next to Park, S.S.C.Exam Board, Pune, Pune, Maharashtra, 411005",411005,PO-411005-a8bba9,clean,False
hoeus 987 laha sc beid etepmle SS...CExamBoard puunn uPee Mhh 140005,411005,PO-411005-a8bba9,high,True
Hous 347 Sai Apartments staton marg ppoosite Hospital s.s.c.examboar Pue Punnee Maharshttra 44111005,411005,PO-411005-a8bba9,medium,True
"Flat No 983, Sai Residency, Market Marg, Near Ambegaon Bk DSO, S.S.C.Exam Board, Pune, Pune, Maharashtra, 411005",411005,PO-411005-a8bba9,clean,False
"oHuse 555, Beta Compex, Link Marrg, next tto hospital, S.S.C.Exaam Board, Puune, pne, maharashtr",411005,PO-411005-a8bba9,low,True
"RRoom 657, Sai Compplex, link mmarg, Opp Tempel, S.S.C.Exam oBard, upne, punee, H, 4110055",411005,PO-411005-a8bba9,low,True
"Room 18, Sai EEnclave, STATION STRETE, Oposite Park, .S.C.Exam Board, Pun, hM, 41005",411005,PO-411005-a8bba9,low,True
House 1190 Sai Enllave Main ne Beside Metroo Staion S.S.C.xam Board PPnue ue M 441105,411005,PO-411005-a8bba9,medium,True
"Room 247, Beta Society, Main Street, Behind Bank, S.S.C.Exam Board, Pune, Pune, Maharashtra, 411005",411005,PO-411005-a8bba9,clean,False
oHuse 3799 shre eresidnecy mian  rd Near Bakk S.S.C.Exam oar pune Pen h 41110005,411005,PO-411005-a8bba9,medium,True
"Flat No 614, Alpha Apartments, Market Lane, Behind Metro Station, S.S.C.Exam Board, Pune, Pune, Maharashtra, 411005",411005,PO-411005-a8bba9,clean,False
"HNo 663, Shree Tower, Market Path, Near Temple, S.S.C.Exam Board, Pune, Pune, Maharashtra, 411005",411005,PO-411005-a8bba9,clean,False
"House 988, Beta Enclave, Market Lane, Behind Park, S.S.C.Exam Board, Pune, Pune, Maharashtra, 411005",411005,PO-411005-a8bba9,clean,False
ouse 887 SSSai Soc Main Srtee nextt o bbus stop S.S.C.Exam Bardd Puneee Puneee hMh 1410005,411005,PO-411005-a8bba9,medium,True
"hhosue 93,, shee complpex,, Opp Metr oStaino,, .SS.C.Exam BBoard,, puue,, uPn,, 41005",411005,PO-411005-a8bba9,high,True
"Flat No 789, Alpha Apartments, Main Marg, Opposite School, S.S.C.Exam Board, Pune, Pune, Maharashtra, 411005",411005,PO-411005-a8bba9,clean,False
SShop 29 bet atwoer Link Lanne Beihnd Bu Stop S.S.C.EXAM AORD uPPne ppunee 41015,411005,PO-411005-a8bba9,medium,True
"HNo 348, Beta Heights, Link Street, Next to Bus Stop, S.S.C.Exam Board, Pune, Pune, Maharashtra, 411005",411005,PO-411005-a8bba9,clean,False
"ho 6552,, Shreeee Heeights,, Mainn Mg,, ehindd bus  stop,, s..c.eaxm boad,, PPnuue,, epun,, 14110005",411005,PO-411005-a8bba9,high,True
"Shop 430, Shree Enclave, Main Street, Next to Metro Station, S.S.C.Exam Board, Pune, Pune, Maharashtra, 411005",411005,PO-411005-a8bba9,clean,False
hhno 457 Shree Comlplex Statio nMMarg Besidee ospital s.sc.exam bard upn pun 410005,411005,PO-411005-a8bba9,medium,True
"plo 8t1, BetaS  co, mainppaath, nxxett o bank, S.S.C.Exaam Baorrd, PPnee, 41155",411005,PO-411005-a8bba9,high,True
noh 142 SHREE SOCITEEY link mmargg pposit park S..SC.Exa Board PPnue ppunne Maharassshtra 41110005,411005,PO-411005-a8bba9,medium,True
"Flat No402, Beta Twoer, iLnk Marg, nr bus sstop, S.S.C.xam Board, uPne, pnue, Maharsahtra, 4110005",411005,PO-411005-a8bba9,low,True
"Shop 440, Sai Heights, Market Lane, Near Metro Station, S.S.C.Exam Board, Pune, Pune, Maharashtra, 411005",411005,PO-411005-a8bba9,clean,False
"House 365, Sai Tower, Link Road, Behind Temple, S.S.C.Exam Board, Pune, Pune, Maharashtra, 411005",411005,PO-411005-a8bba9,clean,False
ohp732 BETTAAPARTMMENTS maaainrd oppositte cool s.ss.c.examb oard np unp aMharsahra 4111005,411005,PO-411005-a8bba9,high,True
Room3 009 AI SO Market Streee N rHosiptal S.S.C.Exam Board Pnne un 14105,411005,PO-411005-a8bba9,medium,True
"FLAT NO 4422, Shree Aparments, stationr d, NEXT TO HOSPTAL, S.S.C..Exam Board, pun, punee, Maharashta, 4110055",411005,PO-411005-a8bba9,low,True
Roo m9334 si tower Stationn Pat next t omero station SS.S.C.Exam Boarrd pe Maharshrta 410055,411005,PO-411005-a8bba9,medium,True
hno 8 eBat Tower Statoin dR Behid Hoospital s.s.c.xma board une maharashhta 141050,411005,PO-411005-a8bba9,medium,True
"hno  67, Sa iTower, statino road, beside schoool, S.S.C.Exam Baord, Pne, PPUNE, m, 411005",411005,PO-411005-a8bba9,low,True
"shop 522, SHREE HEIIGHTS, StationRoad, NEAR  TEMPLE, S.S.C.Exam Bard, Punne, PPune, Mhh, 411050",411005,PO-411005-a8bba9,low,True
"room 107, BBeta Residency, Market Streett, behind bus stpo, s.s.c.examb oard, Pne, PPune, aMharashtra, 41005",411005,PO-411005-a8bba9,low,True
"huose 738, Shreee Enclave, Station Srteet, Op pHospital, S.S.C.xam Board, Punne, Punne, mmh, 411050",411005,PO-411005-a8bba9,low,True
"Shop 9901, Bet Heights, behind cshool, S.S.C.EXAM  BOARD, pnue, une, MMh, 11005",411005,PO-411005-a8bba9,low,True
Shop  19 beta reisdeny Market aMr next to bs stop S.S..C.Exam Boaard Punnne Maharshrta 11005,411005,PO-411005-a8bba9,medium,True
hno  77 Bae Residency ARKETL ANE next o pakr S.S.C.Exxam Boar ppuen Mahashtra 1410005,411005,PO-411005-a8bba9,medium,True
"ohp 884,, Sai oCmpplx,, aket arg,, NEXT   OHOSPITAL,, Sachair Streeet,, UEPN,, uPnue,, Maaahstra,, 1011",411001,PO-411001-c4bde7,high,True
ouse281 saai hieghts Mraket RRd bessde metro station achapir streeet puunee uPnee mhaarashtr 411010,411001,PO-411001-c4bde7,medium,True
Plot 42 shree sc Liiink Street OppM etro Sation Sahcapir Streett Peu Pnu mahraashtar 1001,411001,PO-411001-c4bde7,medium,True
pllot 46 Sa Compleex ain Roda Nr Bus Sp Sachapir Streee upnne Pnnue h 411010,411001,PO-411001-c4bde7,medium,True
"House 654, Shree Residency, Station Path, Near Metro Station, Sachapir Street, Pune, Pune, Maharashtra, 411001",411001,PO-411001-c4bde7,clean,False
"hno  624, Shre Society, Beside Hosptial, sahapir street, ppune, mmaharashtra, 411001",411001,PO-411001-c4bde7,low,True
Ploot483 shee ocmplex bbehind temlpe sachapri sttreet PPPune h,411001,PO-411001-c4bde7,medium,True
"Shop 53, Sai Ressidency, Mian Street, Ner Park, Sachapir Strreet, Puune, 41101",411001,PO-411001-c4bde7,low,True
Room9 866 Sia Twoer mainl anee Opp Shcolo aSchhapir Street Pnne Pun M,411001,PO-411001-c4bde7,medium,True
"PPolot 496, SHREESSOCCIETY, MMinStreet, Behhind Bank, Sachhapir Sttreett, Puune, nnue, h, 41011",411001,PO-411001-c4bde7,high,True
"Plot2 5, bbeta enclave, behind bus  stop, Saachapir Street, Punee, Punee, Maharrashtra, 41001",411001,PO-411001-c4bde7,low,True
"Shop 184, Sai Heights, Station Road, Next to Metro Station, Sachapir Street, Pune, Pune, Maharashtra, 411001",411001,PO-411001-c4bde7,clean,False
"nho 189, Shree  Enclave, Markt Marg, next to prk, Sachaipr Street, Pne, pne, MMh, 141001",411001,PO-411001-c4bde7,low,True
"ploot 272, ALPHA OTWER, Sation Rd, OPPSOITE METRO STATION, Sachappir Street, Puen, Punee, maharashrta, 4110001",411001,PO-411001-c4bde7,low,True
Hoous e8 alpha soc Marke Pah NEXT TO SCHOOOOL Sacchapir Stret pen Puuen Mh 41001,411001,PO-411001-c4bde7,medium,True
"ploot 632, sia enclave, MAI NLANE, OPPPOSITE HOSPITAL, Sachapir treet, une, Pun, MAHARASHHTRA, 41101",411001,PO-411001-c4bde7,low,True
Poot953-AlApha Societyy-Beside Tmlpee-Sachair Strte-PuPnee-PPPUN-Mhaarahta,411001,PO-411001-c4bde7,high,True
hon 61 Sai mCoplex Station PPath neaarschool Sachhapri Street ppuune Puue aharastra 44111001,411001,PO-411001-c4bde7,medium,True
"House 549, Sa iComplex, TSATION LANE, next to metro statoin, sacapir street, Pue, pue, m, 4111001",411001,PO-411001-c4bde7,low,True
"Plot 783, Shree Enclave, Station Street, Beside Metro Station, Sachapir Street, Pune, Pune, Maharashtra, 411001",411001,PO-411001-c4bde7,clean,False
"Roomm 26, hSree Society, Staion Lane, Nr Ammunitio nFactory Khadki, sacchapir street, uPne, PPune, aMharashtra, 411010",411001,PO-411001-c4bde7,low,True
hno  91 Sai Enclve ain R Behidn Schooll Sachapi rSttreet PPuen MH 411001,411001,PO-411001-c4bde7,medium,True
"Flat No 934, Alpha Heights, Station Road, Beside Temple, Sachapir Street, Pune, Pune, Maharashtra, 411001",411001,PO-411001-c4bde7,clean,False
SSho7p 62 Aplha Cpmlex Nr Shcool Saacpair Street PPne PPuun MMM 411101,411001,PO-411001-c4bde7,high,True
Plott 7763 Sai Reeesidency MAREKT PAHT Oppposite Metro Statin Sachapir  Street Pen maharsahra 41100001,411001,PO-411001-c4bde7,medium,True
"hsue 76,, AAAlppha Complex,, MianS tree,, Near BusS top,, Schahpir Street,, uPne,, Puunee,, hh,, 14010",411001,PO-411001-c4bde7,high,True
Houseee 165 Sia Cmoplex Nr Metrro Statioon SACAHPIR STREEET PPune Pne 41001,411001,PO-411001-c4bde7,medium,True
"Plot 580, Alpha Complex, Station Lane, Opposite Metro Station, Sachapir Street, Pune, Pune, Maharashtra, 411001",411001,PO-411001-c4bde7,clean,False
"Shop 86, Shree Society, Station Marg, Near Ganeshkhind, Sachapir Street, Pune, Pune, Maharashtra, 411001",411001,PO-411001-c4bde7,clean,False
"Fla No 583, alpha heghts, Besid eTemple, Sacahpir Street, uPne, une, Maharashtrra",411001,PO-411001-c4bde7,low,True
"rom 662, Sai Compllex, Beisde Bank, Sachapir Steret, Puune, PPUNE, M",411001,PO-411001-c4bde7,low,True
"hon 192, allpha heights, STATIION MARG, next to metro stattion, saachapir street, uPne, uPne, 41100",411001,PO-411001-c4bde7,low,True
"Flat No 141, Beat Society, StationR oad, NEAR VIMA NNGR, Sachapir Street, Pun, uPne, MAARASHTRA, 411001",411001,PO-411001-c4bde7,low,True
oom  94 Allpha esidency Oppp Paark sahaapir street PPuen pune aMharashtraa 410011,411001,PO-411001-c4bde7,medium,True
"Room 8200, Saai Heights, sttaion street, Oppositte Temple, Sachapi rStreet, Puen, une, 4110011",411001,PO-411001-c4bde7,low,True
Houe12 Saai oS Opp soital SACAPRI STRREET Pn Punneee maharstra 444111001,411001,PO-411001-c4bde7,high,True
"Shop 3122, Beat Enclave, Main arg, beihnd bank, sachapir sttreet, puen, PUNNE, M, 41001",411001,PO-411001-c4bde7,low,True
"Flat No 352, Shree Heights, Market Road, Near Bus Stop, Sachapir Street, Pune, Pune, Maharashtra, 411001",411001,PO-411001-c4bde7,clean,False
"hno 4449, beta toower, Opp Metro Statiion, Sacahpir Street, Pnue, Pue, 411010",411001,PO-411001-c4bde7,low,True
"Plot 8995, Sa Residency, besside bank, sachapir strete, pne, Pne",411001,PO-411001-c4bde7,low,True
Faltt No 50 beea soc Stattion Rod beside metro statoiin Sahcapir tSreet upnne pe 1001,411001,PO-411001-c4bde7,medium,True
"Rom 996, Apha Enclave, Beside Schoool, SSACHAPIR STREET, Pnue, Puen, MMh, 41100",411001,PO-411001-c4bde7,low,True
"HNo 341, Shree Heights, Link Marg, Beside Hospital, Sadashiv Peth, Pune, Pune, Maharashtra, 411030",411030,PO-411030-b6855f,clean,False
"Flat No 34, Shree Enclave, Station Path, Opposite Park, Sadashiv Peth, Pune, Pune, Maharashtra, 411030",411030,PO-411030-b6855f,clean,False
"Plot 4445, alpha coplex, Nr Bakn, Sdashiv Peth, Pnue, Pue",411030,PO-411030-b6855f,low,True
"House896, sree society, Market  Marg, Opposite Bus Sotp, Saadashiv Peth, Pue, pne, 411003",411030,PO-411030-b6855f,low,True
"hno 54, Sai Toer, Near Pashane B..O, SadashivP eth, pnue, Pne, 4111030",411030,PO-411030-b6855f,low,True
"House 058, shree residecny, staation street, Behind Hosspital, Sadashiv Petth, Pue, Puen, Maharashtrra",411030,PO-411030-b6855f,low,True
"Room 276, lpha enclave, Linkk Marg, beide hospital, Sadasihv Peth, pne, mhh, 141030",411030,PO-411030-b6855f,low,True
Sho 79 Alphaa Encclave ilnk arg Bseide Metro Statio aSdashvi Peth pneu unPe MAHAAASHTRA 11300,411030,PO-411030-b6855f,medium,True
"hno 074, alpha  complex, NrPark, Sadahiv Peth, une, Pnue, MMh, 41030",411030,PO-411030-b6855f,low,True
Shpo  952 SaTi owe arte Lane et too temple saadshi pet Puen puneeee M 411030,411030,PO-411030-b6855f,high,True
"Flat No 363, Shree Complex, Link Marg, Near Metro Station, Sadashiv Peth, Pune, Pune, Maharashtra, 411030",411030,PO-411030-b6855f,clean,False
"hop 388, shee tower, marketmarg, beside temle, sdashiv peth, Pnue, Puune, mahaashtra",411030,PO-411030-b6855f,low,True
lPott 915 SHRE EENCLAAVE Staatoin Path Ner Hosspital saadashiv petth PPuune unne M 4110300,411030,PO-411030-b6855f,medium,True
"Shop 88, Sai Society, Link Street, Next to School, Sadashiv Peth, Pune, Pune, Maharashtra, 411030",411030,PO-411030-b6855f,clean,False
sop  130 BBeta nEclave Beside PPaark Sadsahiv  Peth Pn PUUNNE h 4110030,411030,PO-411030-b6855f,medium,True
no 11115-APLLH AENCLAVE-enxt to  schoo-saddashiv  eth-P-Pun-4110,411030,PO-411030-b6855f,high,True
"no4 54, aSi eiHghts, ManiP th, ENAR HOSPTILA, SadsahivP ethh, nee, hm, 1013",411030,PO-411030-b6855f,high,True
RRoo m shreee ressiddency Minn Steet nextt o tepmlle daashi vPeth upnn un mahraaahtra 44111030,411030,PO-411030-b6855f,high,True
room  17 ssai residnecy iLnk Mar riaf station Saadashiv Pteh pune PPNE 441030,411030,PO-411030-b6855f,medium,True
"hous e4588, allhpa  soc, Markeet Pt, n teemple, Sadshai vPeth, unPee, uee, 44103",411030,PO-411030-b6855f,high,True
"fla no 58, sai complxe, iLnk Rd, nextt o hospital, Sadashiv Pteh, Punee, Pnue, maharsahtra, 411300",411030,PO-411030-b6855f,low,True
"Room 236, Beta Heights, Market Road, Beside Hospital, Sadashiv Peth, Pune, Pune, Maharashtra, 411030",411030,PO-411030-b6855f,clean,False
"Flat No 153, Shree Tower, Link Lane, Near Range Hills, Sadashiv Peth, Pune, Pune, Maharashtra, 411030",411030,PO-411030-b6855f,clean,False
"Plot 94, Shree  Enclave, mainn street, ehind park, Sadashiv Pet, Punee, puen, maharasthra, 4111030",411030,PO-411030-b6855f,low,True
Roo 393 Alph aApatments tSation Mar besidee schhool Saadashiv Peth upe punue maarastra 411030,411030,PO-411030-b6855f,medium,True
"HNo 497, Shree Enclave, Station Marg, Beside Hospital, Sadashiv Peth, Pune, Pune, Maharashtra, 411030",411030,PO-411030-b6855f,clean,False
"Plot 765, Alpha Enclave, Station Street, Opposite Metro Station, Sadashiv Peth, Pune, Pune, Maharashtra, 411030",411030,PO-411030-b6855f,clean,False
h 755 sree nclave statio roaad neext to metro statino adashv Peth Puee,411030,PO-411030-b6855f,medium,True
"flat n 613, Shree RResidency, link ptah, ext to park, SSadashiv Peth, pnue, Pnue, 4110300",411030,PO-411030-b6855f,low,True
"HNo 296, Shree Enclave, Station Street, Near Mundhva B.O, Sadashiv Peth, Pune, Pune, Maharashtra, 411030",411030,PO-411030-b6855f,clean,False
housse 550 Sai SSociey linkm arrg Op pBak SadashivPeht PPnue unne Maharashrt 111030,411030,PO-411030-b6855f,medium,True
"hnoo 327, Sai Encllave, Opp Metor Station, sadashhiv peth, uPne, Pne, mmh, 41103",411030,PO-411030-b6855f,low,True
"ohuse 277, Sai Reidency, mrket path, nr schhool, sadshiv peth, puen, Punne, 411003",411030,PO-411030-b6855f,low,True
house311 lAp hHeights ink anne O ppBan Sadasiv Pehh pne uue amharsahtar 100,411030,PO-411030-b6855f,high,True
"lo2t 95, Alpha AAprmtents, Market aaod, Nr  Metro Sttation, saadashi epth, un, une, ahaasthra, 4110300",411030,PO-411030-b6855f,high,True
flat no 188 Shree  oc MARKEET SREET Opp MMeto Station sadashiv peethh Pune nue 1410330,411030,PO-411030-b6855f,medium,True
hno623 Saii  Residency aMrket Laen Nrr A.. Shala saddashv peth Pune npe Mahaashtrra 4113000,411030,PO-411030-b6855f,medium,True
"oRom 320, sai reesidency, Station PPath, r Solu B.O, sadashiv peeth, UPNE, Puen, Mhh, 4110300",411030,PO-411030-b6855f,low,True
Plott  980 lphaE nclave innk Rd O Temple SadashivP eht Puee Pune Mh 41103,411030,PO-411030-b6855f,medium,True
"hno 9688, sai apartemnts, SSTATION STREET, nextt to metro station, Saashiv Peth, Puen, Puen, h, 410130",411030,PO-411030-b6855f,low,True
hon 77 SaiAaprtments MMarketL ane Behind Bust Sop adashiv PPeth Pune Peun 4100,411030,PO-411030-b6855f,medium,True
SSho 587 BetaHeigts statio mrg Beehind Pakr Sadahiv ePth puunee pnnue Mharashttra 41103300,411030,PO-411030-b6855f,medium,True
oeu 79 Shree Enlce Market Stret OPP BBNAK Saalisury Pak UPNNE PPu Mahaarsashtra 413007,411037,PO-411037-e529b5,high,True
Shhop381 Shrree Societyy Sattioon Path Nar Paark aslisburry park unne ue Mh 41317,411037,PO-411037-e529b5,medium,True
"Shop 990, Beta Tower, Station Road, Near Park, Salisbury Park, Pune, Pune, Maharashtra, 411037",411037,PO-411037-e529b5,clean,False
shop 579-BetaS   oc-oppc hool-alissburyPark-Pne-PPnee-MMaahrsahtra,411037,PO-411037-e529b5,high,True
"Flat No 620, Sai Complex, Market Marg, Behind Hospital, Salisbury Park, Pune, Pune, Maharashtra, 411037",411037,PO-411037-e529b5,clean,False
"Fltta Noo 39,, eebta oc,, iLnk  Ptah,, Nr  aVdgaon Budurk,, Salisbury  arPk,, puuneee,, uppne,, Maarashhra,, 1411307",411037,PO-411037-e529b5,high,True
"Room 856, Alpha Apartments, Link Lane, Near Lohogaon, Salisbury Park, Pune, Pune, Maharashtra, 411037",411037,PO-411037-e529b5,clean,False
"Flat No 417, Shree Enclave, Station Street, Near Shivajinagar, Salisbury Park, Pune, Pune, Maharashtra, 411037",411037,PO-411037-e529b5,clean,False
"Flat No 1990, SHREEE APARTMENTS, Besdie Bank, salisbur park, punne, hm, 4111037",411037,PO-411037-e529b5,low,True
"Flat No 15, Shree Enclave, Main Marg, Near Dighi Camp, Salisbury Park, Pune, Pune, Maharashtra, 411037",411037,PO-411037-e529b5,clean,False
"Plot 152, Alpha Heights, Link Marg, Beside Bank, Salisbury Park, Pune, Pune, Maharashtra, 411037",411037,PO-411037-e529b5,clean,False
ploo t5444 betaa hiehgts aMin Marg next to emppel Sailsbyu Park p Punee 4110137,411037,PO-411037-e529b5,high,True
"House 682, Alpha Complex, Link Marg, Next to Bus Stop, Salisbury Park, Pune, Pune, Maharashtra, 411037",411037,PO-411037-e529b5,clean,False
"Flat No 56, Beta Tower, Main Marg, Beside Hospital, Salisbury Park, Pune, Pune, Maharashtra, 411037",411037,PO-411037-e529b5,clean,False
ooRm 802 SHREE ENLCVAE Market Sterett BBehind Prak Salisbu rPark uPnne uPe Mhhh 41137,411037,PO-411037-e529b5,medium,True
lFat Noo 536 betta societ ARKET LAANE nxett o park allisbury park Puun nue hh 411037,411037,PO-411037-e529b5,medium,True
"lfat no 366, Alpha Sc, Market Laen, nrpark, SalisburyPark, pue, Pue, 141037",411037,PO-411037-e529b5,low,True
flat no 43344 Sai Resisdency markket ath enxt to bus sstop Slisbury Par Punnee uPn hMM 4111073,411037,PO-411037-e529b5,medium,True
"Room 161, Shree Tower, Station Road, Near Park, Salisbury Park, Pune, Pune, Maharashtra, 411037",411037,PO-411037-e529b5,clean,False
"plot 33, Sai Apartmeents, link lne, Near Hospial, salisbury aprk, uPne, Pue, M, 411037",411037,PO-411037-e529b5,low,True
"lPot 158, Sa Residency, tSation Lane, Behind Prk, SALISBUR PARK, pne, Pnue, MMh, 141037",411037,PO-411037-e529b5,low,True
"hSop 363, Alpha Reisdency, Lnk Path, Behind Ban, Salissbury Park, pnue, uPne, MMh, 4111037",411037,PO-411037-e529b5,low,True
"House 52, Alpha Hieghts, Nr Mtero Station, salisburyp ark, pnue, PPune, M, 11037",411037,PO-411037-e529b5,low,True
Flat oN1 02 SShree Heigths Oppoite Bus Sto SSALISBRY PARK NUE Peu M 1037,411037,PO-411037-e529b5,medium,True
"sop7885,, bbeta heigh,, Beside aBnk,, Saisbyr Park,, uuen,, une,, 11107",411037,PO-411037-e529b5,high,True
"Plt 415, eBta Heights, sttion street, oopp temple, salibsury park, ppune, hm, 11037",411037,PO-411037-e529b5,low,True
"Shop 406, Sai Complex, Market Street, Beside Temple, Salisbury Park, Pune, Pune, Maharashtra, 411037",411037,PO-411037-e529b5,clean,False
"HNo 9, Beta Society, Station Road, Behind Hospital, Salisbury Park, Pune, Pune, Maharashtra, 411037",411037,PO-411037-e529b5,clean,False
"oHuose 216, sai aaprtents, maain stert, OppostieT emle, Slaisburry Pakr, pu, Pne, Mahaarashra",411037,PO-411037-e529b5,high,True
Plot 1343 eBtaS ociety ain aLne Behin dPrk Salisubry aPrk pen Pne 4107,411037,PO-411037-e529b5,medium,True
"shop 8845, Sai Enclaave, Main Sreet, eBside Park, SalisburyP ark, Puen, Punee",411037,PO-411037-e529b5,low,True
"HNo 669, Alpha Residency, Market Marg, Beside Temple, Salisbury Park, Pune, Pune, Maharashtra, 411037",411037,PO-411037-e529b5,clean,False
sohp 240 SA IRSIDENCY Markett  Lane Besied Schol aSlisbury Par unne Puunne 41110377,411037,PO-411037-e529b5,medium,True
"House 507, Sai Apartments, Link Path, Near Bus Stop, Salisbury Park, Pune, Pune, Maharashtra, 411037",411037,PO-411037-e529b5,clean,False
"HNO  62255, alpha ompleeex, Mrrket Paht, nearh ospital, Salisry Paark, Pnuuee, e, 410307",411037,PO-411037-e529b5,high,True
"hn546,, sai apaartments,, StttaionLane,, Behindd Tmmple,, aSlisby Park,, Puuneee,, ppnuee,, aMhrashtra,, 41103",411037,PO-411037-e529b5,high,True
sh 970 Alphaa Heiights nk Street BESIDDE TEMPLEE salisbury park Puene upen MMaharasthra 11073,411037,PO-411037-e529b5,medium,True
oHuse  848 Shre Enclavee ink Pah Near Hsoiptal salisbuury parkk Puunne Maahharashtra 14107,411037,PO-411037-e529b5,medium,True
"House 462, Alpha Complex, Market Lane, Near Park, Salisbury Park, Pune, Pune, Maharashtra, 411037",411037,PO-411037-e529b5,clean,False
"Shop 997, Alpha Heights, Station Street, Beside Park, Salisbury Park, Pune, Pune, Maharashtra, 411037",411037,PO-411037-e529b5,clean,False
Flatt No  113 SheeS oc STAATION PTH ppOposite Hospital SalsburyP ark PPne PUUN Maharashhttra 4113077,411037,PO-411037-e529b5,medium,True
Plo t99433-alpha asco-Sttation LLLane-behind pele-SlisburyP ak-Punue-Punee-hM-114073,411037,PO-411037-e529b5,high,True
"Flta No 222, saai neclve, li npaath, Nr eMetro Sation, Saangnrun, e, M, 44121115",412115,PO-412115-eb7b77,high,True
"hno 3922, SShree Residency, Main  Lane, Opp cShool, sanngrun, pne, Punne, Maharahstra",412115,PO-412115-eb7b77,low,True
LPO 943 SAITTOWWER Sttaion Streeeet Opopsite Hspial Sangnuu UPNE PPune ahhharashtra 41125,412115,PO-412115-eb7b77,high,True
"Room 629, Alpha Heights, Station Path, Beside Park, Sangrun, Pune, Pune, Maharashtra, 412115",412115,PO-412115-eb7b77,clean,False
"House 633, Shree Apartments, Main Street, Beside Hospital, Sangrun, Pune, Pune, Maharashtra, 412115",412115,PO-412115-eb7b77,clean,False
"Room 425, Alpha Complex, Link Marg, Near Sachapir Street, Sangrun, Pune, Pune, Maharashtra, 412115",412115,PO-412115-eb7b77,clean,False
"flatn oo 986, BBeta Heighttss, LinkMaarg, net tohospiital, sannrugn, pneeu, nPee, h, 1421115",412115,PO-412115-eb7b77,high,True
Fla tNo901 ia Tower stati street NEXT TO BSU STTOP aSnngrun PPue Pn Mhhh 41215,412115,PO-412115-eb7b77,medium,True
"House 557, Shree Society, Market Path, Behind Park, Sangrun, Pune, Pune, Maharashtra, 412115",412115,PO-412115-eb7b77,clean,False
"Flat No 717, Shree Apartments, Main Road, Opposite Bus Stop, Sangrun, Pune, Pune, Maharashtra, 412115",412115,PO-412115-eb7b77,clean,False
Sho5p 6 betaaa soceity Linn  Lane next to pele Saanurn UNE Pnee 41121155,412115,PO-412115-eb7b77,high,True
hno  11229 BBetaE nclav marker td ea rrbus stop saggnrun uune Pee mm 41211,412115,PO-412115-eb7b77,high,True
"shop 8861, shree society, LinkM arg, Behnid School, Sangrrun, Puune, Pnue, hM, 4121115",412115,PO-412115-eb7b77,low,True
"hho 15,, alpa enclalve,, market paath,, nn hosital,, SANRNGUN,, Punnn,, PPuune,, hmmarashtra,, 44121155",412115,PO-412115-eb7b77,high,True
"Room 379, Shree Residency, Main Street, Beside Bus Stop, Sangrun, Pune, Pune, Maharashtra, 412115",412115,PO-412115-eb7b77,clean,False
"Huse 46, shreee enclave, Station Sreet, Nea rSchool, Sangun, Punne, Pun, 41115",412115,PO-412115-eb7b77,low,True
Pllot 147-BETARSIDNECY-OOpp Prka-Sngrun-Puen-une-hM-41151,412115,PO-412115-eb7b77,high,True
"ho 035, Alphan Eclve, Lnk Mrrag, OpP arkk, Sanug, Puuen, penn, Maaarstra, 112151",412115,PO-412115-eb7b77,high,True
"HNo 214, Shree Apartments, Main Marg, Behind Temple, Sangrun, Pune, Pune, Maharashtra, 412115",412115,PO-412115-eb7b77,clean,False
"hno 399, shree apartmmensts, Near eMtor tSation, SSagnrnu, Pnuu, Pueu, 41112115",412115,PO-412115-eb7b77,high,True
Roommm 649 bbet apartments Statiino Marg Op  Hospital saangruun ppuen ue MAHRAASHTTRA 4122151,412115,PO-412115-eb7b77,medium,True
"HNo 917, Beta Society, Main Lane, Near School, Sangrun, Pune, Pune, Maharashtra, 412115",412115,PO-412115-eb7b77,clean,False
hop 91 SHREEEE TOWER Man Stret netx to merto station SSanggrun Punn Puunne MM 421115,412115,PO-412115-eb7b77,medium,True
"Room89,, Sai Heihtt,, link  streeett,, OppositeH oosiptal,, angnu,, punnnne,, M",412115,PO-412115-eb7b77,high,True
Plo t999 shree elcave LinL ane Beihnd Hospial aSngrunn Puun ppuen 4112151,412115,PO-412115-eb7b77,medium,True
House28-Alpah Apartments-MAIIN PAATHH-neeaar bannk-Sangun-p-uuPen-HH-41151,412115,PO-412115-eb7b77,high,True
"Shop 435, Sai Apartments, Main Road, Next to School, Sangrun, Pune, Pune, Maharashtra, 412115",412115,PO-412115-eb7b77,clean,False
"shop308, Alph Soc, MainR oad, rN Bus Stop, Saangrun, Pne, mhh, 4412115",412115,PO-412115-eb7b77,low,True
"Flat No 760, Shree Tower, Station Street, Opposite School, Sangrun, Pune, Pune, Maharashtra, 412115",412115,PO-412115-eb7b77,clean,False
lto 76 Bet aToower Statio nnMarg Behind Hosital nagrun puenn punue Mahaarashtr 142115,412115,PO-412115-eb7b77,medium,True
Hoose 257 ASI EIGHTS Beisde Hosspital sngrn pne uen Mh 442115,412115,PO-412115-eb7b77,medium,True
"Room 32, Alpha Society, Link Road, Beside Bus Stop, Sangrun, Pune, Pune, Maharashtra, 412115",412115,PO-412115-eb7b77,clean,False
nho 595 Beta Enclave Maani Lane bbeside metro staation angun PUNE puune Mh 41211555,412115,PO-412115-eb7b77,medium,True
"Plt 405, Alphha Complex, Behind oHspital, Sanngrun, ppune",412115,PO-412115-eb7b77,low,True
"Room 929, Sai Apartments, Main Path, Behind Hospital, Sangrun, Pune, Pune, Maharashtra, 412115",412115,PO-412115-eb7b77,clean,False
"Fat No 734, Alpha Sciety, main ane, opp prak, Sanrun, PUNEE, Pnue, HM, 4121155",412115,PO-412115-eb7b77,low,True
"Room 934, Alpha Apartments, Market Lane, Near School, Sangrun, Pune, Pune, Maharashtra, 412115",412115,PO-412115-eb7b77,clean,False
oHuse 8454-BBeta pAartmeents-Markeet ttreet-Besidee BBaank-Sanngnu-pnnu-neP-12211,412115,PO-412115-eb7b77,high,True
nho2  74-Beta Socieety-aMrte Marg-NEXT TO SCHOO-Saanrrun-nuPe-nP-4125,412115,PO-412115-eb7b77,high,True
"house  010, pha Socc, MAET LANEE, neer emple, SSagnun, ppuunne, hh, 24115",412115,PO-412115-eb7b77,high,True
plot 77994 SAII ENLCAVVE sttaation streeet nex t tohospital NARUN uuen npu 425,412115,PO-412115-eb7b77,high,True
"Roo m 891, ssai aparmmtents, Linnk  Street, Nr P ar, sanrn, nu, hM, 4125115",412115,PO-412115-eb7b77,high,True
"Plot4 27, Alppha Heights, mai nrd, nr munhva av, Sasanenagarr, Pnue, Puune, MHH",411028,PO-411028-eec1bf,low,True
"HO P92,, shre tooower,, MMarket tSreett,, oposite ar,, sasaneagar,, uun,, PPunen,, 141082",411028,PO-411028-eec1bf,high,True
HSUE 822 Shere Towerr Main Laann besde school Saanenagr Pen MMhaarashtraa 1102,411028,PO-411028-eec1bf,high,True
nho 17-lAhpa oTwer-eBsideu s Stop-AAASSANENAGAR-upnnee-nPu-aMharsahta-41128,411028,PO-411028-eec1bf,high,True
"Sho p527, Bet aEnclave, link steret, opp ppark, Sasaennagar, Pun, mhh, 4110028",411028,PO-411028-eec1bf,low,True
"sshop 200, beta heighst, Station Roaad, BESIDE APRK, aSsanenagar, Pnue, Maharahtra, 411028",411028,PO-411028-eec1bf,low,True
"Room 515, Alpha Enclave, Market Street, Opposite Metro Station, Sasanenagar, Pune, Pune, Maharashtra, 411028",411028,PO-411028-eec1bf,clean,False
"Shop 326, Alpha Society, Market Street, Near Bus Stop, Sasanenagar, Pune, Pune, Maharashtra, 411028",411028,PO-411028-eec1bf,clean,False
lFlat o 724 shree compxle iLnk Stet Near Park Saaneeangar Pune upee 41128,411028,PO-411028-eec1bf,high,True
"House 708, Sai Apartments, Link Street, Next to Park, Sasanenagar, Pune, Pune, Maharashtra, 411028",411028,PO-411028-eec1bf,clean,False
hnho 792 Beta Hehigts ainn Path nexttt o temple Saanenagar uPen Puuune 4111208,411028,PO-411028-eec1bf,medium,True
husse 604 alap soc Markkt Lane behid bu stop sasanenagar pnuue 4112088,411028,PO-411028-eec1bf,medium,True
Huosee 284 shrree tower mmain apth NarModel Colony sasanenagar Pnune pnu 1028,411028,PO-411028-eec1bf,medium,True
"House 374, Sai Tower, Link Path, Next to Metro Station, Sasanenagar, Pune, Pune, Maharashtra, 411028",411028,PO-411028-eec1bf,clean,False
"ploot 349, beta rseidency, Mian Lane, Opp Bus Stpo, aSsanenagar, pne, punee, hM, 411208",411028,PO-411028-eec1bf,low,True
"oRom 554, shree reesidency, MarketLane, next to schhool, ssasanenagar, une, pun, Maaharashtra, 411082",411028,PO-411028-eec1bf,low,True
AFT NO 620-SiaeHights-Maiin Path-Opp  Hospital-Sasnenagaar-une-uPn-41128,411028,PO-411028-eec1bf,high,True
"SShop 272, SShree Residency, Linkk Path, opp temple, SASANNENAGAR, PPune, Punee, M, 411028",411028,PO-411028-eec1bf,low,True
"room 956, sree tower, MAIN PAT, Behind Pak, Sasanennagar, pne, ppune, Maharrashtra, 4411028",411028,PO-411028-eec1bf,low,True
"House 482, Alpha Tower, Link Road, Near Hadpsar I.E., Sasanenagar, Pune, Pune, Maharashtra, 411028",411028,PO-411028-eec1bf,clean,False
"oom 826, Shree Eclave, Sattion Street, Opp MetroStation, SSasanenagar, punne, pun, h",411028,PO-411028-eec1bf,low,True
SHPO 209-shree aaprtmetsn-Satoin Lae-BehiiindBank-aSasanenagra-puen-pe-102,411028,PO-411028-eec1bf,high,True
no 8895 Beta omplexx inLk Marg next to hpital SSasanenagra punnne un mh 111028,411028,PO-411028-eec1bf,medium,True
"HNo 87, Beta Society, Link Street, Near Metro Station, Sasanenagar, Pune, Pune, Maharashtra, 411028",411028,PO-411028-eec1bf,clean,False
HNO11 Bet aEnnclave MaiStreet Opposiitte School sasaneaar uPe PPunne 141082,411028,PO-411028-eec1bf,medium,True
"Shop772, Sree Soc, link raod, besid park, sasaanenagar, punne, Pne, hm, 410128",411028,PO-411028-eec1bf,low,True
Flla No  143 Shre Rsediency main sttreet next   to buus stop Saannenagr pue PPnee 411228,411028,PO-411028-eec1bf,high,True
"hno 30, Beta Comlex, Mai nLane, NNear Park, Sasaneangar, une, pun, Maharahtra, 4111028",411028,PO-411028-eec1bf,low,True
Plot9 13 shree hheihts Main MMag Nr Guruwar Phe SASANENAGAAR Pune 411108,411028,PO-411028-eec1bf,medium,True
"sho p994, Shree AApartments, market roda, ebhind bank, sasanenaagar, pne, uPne, Maharashtraa",411028,PO-411028-eec1bf,low,True
Houes 83 ShreeSo c Beside Hsptal Saasnenagarr Pnune maharashtra 14028,411028,PO-411028-eec1bf,medium,True
ohn 684 SaiE nlcave Near Temlle Ssanenagra pune Punn MMhh 4111028,411028,PO-411028-eec1bf,medium,True
"Flat NNo 811, sai enclve, next to metro sttion, Sasaenagar, pne, HM, 4110228",411028,PO-411028-eec1bf,low,True
"fft no 16,, Sa Heigtts,, Link  Marrgg,, Behind Tpeele,, sasaenagar,, P,, ppeun,, 141028",411028,PO-411028-eec1bf,high,True
oHuse3 04 AlpphaT ower Opp Pakr Sasaneagar Puuen maahhrashtra 411002,411028,PO-411028-eec1bf,medium,True
hhouse 08 Alpha Hegihs MAINPTAH Op pBannk Sasaennagar nPe 14128,411028,PO-411028-eec1bf,medium,True
FFlat oNN 272 SShere Height maket  lne NNeaar Shaniwar eth-Pune sasanenagggaar Pneee Punn hm 4100228,411028,PO-411028-eec1bf,high,True
ROOM 6552 Shrree Redency N r Bus  Stop sasnaneaagr une nPPe mahraahstrra 410082,411028,PO-411028-eec1bf,high,True
"Hosue 862, alpha soiety, Link Marrg, NEXT TTO BUS STOP, Saasanenagar, Punee, PPune, 411082",411028,PO-411028-eec1bf,low,True
hon 98 Beta Comlepx Maaain Road opopsite bakn sasanneeagar PUNEEE puenn mahrashtr 411102,411028,PO-411028-eec1bf,medium,True
"hhno 142, Apha Heights, stattion rd, Nar Metro Station, Saanenagar, Punee, upne, 411082",411028,PO-411028-eec1bf,low,True
"sop 14, ShreeEnclae, statiino alne, rp rk, Saasnnagar, ppune, uunee, Mhh",411028,PO-411028-eec1bf,high,True
"hno 4474, Alpha Complx, near bnk, Shanniwar Peth-Pune, ppune, Puen, Mhh, 411300",411030,PO-411030-1f9d3d,low,True
"house 37335,, Sai Hgets,, BESSISDE HOSPITAL,, HNAIWAR PETH-PUEN,, uun,, M,, 41300",411030,PO-411030-1f9d3d,high,True
"room 28, hree enclave, station arg, Opp Schhool, Shaniawr Peth-Pune, PUE, 411300",411030,PO-411030-1f9d3d,low,True
"lFat No  72, Saai Soc, arkke tlane, Near Tmmepl, Shaniwaar Peth-Puunne, puue, PUUUNEE, h, 13100",411030,PO-411030-1f9d3d,high,True
"House 42, HREE RESIDENCY, likn lane, opp hsopital, Shaniwar Peeth-Pune, Puune, MAHARRASHTRA, 41103",411030,PO-411030-1f9d3d,low,True
Roomm 1144-ALHPA CCOMPLEXX-AIN LANE-OppcShoo-Shanwar Peth-Pnue-unp-PPunen-M,411030,PO-411030-1f9d3d,high,True
HHouse4417 btaheighhts Link SStere Beside Metr Statiin Shnaiwar Pt-hPune pnue Puue mhh 11300,411030,PO-411030-1f9d3d,high,True
Romo85 shre paartments SStationn Road NEAR PAAR haniwa rPeth-Pune Puunne hh 41003,411030,PO-411030-1f9d3d,medium,True
"HNo 981, Shree Heights, Market Marg, Opposite Park, Shaniwar Peth-Pune, Pune, Pune, Maharashtra, 411030",411030,PO-411030-1f9d3d,clean,False
"lPott 96,, ai  heightss,, Mani oda,, rtemlpe,, ShaniwarP Peth-une,, Punnnee,, Pnee,, hM",411030,PO-411030-1f9d3d,high,True
SSho 695-ShreeTor-Sttationn Laane-next top arak-ShaniwarPe th-Pun-uPnn-uPe-41030,411030,PO-411030-1f9d3d,high,True
"HNo 537, Alpha Heights, Station Street, Behind Bank, Shaniwar Peth-Pune, Pune, Pune, Maharashtra, 411030",411030,PO-411030-1f9d3d,clean,False
"plto 9, BBeta Higths, oppp park, SHANIWA  PETH-PUE, UNN, h, 414130",411030,PO-411030-1f9d3d,high,True
"Plot 906, Sai Enclave, Link Road, Beside School, Shaniwar Peth-Pune, Pune, Pune, Maharashtra, 411030",411030,PO-411030-1f9d3d,clean,False
"Flat No559, BETA PAARTMENTS, markket path, bbeside bank, ShaniwarP eth-Pune, une, Puune, Mhh",411030,PO-411030-1f9d3d,low,True
at No 782 Beta Enclave Stain Marg besidde metro staion hSaniwar Peh-Pune Pu nPue 4411030,411030,PO-411030-1f9d3d,medium,True
"hous e692, Shee Residency, Linkk Marg, Near Schol, SHANIIWAR PETH-PUNE, Puune, Maharashrta, 41130",411030,PO-411030-1f9d3d,low,True
"Room 101, Alpha Residency, Main Road, Beside Bank, Shaniwar Peth-Pune, Pune, Pune, Maharashtra, 411030",411030,PO-411030-1f9d3d,clean,False
hhous e801 Sai RResidenyc station streett oppb annk shanwiar petth-pune puuune uPnne 111030,411030,PO-411030-1f9d3d,medium,True
hosue0 8 SSaa Complex Sttoion Rd Op pTemmple Shaniwar Peth-Puen ppe aMharashtra 10030,411030,PO-411030-1f9d3d,high,True
Polt86-ebteanclave-MinRd-next to bbus stop-Shaniar Peth-Pune-PPnuue-uPneee-h-413100,411030,PO-411030-1f9d3d,high,True
Rooomm 152-Sai oCmmpllex-Behiidn Hosptal-hsaniwar  peth-puen-eun-Maahaarsthra-14103000,411030,PO-411030-1f9d3d,high,True
"Flat No 144, Beta Heights, Station Street, Near School, Shaniwar Peth-Pune, Pune, Pune, Maharashtra, 411030",411030,PO-411030-1f9d3d,clean,False
"Shop 269, Alpha Society, Market Road, Beside Temple, Shaniwar Peth-Pune, Pune, Pune, Maharashtra, 411030",411030,PO-411030-1f9d3d,clean,False
"Flaaat N o756,, hree encaev,, bbbesidet emple,, Saniwar Peth---Pune,, PPuun,, ppen,, 1411300",411030,PO-411030-1f9d3d,high,True
"SHOP  743, Sai Resideny, sstation path, behidn park, shaniwa peth-pune, uPne, Punee, 41030",411030,PO-411030-1f9d3d,low,True
"hn o605, Betaa Heights, Marekt Lane, oppoiste bus stop, Shaniwarr Peth-Pune, PNE, Pue, hM, 41030",411030,PO-411030-1f9d3d,low,True
"Shop 69, Alpha Residency, Station Marg, Opposite Hospital, Shaniwar Peth-Pune, Pune, Pune, Maharashtra, 411030",411030,PO-411030-1f9d3d,clean,False
"Hosue 420, Shree Apartmens, Mian Marg, N School, Shaniwaar Peth-Pune, Pnue, une, hM, 4411030",411030,PO-411030-1f9d3d,low,True
nho 5547 Shree Enclave Statioonn Path neear hospiatl Shaniar Peh-Pune PuPne PPnue 4103,411030,PO-411030-1f9d3d,medium,True
hnno 06 Betaa omplex Staion Ptah Nr  Hospiital shaniwar ppeth-punee Punnne Pnu Maharahsta 410030,411030,PO-411030-1f9d3d,medium,True
Room2677 Beta Copleex aMrke Marg NearT emlpe Shaniwar Pteh-Puen Pune pu 41110300,411030,PO-411030-1f9d3d,medium,True
"House 532, Alpha Heights, Main Road, Near N I B M, Shaniwar Peth-Pune, Pune, Pune, Maharashtra, 411030",411030,PO-411030-1f9d3d,clean,False
roo 906 SHHREEAPARTMENST Min tPh Beihn dark Shanniiwar PethP-une pune PuPn 44111030,411030,PO-411030-1f9d3d,high,True
"plot 593, Shreee Apartments, ain Marg, Besde Bank, shanwar peth-pune, Pnue, upne, mahaashtra, 141030",411030,PO-411030-1f9d3d,low,True
"Hoouse 320, sai eave, Linnk Marg, nxt tometro stationn, shaniwwar pethpue, Pn, PPPuen, aharashtr, 4100",411030,PO-411030-1f9d3d,high,True
Flt No 3882 ai comlex Saion Rd Beihnd Hospial shaniwar pteh--pune punne ppue hhM 410030,411030,PO-411030-1f9d3d,medium,True
shop 2800 ai socitey lin ppath nr aark Shanwir Peth-Pune Pne PUN MMMH,411030,PO-411030-1f9d3d,medium,True
SHOP 461 Bea HHeighhts behindb ss top Shaniwwar PethPue UNEEE Pnuu 4111030,411030,PO-411030-1f9d3d,high,True
Flat oN 227 SSai Socciety ai nRd net to etmple Shhaniwra Peth-Pune pne unne mm 41130,411030,PO-411030-1f9d3d,medium,True
uose 6888 sia soc STAATONN STREET besid emetro satiton Shaniwar Peth-P PuPen PPnu 141003,411030,PO-411030-1f9d3d,high,True
"fflat  no 54,, SaiS ,, Liink Streeeet,, BESDIE OHSPITLA,, Shaaniwr Peth-Pue,, upnnne,, 41111030",411030,PO-411030-1f9d3d,high,True
house7 9333-Bta Colpex-tSation PPat-next to bus otpp-Shivaji Husing SSSociety-Puen-Pue-Mhhhh-1411006,411016,PO-411016-274929,high,True
"Flat  No 277, HSREE ENCLAVE, Mai nRd, near bs stop, Shivaj Housing Soc, Pue, Punee, Maharashttra, 411016",411016,PO-411016-274929,low,True
Plottt 35 allpa ssociety Markett Lane Nar N..C.L Pune Shivjai Housing Soociiety Pnue ue MM 411106,411016,PO-411016-274929,high,True
"Plot 373, Sai Heights, Main Path, Beside Metro Station, Shivaji Housing Society, Pune, Pune, Maharashtra, 411016",411016,PO-411016-274929,clean,False
"h o 571,, Bat Ecnlave,, Satio nRRoad,, neaar ccshool,, Shvaji Housinng Sociey,, Puuuen,, ne,, hM,, 4411106",411016,PO-411016-274929,high,True
"lfat no 849, sai nclave, Link d, Near Bus Sttop, ShivajiHousing Society, uPne, H",411016,PO-411016-274929,low,True
"Plot 800, Sai Enclave, Link Marg, Beside Bank, Shivaji Housing Society, Pune, Pune, Maharashtra, 411016",411016,PO-411016-274929,clean,False
"House 656, Shree Apartments, Market Marg, Near Bank, Shivaji Housing Society, Pune, Pune, Maharashtra, 411016",411016,PO-411016-274929,clean,False
plot 20088 Sa iEnlcave Saattion Street Nrr Pune  City Shivjaji Housing Soc uPPne Pune Mhhh 41161,411016,PO-411016-274929,medium,True
"Flat No 430, Sai Enclave, Link Lane, Behind Bank, Shivaji Housing Society, Pune, Pune, Maharashtra, 411016",411016,PO-411016-274929,clean,False
lfat no 21 Aphla Heights LINK RD bbeside bsu stop Shivaji ousing Scoiety ne 1106,411016,PO-411016-274929,medium,True
"room 587, Alpha Comlex, Opp Metr oStation, Shivaji Husing Soc, Punne, 410116",411016,PO-411016-274929,low,True
Roo 5502-sai reessidnecy-Market PPh-behinn dhospitall-SHIVVAJI HOUSING SCIEETY-ueen-Puuene-Mhh-41116,411016,PO-411016-274929,high,True
Sop 822 Shereee Tower Sattin Rdd popsite Tempe shivjii housingg society Pnnne UPENN 1116,411016,PO-411016-274929,high,True
"HNo 33, Shree Enclave, Main Marg, Opposite Park, Shivaji Housing Society, Pune, Pune, Maharashtra, 411016",411016,PO-411016-274929,clean,False
"Shop 567, Alpha Tower, Link Path, Near Sachapir Street, Shivaji Housing Society, Pune, Pune, Maharashtra, 411016",411016,PO-411016-274929,clean,False
HUUOSE 764-Sia Rsidecy-SttionM ar-Beesde Parrk-Shivvajii Housing Sco-Puune-uPPen-Mhrashtra-100116,411016,PO-411016-274929,high,True
SH 802 Shree Cmpleex minn road Opposite arrk shivaji hhousingg soc Puuen UE 41111016,411016,PO-411016-274929,medium,True
"Flat No  72, Beta Enlave, Market aLne, next to bakn, Shivaji Housing Societ, UPNE, Mhaarashtra, 411016",411016,PO-411016-274929,low,True
oo  m865 SHREE OMCPLEX main nlee Nr oHspiitla Shivaji Housingg  Societ uupe puen h 114116,411016,PO-411016-274929,high,True
"OHNN 742, Alpha pAatrmments, MakreLane, netxt  o bank, Shivai ousing Soceity, Peu, nPe, Mahraashtta",411016,PO-411016-274929,high,True
"Plot 192, Alpha Enclave, Main Road, Beside Bus Stop, Shivaji Housing Society, Pune, Pune, Maharashtra, 411016",411016,PO-411016-274929,clean,False
"Plot 152, Sai Apartments, Main Street, Opposite Bus Stop, Shivaji Housing Society, Pune, Pune, Maharashtra, 411016",411016,PO-411016-274929,clean,False
"Shop 477, Sai Apartments, Market Path, Beside Park, Shivaji Housing Society, Pune, Pune, Maharashtra, 411016",411016,PO-411016-274929,clean,False
"OROM 537, Betaa Soc, Main ath, Near Sasaneenagar, SHIVAAJI HOUSING SOC, Pnue, PPune, mhh, 41116",411016,PO-411016-274929,low,True
"HNo 303, Shree Heights, Main Marg, Near Temple, Shivaji Housing Society, Pune, Pune, Maharashtra, 411016",411016,PO-411016-274929,clean,False
HOP  8803-hSre Heghts-Maarrrket Path-eside Bus Sttop-Shiavji Housig Sooc-ePn-44101116,411016,PO-411016-274929,high,True
"HHouse 367, lpha society, Staion Rd, opposite hospiatl, Shivaji Housing  Society, pun, une, hm, 4110016",411016,PO-411016-274929,low,True
"Shop5 9444, ALPHCOMPLXE, ssttatino rd, Beide Schoolo, shivvaij houisng soc, P, Pune, Mhh, 406",411016,PO-411016-274929,high,True
no 5997 sai apaartmments Maain Rd netx to tempe HSIVAJI HOUSNIG SOC nPue Maahrashrta 14016,411016,PO-411016-274929,medium,True
hno 86600 SAI RESIDENNNCY Main Streeet bbehind prk Shivaaji Housing oSc pu Punn 411001,411016,PO-411016-274929,medium,True
oooom 117 aplha aaapartments maiinptah ne xto school Shiivvaji HousingS oc eun uPne M 106,411016,PO-411016-274929,high,True
flat nno170 Shreee HHeights Opp eple ShivajiH ousig Soc pn PPunee aMharashtr 4111106,411016,PO-411016-274929,medium,True
"Flat No 829, Alpha Socity, nr baner dso punne, ShivajiH ousing Society, uPne, PPune, Maharrashtra, 41016",411016,PO-411016-274929,low,True
"shop  422, Shree Residncy, next to hospiatl, Shivaji HousingS ociety, pnue, upne, M, 41016",411016,PO-411016-274929,low,True
"nho  663, eBtaS  oc, Mian Mag, ppposite Hospitla, shivajji housing sc, Puue, pe, 41106",411016,PO-411016-274929,high,True
"Sho 150, BETA SSOCIETY, statino path, Nr SSchool, Shivaji HousingS oc, une, une, Maharashta, 4110166",411016,PO-411016-274929,low,True
houees 841 Sa Aparrtments StaationL ane oppp etro station shivaji housin  gsoc pune Puneee Mh 411016,411016,PO-411016-274929,medium,True
"Rooom 284, sai towr, likn street, Nera Park, Shivaji ousing Soc, punne, 41106",411016,PO-411016-274929,low,True
Hosue 63 shee towerr Mani oad Neearr Congress House Road Shivaji HHouusing Soc UPNNE uPune MAAHRASHTRA 441101,411016,PO-411016-274929,medium,True
"Flat N 709, BETAA APARTMENTS, Main dR, Behind Meetro Station, Shivaji Houing Soc, Puen, Puen, hm, 141016",411016,PO-411016-274929,low,True
lPto 780 Shre eCompleex Station aLane Bide Hospital Shivai Hoousing Soc uen uen Maarahstra 41101116,411016,PO-411016-274929,medium,True
"Plot 688, Shree Tower, Main Lane, Next to Bus Stop, Shivajinagar, Pune, Pune, Maharashtra, 411005",411005,PO-411005-7c1dc0,clean,False
hn9o 911-ph aheights-LnkPPath-netx top ar-hivvajingaar-une-Pune-Marashtar-14110005,411005,PO-411005-7c1dc0,high,True
Pot  996 Alph aRsidenyc bhbind park SHIIVJAINAGARR PnPe unnee aMhharastra 411000005,411005,PO-411005-7c1dc0,high,True
fla tn 425 Sa iEncave Linkk Sttreet bside metro tsation Shvaijinagar PPNUE uPen m 41005,411005,PO-411005-7c1dc0,medium,True
"Shoop 680, shree societ, min path, beside hosiptal, shvajinagar, Pne, Pue, Maharshtra, 4111005",411005,PO-411005-7c1dc0,low,True
"Flat No 269, Alpha Apartments, Main Street, Next to Bank, Shivajinagar, Pune, Pune, Maharashtra, 411005",411005,PO-411005-7c1dc0,clean,False
"ho32,, lpha oCmpelx,, attin street,, enar hpoital,, Shjvainagar,, PUPEN,, upne,, 14105",411005,PO-411005-7c1dc0,high,True
lott 237 Sher eComplex Bessidde Temple shvajinnagar Pu pnune hhm 14005,411005,PO-411005-7c1dc0,medium,True
"Plot 570, Alpha Society, Market Street, Near Hospital, Shivajinagar, Pune, Pune, Maharashtra, 411005",411005,PO-411005-7c1dc0,clean,False
PPlot 5118 BetaEnclve SStation  Road next to bank Shivjaingar Puuen ppne MMMaharashtra 41150,411005,PO-411005-7c1dc0,medium,True
"Flat N 99, Shree Scoiety, Stationn Marg, net to park, Shivjainagar, Puen, une, 411050",411005,PO-411005-7c1dc0,low,True
sop 449 Beta Socieyy tSatioon Path Opppsoite School shvainagar Pnune punne maharashtraa 4110105,411005,PO-411005-7c1dc0,medium,True
"Room 23, Alpha Heights, Main Marg, Near Metro Station, Shivajinagar, Pune, Pune, Maharashtra, 411005",411005,PO-411005-7c1dc0,clean,False
"Room 533, Beta Apartments, Station Path, Behind Temple, Shivajinagar, Pune, Pune, Maharashtra, 411005",411005,PO-411005-7c1dc0,clean,False
Houuse 80 shree encclvae Lin kSttreet nxet to shool hhivajinagar PuPne uune m 14100,411005,PO-411005-7c1dc0,medium,True
"hno5 07, Alpha Resideny, Lin Path, Nr Shool, sivajinagar, upne, punne, m, 4111005",411005,PO-411005-7c1dc0,low,True
"hn 628,, Bta Comlxe,, mrake tmaarg,, Besi eBBus Stop,, HIVAJAINGAR,, u,, MMh,, 4110550",411005,PO-411005-7c1dc0,high,True
Flat No6 344 Sii Enclave OP TEMPL shivaajinagra Puuune mahaarashtra 4111050,411005,PO-411005-7c1dc0,medium,True
Po t381 Baet Apartments manimarg near  gnaeshkhind shivajngar Puun Puunee 4411050,411005,PO-411005-7c1dc0,medium,True
"Plot 770, Sai Toewr, MarketRd, opposite bus stoop, Shivajnagar, upne, hM, 4411005",411005,PO-411005-7c1dc0,low,True
"Plot 723, Beta Society, Main Lane, Next to Bus Stop, Shivajinagar, Pune, Pune, Maharashtra, 411005",411005,PO-411005-7c1dc0,clean,False
"Plot 255, Alpha Society, Link Road, Beside Metro Station, Shivajinagar, Pune, Pune, Maharashtra, 411005",411005,PO-411005-7c1dc0,clean,False
"plott 96, Shree eoTwer, Statin Le, BBesie  Temple, SHHIAVJJINAGAR, PUUNE, 1141005",411005,PO-411005-7c1dc0,high,True
"nh6 02, alpha sc, Maarket Marg, next o metrooo station, SShivajiaangar, uP, 41000",411005,PO-411005-7c1dc0,high,True
"Flat No 59, Beta Heights, Station Street, Near Bank, Shivajinagar, Pune, Pune, Maharashtra, 411005",411005,PO-411005-7c1dc0,clean,False
"Plot 171, Shree Heights, Market Road, Beside Temple, Shivajinagar, Pune, Pune, Maharashtra, 411005",411005,PO-411005-7c1dc0,clean,False
"Plot 849, Sai Enclave, Link Street, Next to Park, Shivajinagar, Pune, Pune, Maharashtra, 411005",411005,PO-411005-7c1dc0,clean,False
"FlatN o 845, sa apartments, Beisde Park, shivajinaga, PUEN, maahrashtra, 41105",411005,PO-411005-7c1dc0,low,True
shop 01 Alpha eRisdency linkn lane Behind Tepml shiajinaagar uPPne hh 40105,411005,PO-411005-7c1dc0,medium,True
"Shop 846, AALPHA TOWER, Opposite eMtro Station, Shivajinnagar, Puune, M, 4110005",411005,PO-411005-7c1dc0,low,True
"HNo 100, Alpha Heights, Main Street, Near Rashtra Bhasha Bhavan, Shivajinagar, Pune, Pune, Maharashtra, 411005",411005,PO-411005-7c1dc0,clean,False
House  7762 Shhree Complex Lin kaMrg nr meetor station Shivajngar upe UPE hmm 410005,411005,PO-411005-7c1dc0,medium,True
"HNo 815, Beta Apartments, Market Path, Near Park, Shivajinagar, Pune, Pune, Maharashtra, 411005",411005,PO-411005-7c1dc0,clean,False
"HNo 664, Alpha Residency, Main Road, Behind Metro Station, Shivajinagar, Pune, Pune, Maharashtra, 411005",411005,PO-411005-7c1dc0,clean,False
"hon 2,, AlphaHeihgst,, min marggg,, Behind Hosital,, Shvaijnagar,, n,, Puenn,, hh,, 1401005",411005,PO-411005-7c1dc0,high,True
flat n 8000 SShree Apartments Min Pathh nexxt too bus stop shiajinaar uen uPnee maharasta 41105,411005,PO-411005-7c1dc0,medium,True
"House 994, Beta Residency, Main Lane, Opposite Metro Station, Shivajinagar, Pune, Pune, Maharashtra, 411005",411005,PO-411005-7c1dc0,clean,False
"House 10, Alpha Heights, Market Street, Opposite Temple, Shivajinagar, Pune, Pune, Maharashtra, 411005",411005,PO-411005-7c1dc0,clean,False
"plot 3395, Sai Toer, station patth, opposite pak, Shivajingaar, une, puen, Maharasshtra, 141005",411005,PO-411005-7c1dc0,low,True
"hou se945, SaaiCompex, mai patth, Opposite   Scool, shivjjjinagar, e, Pee, Maahrashtraa, 105",411005,PO-411005-7c1dc0,high,True
"plloot 21,, Alpha Toore,, arketmaarg,, Behiind eTple,, shivjjnagar,, Punnnee,, Pn,, 140105",411005,PO-411005-7c1dc0,high,True
"Flat No 938, Shree Society, Market Street, Next to Temple, Shivajinagar, Pune, Pune, Maharashtra, 411005",411005,PO-411005-7c1dc0,clean,False
"Flat No  598, Alpha Sociiety, mmain street, Near eTmple, Shiivajinagar-Pune, PPune, une, 41105",411005,PO-411005-2ec08b,low,True
"Shop 895, Sai Complex, Market Road, Beside Temple, Shivajinagar-Pune, Pune, Pune, Maharashtra, 411005",411005,PO-411005-2ec08b,clean,False
hn8 28 sshree heiigths Manii  Path beside hscoo Sajinagar-Pune PPUNEEE Pnun mahharaashtrra,411005,PO-411005-2ec08b,high,True
"room 7222, Sai Aartments, MMain Lane, near metro statiion, hivajinagar-Pune, Pue, Pue, 4110005",411005,PO-411005-2ec08b,low,True
Romo 145 aii compelx im nlane nxet to ppakr Shivjaianngar-Pune Pe uep 1410050,411005,PO-411005-2ec08b,high,True
"Hosue 410, Beta Aartments, Mai Lane, bheind school, shivjainagar-pune, Pue, pnue, 41005",411005,PO-411005-2ec08b,low,True
HHouse  62 Alpha Apatrmentts Market Sttreeet Bside  School hivajinaagr-Pune uPune PPunee maharraashtra 411100,411005,PO-411005-2ec08b,medium,True
"ROOMM 950, alphatower, Nr Vadgaon Buruk, shivajingar-pune, pue, Puen, hM, 411005",411005,PO-411005-2ec08b,low,True
House  6799 alpha hheigths Sttaon Lane Beind ank Shiajinagar-Pue Pen Mahharashtar 41015,411005,PO-411005-2ec08b,medium,True
"hsop 191, Shre eSociety, Main Roda, OOpposite Park, shivajinagar-ppune, une, upne, aharashtra, 4110005",411005,PO-411005-2ec08b,low,True
"n2o 9, BetaSooociety, SSaiton Marg, beeside chooll, hSiavjinagar-Puune, Pneee, mahaarshtra, 41110005",411005,PO-411005-2ec08b,high,True
hno663-Sai  CCommplex-mainn pattth-Opposite  Temp-HSIVAJINAGR-PUNEE-puuuune-44410105,411005,PO-411005-2ec08b,high,True
"HNo 902, Sai Tower, Link Road, Next to Bus Stop, Shivajinagar-Pune, Pune, Pune, Maharashtra, 411005",411005,PO-411005-2ec08b,clean,False
"Shop 735, Alpha Heights, Link Marg, Near Shivaji Housing Society, Shivajinagar-Pune, Pune, Pune, Maharashtra, 411005",411005,PO-411005-2ec08b,clean,False
"oRom44 0,, bbet aresidncy,, Main Path,, N rHosiptaal,, Shivajniagaar-Pune,, PPue,, mmahaarahtra,, 411100005",411005,PO-411005-2ec08b,high,True
flat no 143 Alpha Aarttments Stationn Raod oppostie bak Shiivaajinagar-Pune nue Puunee Maahrahtra 411050,411005,PO-411005-2ec08b,medium,True
hon 415-btta encalve-Mann MMarg-oopp bankk-Shhivajjinaga-Pune-ue-PEEN-MM-4015,411005,PO-411005-2ec08b,high,True
ouse 48 shreec omplex nLik ane POP TMPELE shivajniagar-punn puune M 411100055,411005,PO-411005-2ec08b,high,True
"HNo 233, Beta Apartments, Market Marg, Beside Temple, Shivajinagar-Pune, Pune, Pune, Maharashtra, 411005",411005,PO-411005-2ec08b,clean,False
"HNo 911, Alpha Complex, Link Lane, Beside School, Shivajinagar-Pune, Pune, Pune, Maharashtra, 411005",411005,PO-411005-2ec08b,clean,False
faltn o 90 Sai Heghs MAINN MARGG bseide pak Shivajiinagar-Puune Pune Pe marashtra 41105,411005,PO-411005-2ec08b,medium,True
"Flat No 261, sai toer, Link Roaad, ebhind park, Shivajinaagar-Pune, une, punne, mahaarshtra, 4110055",411005,PO-411005-2ec08b,low,True
Room 289 Sai Ecnlavee Market RRoaad next ot templ hsivajiangar-pune uPnne nPue h 40105,411005,PO-411005-2ec08b,medium,True
Sho p7644 SaiTower tSationP ath pp bus  stop Shiajinagar-uPne upune ne hMh,411005,PO-411005-2ec08b,medium,True
"polt 619, ta  heights, Marert Lane, nera ambegaon bk ddso, Shhiajinaagr-Pune, pne, Punee, h",411005,PO-411005-2ec08b,high,True
"oRoom 639, aplppha heights, LNK LAEN, ppsite hospitall, Sihvajinaga-Prune, unnne, Pnnu, hM, 1410105",411005,PO-411005-2ec08b,high,True
"Room 424, Beta Enclave, Main Lane, Opposite Temple, Shivajinagar-Pune, Pune, Pune, Maharashtra, 411005",411005,PO-411005-2ec08b,clean,False
ouse 1332 sai paartents Staion Pah ehind prk hSivajinagar--Pune Pne Puuen 4110550,411005,PO-411005-2ec08b,medium,True
hno 73331 eta socieety tsaion road N Par shivjinaggar-pune Pune Pune 411005,411005,PO-411005-2ec08b,medium,True
Flat NN 394 beat aapartments bheind ank shiavjniagar-pune Pune puunne MMHH 41105,411005,PO-411005-2ec08b,medium,True
hSp 6 Alp haTower Near SusB . hivajinagr-Pune un ne h 4110,411005,PO-411005-2ec08b,medium,True
"Shop 587, Shree Heights, Link Road, Next to Bank, Shivajinagar-Pune, Pune, Pune, Maharashtra, 411005",411005,PO-411005-2ec08b,clean,False
"FlatNo 30, alpha apaartments, LINKK PATH, nr irport pune so, Shivajingaar-Pune, puune, Maharashta, 411005",411005,PO-411005-2ec08b,low,True
fla  tno 661 Shr eResidenncy nr meetros taion shivajinagarpen PPue Mhaaarhstra 105,411005,PO-411005-2ec08b,high,True
So 3p70 sai ssoc Markett  Pth r kondhwahk b.o Shivjinagar--Puune un Maahharashtar 11005,411005,PO-411005-2ec08b,high,True
"Fat No 493, Shree Socc, station mrg, NrSchool, Shivajinaga-Pune, Punee, Maharshtra, 41005",411005,PO-411005-2ec08b,low,True
hn9o18 lpha Compex Besiide Pakr Shivajiinagar--Pune pu Peun 41005,411005,PO-411005-2ec08b,medium,True
hnno 666 ALPHA ENCLCAVE Lik RRoad EBHIND TEEMPLE SShivajinagar-Pne Pueen ppue 4110005,411005,PO-411005-2ec08b,medium,True
plt 623 SShree Heihgts tation Stret next t oospital hivainagar-Pune pn Punnne 1105,411005,PO-411005-2ec08b,medium,True
"Shpo 6694,, Shree eHights,, armke tpath,, Behind Bs Sttopp,, Shivajjinagar-uPne,, pppue,, 411500",411005,PO-411005-2ec08b,high,True
Plo 22 btas oc tsattion street enxt ot bus stop shviajinagar-ppune uPPne pnne Maharashhra 4110505,411005,PO-411005-2ec08b,medium,True
"Shop 468, Alpha Apartments, Market Marg, Near Metro Station, Shivajinagar-Pune, Pune, Pune, Maharashtra, 411005",411005,PO-411005-2ec08b,clean,False
"Plot 400, Shree Apartments, Main Street, Near Hospital, Shivane, Pune, Pune, Maharashtra, 411023",411023,PO-411023-10475b,clean,False
"hosee 6630,, Shree nEclae,, Sttaitno Road,, Nr Bus SSotop,, hinve,, punpe,, PNUE,, Maaharsshtra,, 1423",411023,PO-411023-10475b,high,True
"housee 907, shreeapartments, Sttaion Street, beside baank, Shvane, pne, Punee, Maharshtra, 4110023",411023,PO-411023-10475b,low,True
Huose 2255 bet scoiety StationP ah oppsite  bank Sivvane Pnuue uPn maharaashtraa 4110123,411023,PO-411023-10475b,medium,True
"nho 36, Alph aComplex, Marrket Lane, Near Ex. Servicceman Colony, Shivae, une, mhh",411023,PO-411023-10475b,low,True
"Plot 9006, SAI RESIDNECY, Statioon Path, next to  metro station, sivane, Pne, PPune, 141023",411023,PO-411023-10475b,low,True
"hno 129, Betaa Apartments, Behinnd School, shvane, PPune, uPne, maharasshtra, 4110023",411023,PO-411023-10475b,low,True
"Plo 268, Sai Aparments, Mani Path, behind bak, Sihvane, Puune, uPne, mhh, 4110023",411023,PO-411023-10475b,low,True
"lo 1449, ebta soicetyy, Station Magr, Behind melpe, shiivaan, Pnu, puune, m, 4102233",411023,PO-411023-10475b,high,True
"Room 44, Beta Residency, Main Lane, Opposite Bus Stop, Shivane, Pune, Pune, Maharashtra, 411023",411023,PO-411023-10475b,clean,False
Plo t 6682 sshreetowr bhein dbannk hSiavn Pue PPnne MMharashtar 023,411023,PO-411023-10475b,high,True
"Shop 389, Alpha Apartments, Market Path, Opposite Park, Shivane, Pune, Pune, Maharashtra, 411023",411023,PO-411023-10475b,clean,False
"House 996, Alpha Complex, Market Marg, Near Sinhgad Technical Education Society, Shivane, Pune, Pune, Maharashtra, 411023",411023,PO-411023-10475b,clean,False
"FlatNo 158, Sa Tower, Markeet Marg, Beside Shool, Shiavne, Pun, une, h, 411032",411023,PO-411023-10475b,low,True
"HNo 33, Sai Complex, Link Marg, Beside Temple, Shivane, Pune, Pune, Maharashtra, 411023",411023,PO-411023-10475b,clean,False
ROMO 8882 Beta Heightss sstaation marg Behind Hospital SHHVANE PPunne Pune maharrashrta 41012,411023,PO-411023-10475b,medium,True
"shop 512, Sai Towre, aMrket Street, Near Metro Statiion, Shivanne, pun, Pue, 41023",411023,PO-411023-10475b,low,True
"Shop 72, Alha Tower, Staton Street, N rTemple, shivnae, Punne, puune, maharashtrra, 4111023",411023,PO-411023-10475b,low,True
"House 727, Sai Heights, Station Lane, Next to Park, Shivane, Pune, Pune, Maharashtra, 411023",411023,PO-411023-10475b,clean,False
la No 824 hree toer Statin arg n cshool hisvane uen npe MhM 410123,411023,PO-411023-10475b,medium,True
"HNo 572, Sai Residency, Main Street, Near Sasanenagar, Shivane, Pune, Pune, Maharashtra, 411023",411023,PO-411023-10475b,clean,False
lpot 215-SRHEE ENCALVEE-Markte LLne-pposstie temple-hvine-unn-PPunee-11203,411023,PO-411023-10475b,high,True
hhouuse 512-saih eigtss-beied metro sttion-SSiihvane-uun-en-Mahraasht-410,411023,PO-411023-10475b,high,True
"hnno 15, aalpha heights, Maret Lane, beide park, SShivane, pne, Pun, Maharashra, 4111023",411023,PO-411023-10475b,low,True
shhop 2880-srhhee socc-Linkk Ma-Near N..D.AA. Kahdakwasla-hSiavnee-Punnn-uPPnne-Mhh-4111003,411023,PO-411023-10475b,high,True
HOUSE7 05-SherSociety-Mai nRd-OppeTmplle-Shiviaen-ppe-P-Maharshtra-411130,411023,PO-411023-10475b,high,True
ouse5 8-SHREEE HIHTS-netx to ppak-shivnee-Peu-NU-41110332,411023,PO-411023-10475b,high,True
"Plot 734, Sai Society, Market Street, Next to Hospital, Shivane, Pune, Pune, Maharashtra, 411023",411023,PO-411023-10475b,clean,False
"Hosue 153, Alpha  Soc, station stree, nextt to bank, Shvane, une, PUNNE, maharshtra, 4111023",411023,PO-411023-10475b,low,True
"House 759, Shree Society, Market Lane, Near School, Shivane, Pune, Pune, Maharashtra, 411023",411023,PO-411023-10475b,clean,False
"Shop 692, BetaTower, Station Laen, enxt to temple, Shiavne, Punne, Pue, m, 411023",411023,PO-411023-10475b,low,True
hno 9266 BetaA partment main path nea rbus sop hivne unne UPNEE ahrashtra 411032,411023,PO-411023-10475b,medium,True
"HNo 852, Beta Enclave, Link Street, Near Hadapsar, Shivane, Pune, Pune, Maharashtra, 411023",411023,PO-411023-10475b,clean,False
Rooom  746 beta  aaprtments station sttret Opposite Hospiittal Shivane nue ppuen aMharashttra 14123,411023,PO-411023-10475b,medium,True
"House 866,, Applh aHeights,, Market   MMarg,, next tp arrk,, SSihvan,, uPne,, 41111032",411023,PO-411023-10475b,high,True
"Ploot 1, Srhee Tower, Station Pah, nr  bank, Shiane, une, Pnue, maharahstra, 41102",411023,PO-411023-10475b,low,True
"House 80, Alpha Heights, Market Road, Beside Temple, Shivane, Pune, Pune, Maharashtra, 411023",411023,PO-411023-10475b,clean,False
"Flat No 456, Sai Complex, Station Road, Opposite Hospital, Shivane, Pune, Pune, Maharashtra, 411023",411023,PO-411023-10475b,clean,False
"lot 905, ShreeS oc, Mraket Lane, Opp Hospita, Shvane, Punne, mhh, 41023",411023,PO-411023-10475b,low,True
"hno 655, Shree Enclvae, MAREKT STREET, Oposite Temple, shiavne, Pnue, Mhh, 411203",411023,PO-411023-10475b,low,True
Housee 988-beta apaartmens-tSatin Magr-enxto t temple-Shivvvaen-unP-pppun-mahrashar-41000123,411023,PO-411023-10475b,high,True
"PLOT  722, Sai nclave, Market Pat, BESIDE BUS SSTOP, Sivane, Punee, Mahaarshtra, 411032",411023,PO-411023-10475b,low,True
house2 48 Si aSoc Link aPPth NearTempl ShukrawarP eth-Pnue Puue Pne 4110002,411002,PO-411002-ce771f,medium,True
"oom 308, SHREE ENNCLAVE, lnik path, Behinnd School, Shukrawar ePth-Pune, une, Pnue, h, 4110022",411002,PO-411002-ce771f,low,True
nho 336 beta rseideency Main Maargg Oposiet Hospital shukrawar petth-puen PPue uPnne 4110022,411002,PO-411002-ce771f,medium,True
"Plot 177, Beta Complex, Station Road, Beside Metro Station, Shukrawar Peth-Pune, Pune, Pune, Maharashtra, 411002",411002,PO-411002-ce771f,clean,False
"rooom 921, sai residenncy, Market  Lane, nr mero station, Shukrawr Peth-Pune, Pne, Pne, h, 4110002",411002,PO-411002-ce771f,low,True
"hosue 406, Alpha Aaprtments, Link  Street, Near Hospita, shukrawra peth-pune, Puune, puen, 411002",411002,PO-411002-ce771f,low,True
Huosee 261 Sai RRseidency ilnk steet nextt o park shukawar epth-pune Puun PUUN MAHARASHT 1002,411002,PO-411002-ce771f,medium,True
"House 312, Shree Tower, Link Marg, Beside Temple, Shukrawar Peth-Pune, Pune, Pune, Maharashtra, 411002",411002,PO-411002-ce771f,clean,False
"Flat No 836, Alpha Socc, markt road, next to schol, shukrawar peth-puen, une, Pnue, Mahaashtra, 4111002",411002,PO-411002-ce771f,low,True
"hno951, SHREE HEIGHTTS, main mmarg, Beside Metro SStation, shukrawar pet-hpune, puen, punne, Maharrashtra, 411020",411002,PO-411002-ce771f,low,True
"Plot 694, Shree Society, Station Lane, Beside School, Shukrawar Peth-Pune, Pune, Pune, Maharashtra, 411002",411002,PO-411002-ce771f,clean,False
hoop 511 bbeta heightts ai marg Behind Park suhkrawar peth-puen ne pn maharashrtta 41100222,411002,PO-411002-ce771f,medium,True
Room 649 Shree Sciiety Statiion ath behind mero station shkrawarpeth-pune nue upnne,411002,PO-411002-ce771f,medium,True
"Plot 138, Sai Complex, Link Street, Near Pune New Bazar, Shukrawar Peth-Pune, Pune, Pune, Maharashtra, 411002",411002,PO-411002-ce771f,clean,False
"Shop 582, Alpha Complex, Market Lane, Next to Hospital, Shukrawar Peth-Pune, Pune, Pune, Maharashtra, 411002",411002,PO-411002-ce771f,clean,False
Fat No  46 SHREE ENCLAV amrkeet ppath Behin Shcoool Shukrwaar Pethh-une pe Maaaharashtra 41100,411002,PO-411002-ce771f,high,True
"Room 843, Sai Heights, Main Path, Next to School, Shukrawar Peth-Pune, Pune, Pune, Maharashtra, 411002",411002,PO-411002-ce771f,clean,False
RRoom 617 Bae Apartments Nar Bakn Shkrawar Peth-Pue PPuune Mahasahtra,411002,PO-411002-ce771f,medium,True
"flat no 9633, Sai Coomplex, enxt to hospital, Shukkrawar Peth-Pune, Puune, Pun, h, 411020",411002,PO-411002-ce771f,low,True
"LAT NO 99, beta paartments, Near Schoool, Shukrawar Pethh-Pune, pue, une, hM, 41102",411002,PO-411002-ce771f,low,True
"houusee800, shreepaartmets, linklane, Behhind  MetroS tation, Shukrawaaar Peth-Puune, ne, Pnn, 4110102",411002,PO-411002-ce771f,high,True
"lot 470, AlphaH eights, Sattion Marg, Near C D  -O, shukrawar ppeth-pune, Puune, mmaharashtra, 4110002",411002,PO-411002-ce771f,low,True
"hhno 750, Shreee Tower, market rrd, eBside Temple, Shukrawar Peth-Puen, pnue, uPne, h, 41102",411002,PO-411002-ce771f,low,True
"House 346, Shree Enclave, Station Marg, Opposite Park, Shukrawar Peth-Pune, Pune, Pune, Maharashtra, 411002",411002,PO-411002-ce771f,clean,False
"Flat No 861, Sai Residency, Station Street, Next to Metro Station, Shukrawar Peth-Pune, Pune, Pune, Maharashtra, 411002",411002,PO-411002-ce771f,clean,False
"Shop 336, BetaE nclave, Station Pah, nextt to park, SHUKRAAWR PETH-PUNE, une, Punee",411002,PO-411002-ce771f,low,True
"HNo 916, Alpha Enclave, Market Lane, Beside Bus Stop, Shukrawar Peth-Pune, Pune, Pune, Maharashtra, 411002",411002,PO-411002-ce771f,clean,False
rroom 41 Alpha Heeighs nr 9 br b.o hSukrawar eth-Pune punnee pe 411020,411002,PO-411002-ce771f,medium,True
hos e416 SiaSoc LLink Strreet netx ot school shukrawr petth-pune Puuune Pnne Maharashhhtra 44411002,411002,PO-411002-ce771f,medium,True
"Plot 921, Beta Residency, Market Road, Opposite Bank, Shukrawar Peth-Pune, Pune, Pune, Maharashtra, 411002",411002,PO-411002-ce771f,clean,False
"Flat No 2247, Alpah Apartments, maret lane, Besid ePark, Shukrawwar Peth-Pune, une, puen, 411002",411002,PO-411002-ce771f,low,True
"House 347, Beta Apartments, Station Path, Near Hospital, Shukrawar Peth-Pune, Pune, Pune, Maharashtra, 411002",411002,PO-411002-ce771f,clean,False
"nhno5 00, Sa ioewr, atiion Marg, ear Bibvedi, SHUKRRWAAR  PETH-PUNE, un, Pun, Maharasthrar, 41110022",411002,PO-411002-ce771f,high,True
"House 4111, Alpha Heeights, tSation Street, NearK atraj, shukrawar peth-pne, uPne, 41002",411002,PO-411002-ce771f,low,True
"HNo 492, Alpha Apartments, Station Street, Near Mohamadwadi, Shukrawar Peth-Pune, Pune, Pune, Maharashtra, 411002",411002,PO-411002-ce771f,clean,False
fltn o20 Allpha Hegihst ian Mar Beside aakn shukrawarpet-hpnue PUEE Pue M 41111002,411002,PO-411002-ce771f,high,True
"Plot 824, Shree Complex, Market Path, Near Dighi Camp, Shukrawar Peth-Pune, Pune, Pune, Maharashtra, 411002",411002,PO-411002-ce771f,clean,False
fllat no  688 EBA SOCIETY market stre Behind eTmpple Shhukraawr Peth-Pune puuen uPPne 4141002,411002,PO-411002-ce771f,medium,True
"HHuos e632,, BetaEncclav,, rn metro sttion,, shukrawar peth-pnue,, PPNU",411002,PO-411002-ce771f,high,True
"Flat No 588, Beta Complex, Station Street, Next to Bank, Shukrawar Peth-Pune, Pune, Pune, Maharashtra, 411002",411002,PO-411002-ce771f,clean,False
"oRoom 73, BeetaResiidency, maket srtet, Oppoosite Schoolll, Shukrawr Peeth-Punee, uPnee, une, mahararshta, 411000022",411002,PO-411002-ce771f,high,True
"HNo 171, Alpha Heights, Station Path, Next to Metro Station, Shukrawar Peth-Pune, Pune, Pune, Maharashtra, 411002",411002,PO-411002-ce771f,clean,False
"Housee 55770,, Bttea Towr,, MainR Raod,, Bedie ospital,, sinhgad tcehnical eduction socieyt,, PPuune,, Pnee,, hm,, 11411041",411041,PO-411041-a32f3b,high,True
"house 219, Saii Tower, nex tto park, sinhgad technical education societ, PPune, Punee",411041,PO-411041-a32f3b,low,True
Room 8 AIHEIGHTS Beihnd School snhgad technical eduction society Pnu 411014,411041,PO-411041-a32f3b,medium,True
huouse 479 Beta  Ennclave MIAN RAD Beside us Stpo iSnhgad Technical EEducation Soc upnee PPuen Mh 411104,411041,PO-411041-a32f3b,medium,True
"HNo 645, Sai Enclave, Station Marg, Next to Bank, Sinhgad Technical Education Society, Pune, Pune, Maharashtra, 411041",411041,PO-411041-a32f3b,clean,False
"shop  006,, SSShree Scoiety,, makret aen,, Near Pashnae BO,, Sihgad Technical Edcuatio Society,, neu,, pne,, 110441",411041,PO-411041-a32f3b,high,True
latt No 632 sai aparrtmeents lin kane NNr RaviwarPeth Sinhgad Tcehniical Education Society uen h 44110441,411041,PO-411041-a32f3b,medium,True
llot 59 sairseiedncy mainstreet rN N.DD.A. hadakwasla sinhgad technical decation  soc EN eu M 14101,411041,PO-411041-a32f3b,high,True
"nhoo 6844, alphaapatents, Saion Marg, ext tob uss top, sinhgaad technical educatinsociety, Peuen, Pnueee, Mahraasthar, 41110014",411041,PO-411041-a32f3b,high,True
"HNo 21, Sai Apartments, Market Path, Behind Bus Stop, Sinhgad Technical Education Society, Pune, Pune, Maharashtra, 411041",411041,PO-411041-a32f3b,clean,False
"HNo 782, Sai Apartments, Station Path, Opposite School, Sinhgad Technical Education Society, Pune, Pune, Maharashtra, 411041",411041,PO-411041-a32f3b,clean,False
Rom265 bet aheigts nnear  kothrud Sinhgad Techical Edcation Soc uPnne ue hh 41014,411041,PO-411041-a32f3b,medium,True
"Shop 9223, Alpha  Heights, Mraket Rd, rn hospital, sinhgad technnical education soc, Puune, Pun, M, 41104",411041,PO-411041-a32f3b,low,True
Shhop 30 AAlpha SSoc bbeside bus tsop Snhgadd Technical Education Soc Puee PPue Maaarshtra 4110441,411041,PO-411041-a32f3b,medium,True
"shop 726, Apha Complex, Linkk Street, beside hopsital, Sinhgad Technical ducation Society, Pnue, Puen, mahaarashtra, 4111041",411041,PO-411041-a32f3b,low,True
"House 829, Alpha Complex, Link Street, Behind School, Sinhgad Technical Education Society, Pune, Pune, Maharashtra, 411041",411041,PO-411041-a32f3b,clean,False
"Flat  No7776,, SHREEAPATRTMENTS,, Liin Rd,, beehind abkn,, Sinnhad Technical Education Societ,, pnue,, nPu,, Maharsahhtar,, 4111041",411041,PO-411041-a32f3b,high,True
"hno 573, shreee enclave, Market ath, eBside Hospital, sinhagd technical education society, Punne, Punne, Maharashra, 4110041",411041,PO-411041-a32f3b,low,True
"Sohp 236, eBta Residency, stationmarg, Besied School, inhgad technical education soc, upne, Punne, 41041",411041,PO-411041-a32f3b,low,True
"House 564, Shree Enclave, Station Lane, Behind Hospital, Sinhgad Technical Education Society, Pune, Pune, Maharashtra, 411041",411041,PO-411041-a32f3b,clean,False
"llFt No 630,, Beta Resdnc,, ARKE TROA,, Oppp Shcool,, ssinhgad technical educaion soiety,, ne,, Pun,, Maahrashhta,, 41410",411041,PO-411041-a32f3b,high,True
sho p30 Beta oScc Liink Rad Opposiite  Temple Sinhgad Technial Educaton Society uune unee 110041,411041,PO-411041-a32f3b,medium,True
Rooom 2666 Bta Heihgts Behind arrk Singgad Technical Education Society PPuune maharasrta 4111041,411041,PO-411041-a32f3b,medium,True
Shop 867 AAlpha So Near Bank Sinhgad Tecnical Eucation Soc PPuen pnee maharashtra 41101,411041,PO-411041-a32f3b,medium,True
Flat oo 90-alpha ccopmplex-Behiind oHspitaal-SinhhgadT echnical Educatio Soc-Pnnuee-puene-hh-4110144,411041,PO-411041-a32f3b,high,True
Rm 6033-ShreeA prtmments-BEHIIND TTEMPEL-sinhgaaad techniccal education soc-Pue-EU-MM-41101,411041,PO-411041-a32f3b,high,True
"houes9,, i Towerr,, StationPatth,, NearrBus Sto,, Sinhgad Techniall Education oc,, Pnne,, mmm,, 41111014",411041,PO-411041-a32f3b,high,True
"hno937, alpha twer, Sttion Lane, Behind Hosital, sinhgad technicale ducation soc, Pue, Punee, M, 411041",411041,PO-411041-a32f3b,low,True
hSop  320 BBeta ower markte maarg oopp hosital inhgad Technical Education Soicety PPnue Pnune,411041,PO-411041-a32f3b,medium,True
"house 54, Alpha Heiights, Statiion Rd, opposite bs stop, sinhgad tehnical education soc, Pue, Pnue, M, 41141",411041,PO-411041-a32f3b,low,True
houuse 8227 Beta ompleex mainpaath NEXT  TO PAKR iSnhgad Technical EducationS oc Pnee un maahrashta,411041,PO-411041-a32f3b,medium,True
"Plto 879, BBeta Soc, LLink Rd, Behind Bus Sttop, Sinhggad Technical Education Soc, Puune, puune, Mhh, 11041",411041,PO-411041-a32f3b,low,True
"Shop 429, Sai Heights, Main Path, Near Hospital, Sinhgad Technical Education Society, Pune, Pune, Maharashtra, 411041",411041,PO-411041-a32f3b,clean,False
oHuse e977 SHREERESDIENCCY statoin mmar BesiddeS chol sinhgad techhnicale ducationn soc PPne eu Mharaashta 4411014,411041,PO-411041-a32f3b,high,True
Pltoo 70-Shree Sciiety-tation nLae-NNr  oHspital-Sinhgad TTechnicalEducation Soicety-Pnue-Maaharsthra-40141,411041,PO-411041-a32f3b,high,True
"HNo 27, Beta Heights, Main Street, Next to Park, Sinhgad Technical Education Society, Pune, Pune, Maharashtra, 411041",411041,PO-411041-a32f3b,clean,False
"Ploot 512, Beta Heigths, next to bnak, sinhagd technical education society, Puen",411041,PO-411041-a32f3b,low,True
hno   13 apha  ressidency Linnk Srteeet OPPOSITE METRROS TTAION Sinhgaa Technical Edcation Society Punnee pu 4411041,411041,PO-411041-a32f3b,high,True
"Room 478, Alpha Tower, Market Lane, Opposite Bank, Sinhgad Technical Education Society, Pune, Pune, Maharashtra, 411041",411041,PO-411041-a32f3b,clean,False
"rroom 617, Shree Sco, station laen, Opp Prk, Sinhgad Technical Education Socc, PUNNE, Punne, maharashtar, 4411041",411041,PO-411041-a32f3b,low,True
roo9 47 alpha ennclavve BEEIDE PARK Singad Techniccal Education Soc pnuue ppuune h 411104,411041,PO-411041-a32f3b,medium,True
HOUSE337 hree nclave maiinmarg nex to metro statio sinhgad tecnhicaleducation society pe m 411001,411041,PO-411041-a32f3b,medium,True
"Shop 261, Beta Heights, Market Street, Beside School, Solu, Pune, Pune, Maharashtra, 412105",412105,PO-412105-355c4d,clean,False
Plto 965 bet rsidency Lnk R Behin Temple ol Punnne Puune,412105,PO-412105-355c4d,medium,True
room7 9 Alpha Ennnclave Station SStreett Bhind TTemple OSL un ue mhaashtra 421015,412105,PO-412105-355c4d,medium,True
"hno 8223, Sai  Society, Station  Rd, NrTemple, ssolu, Pne, PPune, 142105",412105,PO-412105-355c4d,low,True
hnoo 1173 bbeta hights lik mrg NR  RASHTRA BHASHABHAVAN Slu uen Puuen h 41015,412105,PO-412105-355c4d,medium,True
Fllta o 303 alhpa enclav Maainn Roa NXT TH OSPITAL SSollu PPeun puueen Mhh 142105,412105,PO-412105-355c4d,high,True
"Plot 448, Shree Complex, Link Marg, Near Shaniwar Peth-Pune, Solu, Pune, Pune, Maharashtra, 412105",412105,PO-412105-355c4d,clean,False
Pllto 192 shrrree heights Nae rSchool sslou un PPne mahaarshtrra 44122105,412105,PO-412105-355c4d,medium,True
"rooom 851, beta encave, linkk lane, next to bs stop, slou, pun, Mhh, 4121005",412105,PO-412105-355c4d,low,True
"House 456, Sai Residency, Station Lane, Behind Bus Stop, Solu, Pune, Pune, Maharashtra, 412105",412105,PO-412105-355c4d,clean,False
hoouse8 25-SShreee Coplex-Mai nMarr-Behiinnd Bus Stp-soslu-Pu-pen-41055,412105,PO-412105-355c4d,high,True
Rooom 54-Sree Socetty-nxt otpark-ou-u-npune-MMMMh-4121005,412105,PO-412105-355c4d,high,True
"Room 751, Alpha Heights, Market Path, Next to Park, Solu, Pune, Pune, Maharashtra, 412105",412105,PO-412105-355c4d,clean,False
"Plot 983, Alpha Society, Main Path, Behind Hospital, Solu, Pune, Pune, Maharashtra, 412105",412105,PO-412105-355c4d,clean,False
"no  6692, Shhree Socie, Satioon Lane, Besidde Tepmel, olu, Pee, Pnueu, 41105",412105,PO-412105-355c4d,high,True
FLTNO 758 Shree Apartennts Oppoiste Hospitla SSlou Punen pnu 42150,412105,PO-412105-355c4d,medium,True
oRom2 79 Aplha  Tower SttationR oad behint emple Suol unPe Pueen Maharasrha 412205,412105,PO-412105-355c4d,medium,True
hno 119 ALPA HEGIHTS Statoin dR next too school lSu pen Pune,412105,PO-412105-355c4d,medium,True
"ho 180, ALPHA RESIDENCYY, MMarket Street, nr buss top, oSlu, Puen, Puen, m, 41210",412105,PO-412105-355c4d,low,True
flat  no 23 beta  soceity statoin sreet Near  PPark Sllu Peu un 4121,412105,PO-412105-355c4d,medium,True
"Rooom 388, sai encllave, MAN STREET, Beside Metro Stationn, Slou, Pne, uPne, Mahrashtra, 4112105",412105,PO-412105-355c4d,low,True
Houe 5541 alpha coopmlex rket marg OOPPOSITE TEMPPLE SOLLU Pe MMMh,412105,PO-412105-355c4d,medium,True
orom 1 lphaa oSciety Main M rg nex tto bank ou Pueee 121,412105,PO-412105-355c4d,high,True
"Rooom 581, sai eclave, LLink Road, nextt o park, Sou, uPne, punne, mhh, 4112105",412105,PO-412105-355c4d,low,True
"HNo 829, Beta Enclave, Link Lane, Near Bank, Solu, Pune, Pune, Maharashtra, 412105",412105,PO-412105-355c4d,clean,False
"Room 58, Shree Heights, Link Marg, Beside School, Solu, Pune, Pune, Maharashtra, 412105",412105,PO-412105-355c4d,clean,False
"Room 449, Beta Soiety, Opp Merto Station, soul, une, punne, hm, 41205",412105,PO-412105-355c4d,low,True
"House 735, Shree Heights, Market Lane, Beside Bus Stop, Solu, Pune, Pune, Maharashtra, 412105",412105,PO-412105-355c4d,clean,False
"Shopp 429, alpha residncy, marrket street, beside pakr, SSolu, Pne, Pun, 4121005",412105,PO-412105-355c4d,low,True
"hn 795, Beta Apartmentss, main lnae, nex to bank, oSlu, Pnue, une, maharashtrra, 4121005",412105,PO-412105-355c4d,low,True
"room 7277, Beta Reisdency, Statio nRoad, next to metro sation, slou, Pue, Pnue, 142105",412105,PO-412105-355c4d,low,True
"Plott 798, sai neclave, Link Marrg, NearSchool, SOOLU, pun, une, hM, 4121055",412105,PO-412105-355c4d,low,True
shop 14-ShreCoomplex-arkte Ptah-Oopsite Hospital-soolu-uPPne-PNE-Marashra,412105,PO-412105-355c4d,high,True
hnoo685 Sai partemnts MARKET LANNNE nr ddeccan gymhkana Soolu Puune PPPUNE mmaharashrta 14215,412105,PO-412105-355c4d,medium,True
shop  72 Alpha Residennncy MRAKET MAGR N Sus  B.O Slouu nue PPun Mhhh 412105,412105,PO-412105-355c4d,medium,True
"housse 874, Sai Complexx, Main Pth, oppoiste park, OSLU, punne, Pun, MAHAARSHTRA, 41215",412105,PO-412105-355c4d,low,True
"Plot 751, Beta Complex, Link Marg, Beside Hospital, Solu, Pune, Pune, Maharashtra, 412105",412105,PO-412105-355c4d,clean,False
"Shop 7994, beta toweer, Lin kPath, Nearr Park, soolu, pnue, Pnue, h, 42105",412105,PO-412105-355c4d,low,True
"Room 62, Shree Residency, Link Marg, Beside Metro Station, Solu, Pune, Pune, Maharashtra, 412105",412105,PO-412105-355c4d,clean,False
Roo 71 sai resindcy Oppostie oHspital SSou PUUN 42110,412105,PO-412105-355c4d,medium,True
Shp 350 Alpha  Apatments SSTATIO NRD Besid eHosspital Sul Pne m 412051,412105,PO-412105-355c4d,medium,True
h n773 Aa Enclave mi street bsideee metro station ol puunen UPUE 412115,412105,PO-412105-355c4d,high,True
"Shop 7777, Apha Soc, MarketMarg, Besidde Park, rspf, punee, Pue, hM, 141022",411022,PO-411022-5b8fce,low,True
Roo m94-Bte  Apartments-MMMai nRd-eNa Hosital-rSpfp-unnee-puuunne-aharashtra-110222,411022,PO-411022-5b8fce,high,True
"flaat  no 2266, Aplh aSco, markket  ath, oopp ank, Srrrfp, puunnee, Penn, 41112022",411022,PO-411022-5b8fce,high,True
ho 8804 bea heihgts NrTempe SSrp Puuune puun mahharaashtra 11202,411022,PO-411022-5b8fce,medium,True
"Hose 506, lpha Soc, arket lane, Behind aPrk, Srf, Pue, puen",411022,PO-411022-5b8fce,low,True
hhno44-SSI SSOCIETY-Mai nPaah-near ohptal-Sffr-puuee-ppuen-hM-4122,411022,PO-411022-5b8fce,high,True
lt7 5 alhpa hieghtts tato nLane next o  metro statio Sprpf PNN PNNE mhh,411022,PO-411022-5b8fce,high,True
"oomm  809,, apha heeighhts,, main nsteet,, Behinnd Bus  Stoop,, rfSp,, une,, 41120",411022,PO-411022-5b8fce,high,True
"FALT NO 970, sai apartmeents, markte lane, near bavddhan so, SPF, PPune, uPne, MHH, 4111022",411022,PO-411022-5b8fce,low,True
Poot3 22-Bta Residency-Lin ktSrreet-OppTeml-SSSrpf-ue-ne-AMARASHRTA-4441022,411022,PO-411022-5b8fce,high,True
"Sohp 505, Btea Enclave, Main Pah, Behhind Bus Stop, Sprf, Puen, h, 41102",411022,PO-411022-5b8fce,low,True
"HNo 404, Shree Heights, Link Road, Opposite Metro Station, Srpf, Pune, Pune, Maharashtra, 411022",411022,PO-411022-5b8fce,clean,False
noo 41 a iToweer marke tan BBesidde Metro Stattion Srpf PPu PuPPne mahharasshta 1422,411022,PO-411022-5b8fce,high,True
RRom 74 Sai Resdeency ManiPatth behind mmetro ttion Srrrppf un Punee 411022,411022,PO-411022-5b8fce,high,True
"PLOT  668, Beta Resideny, Market aLne, Near  Temple, ssrpf, Pun, hm, 41022",411022,PO-411022-5b8fce,low,True
"Plo t51333, shreeocmplx, Lnik Ra, NER BAAANK, rrrpf, punee",411022,PO-411022-5b8fce,high,True
"Plot 16, Sai Commplex, Link  Road, Near Hspital, Srfp, Pnue, upne",411022,PO-411022-5b8fce,low,True
"ho 110, Alpha Encllave, Opp Metro Statiion, Sprf, Punne, une, 141022",411022,PO-411022-5b8fce,low,True
Houuse 3112 Shreee Apartmentts Market Rdd OppTempel sssrpf Pn peu mh 141022,411022,PO-411022-5b8fce,medium,True
"HNo 783, Beta Heights, Market Path, Near Lohogaon, Srpf, Pune, Pune, Maharashtra, 411022",411022,PO-411022-5b8fce,clean,False
Ploto 54 Beta Cooomplex MaretM arg ebide bank spf uPn Peu h,411022,PO-411022-5b8fce,medium,True
"hpo7 51,, Alpha Copex,, MaaniMarg,, Nr Bhvaain Pteh,, rsrpf,, puuunee,, PPne,, 441102222",411022,PO-411022-5b8fce,high,True
"Sho  18,, shrre eheights,, nextot bus sop,, rpf,, une,, PNEE,, Mhhh,, 4102222",411022,PO-411022-5b8fce,high,True
"Room 9942, shree apaartments, Link Stree, naer airport pune so, Srfp, Pnue, punee, 4111022",411022,PO-411022-5b8fce,low,True
Flat  oN 45-Beta esidnccy-n hoosptial-ppf-Pee-MMM,411022,PO-411022-5b8fce,high,True
Flt No 846 SHRETO WER ttaton Street ner n.d.a. khaddakwalsa psrpf pue Pne MMMMh 4441102,411022,PO-411022-5b8fce,high,True
flat no  876-btea hheighhts-main roaaa-next to hosopitl-Srpp-ue-PPUNE-Mahrashttra-1411022,411022,PO-411022-5b8fce,high,True
"Flat No 773, Shree Complex, Market Street, Opposite Bus Stop, Srpf, Pune, Pune, Maharashtra, 411022",411022,PO-411022-5b8fce,clean,False
"Shop 845, Beta Society, Market Path, Opposite Metro Station, Srpf, Pune, Pune, Maharashtra, 411022",411022,PO-411022-5b8fce,clean,False
shop449 Alha TTower Statio RRd Beside Hopitall Spr pnu haarashtra 4110222,411022,PO-411022-5b8fce,medium,True
hhno7 27 Sai oSciet arket strete behniid bank SSPRF uPnee 41102,411022,PO-411022-5b8fce,medium,True
"LPOT 660, Alpha  Enclave, Mai nLane, nexxt to hospital, RPF, pun, Punne, Maharashtraa, 141022",411022,PO-411022-5b8fce,low,True
"SHO P937, ShreeSoc, Neear Hospital, Srfp, une, 41022",411022,PO-411022-5b8fce,low,True
Sop 47 bet aenclavve aMrrket Rd Opp Hosiatl pSrf uuPne PPue amhaarashtra 110222,411022,PO-411022-5b8fce,medium,True
NHO679 Allph Soc MAREKT MAG Behind BaBnk sf Pune Mharashtar 411102,411022,PO-411022-5b8fce,medium,True
"flaat no 7, Alppha Heights, Markett Path, next t otemple, SSrpf, puune, PPune, maharsahtra, 11022",411022,PO-411022-5b8fce,low,True
"plot 41, shreee heights, Link Patth, Behind Hopital, SRRPF, puen, Pun, Maharahtra, 41102",411022,PO-411022-5b8fce,low,True
"Flat No 855, Sai Tower, Link Street, Next to Park, Srpf, Pune, Pune, Maharashtra, 411022",411022,PO-411022-5b8fce,clean,False
Hoous 53 AlpahCommplex MAIIN PPPATH ppsotie Hospital psf Punne Pen,411022,PO-411022-5b8fce,high,True
hno 4888-srhe towr-MarkeRtooad-Opposite Bsu SSto-spf-Puen-pen-44111022,411022,PO-411022-5b8fce,high,True
HHouse 85 Beet aApartments Statino Strreet Besde Prk rSrpf PUUNEE Pe Maharaashtraa 41212,411022,PO-411022-5b8fce,medium,True
Fat No 6657 Alhpa Ennclave Beside Metro Sattiion rpff PUUNEE Pneu 411022,411022,PO-411022-5b8fce,medium,True
"Room 746, Alpha Residency, Station Lane, Near Metro Station, Sus, Pune, Pune, Maharashtra, 411021",411021,PO-411021-3cdc26,clean,False
FFat o 217 shhree enclavee arktRoad ext topaark s Puune ppen mahharashtrra 410121,411021,PO-411021-3cdc26,high,True
shpo 5954 Beta SSoc next to ohsiptall ss un nu 411201,411021,PO-411021-3cdc26,high,True
"Plot 2886, Alpha wTr, Nr Dnkwadi, sss, uPne, nu, MMharaashtra, 44110021",411021,PO-411021-3cdc26,high,True
"HNo 536, Beta Residency, Link Marg, Next to Metro Station, Sus, Pune, Pune, Maharashtra, 411021",411021,PO-411021-3cdc26,clean,False
"hnno 838, Sai Rseidency, Station treet, Beihnd Temple, Suss, Punee, uPne, 141021",411021,PO-411021-3cdc26,low,True
POT9  24-eBtaa Sciety-opp sccohol-SSS-ppen-hM,411021,PO-411021-3cdc26,high,True
"no73,, SHRE ESSCIETY,, ai Steret,, next ot schoool,, S,, Pune,, PPUUNNE,, 4211",411021,PO-411021-3cdc26,high,True
"FFlat No 87733,, alpah comlexx,, ain Lane,, Oposte Metro Sation,, SSus,, pnue,, PPen,, 410121",411021,PO-411021-3cdc26,high,True
"flat no 7742, shree hegihts, nr dhanori .o, su, Puen, 411012",411021,PO-411021-3cdc26,low,True
"Plot 557, Sai Residency, Station Lane, Near Bus Stop, Sus, Pune, Pune, Maharashtra, 411021",411021,PO-411021-3cdc26,clean,False
"lFlat N 658,, Sai Hgeihs,, enxt to metroo tsation,, Ssu,, Punuee,, 44101121",411021,PO-411021-3cdc26,high,True
oom 833 Si pAarments NEX TO BANK S ne hMhh,411021,PO-411021-3cdc26,high,True
"sho p622, Sai Encave, Link Laen, Beside uBs Stop, suus, Pne, maharasshtra",411021,PO-411021-3cdc26,low,True
"Flat No 271, Alpha Complex, Link Lane, Next to Hospital, Sus, Pune, Pune, Maharashtra, 411021",411021,PO-411021-3cdc26,clean,False
"House 787, Beta Heights, Main Path, Beside Park, Sus, Pune, Pune, Maharashtra, 411021",411021,PO-411021-3cdc26,clean,False
"house948, shree reidency, Station Paht, Near E. Serviceman Colony, Su, une, Puune, m",411021,PO-411021-3cdc26,low,True
plot 485 shre cmoplex Station Rd Besiide Schoo sus Pune une maharshtar 4111012,411021,PO-411021-3cdc26,medium,True
Soh 7999 SaiR esidencc Link Street BESIDHEOSIPTAL uuSs Puuenn MMaharasthar 11021,411021,PO-411021-3cdc26,high,True
"PLOT734,, lphha Hieghts,, Market ta,, oopp aark,, Susus,, PPPUEN,, PPnuue,, M",411021,PO-411021-3cdc26,high,True
hues 909 hsree oc market street Nr tMro Station sSu nPue Pneu Mahaarhtra 1021,411021,PO-411021-3cdc26,medium,True
"Shop 553, Sai Resiidency, Market treet, BBEHIND HOSPITAL, ssu, Punee, uPne, mahraashtra, 4111021",411021,PO-411021-3cdc26,low,True
"House 319, Shree Twer, Nr Kasbba Peth, ssu, Puen, pun, mhh, 4110021",411021,PO-411021-3cdc26,low,True
"fal to 315, Beta partmetns, ttatiion Marg, oopposite hhoospital, SSS, nPune, Pune, 110021",411021,PO-411021-3cdc26,high,True
"Shop 517, Sai Enclave, Market Lane, Near Warje, Sus, Pune, Pune, Maharashtra, 411021",411021,PO-411021-3cdc26,clean,False
"Plo 13,, Beat Tooewr,, Linkk Marg,, NearTempl,, SSSsu,, pnnne,, PPPne,, 44111201",411021,PO-411021-3cdc26,high,True
"Fla No3, SHRE EAPRTTMENTS, Marketa Lnne, Oppoit eBus Stoop, ssu, nu, pe, MHARASHRTRA, 41102221",411021,PO-411021-3cdc26,high,True
Polt 58 Sai esdenncy Marke  Road OP TEMMLE Su nP une 42101,411021,PO-411021-3cdc26,high,True
"HNo 172, Sai Complex, Market Path, Near Temple, Sus, Pune, Pune, Maharashtra, 411021",411021,PO-411021-3cdc26,clean,False
"Plto 610, Alpha TTower, Main Marrg, eNar School, Su, pnue, Pnue, 411012",411021,PO-411021-3cdc26,low,True
"Sohopp 207, Shre  Towr, Sttaion  Path, Near Kasba tPe, uss, punnne, PPnne, 4110001",411021,PO-411021-3cdc26,high,True
"Plot 56, sshree residency, Sttion Road, ear bank, Ss, PPune, 410121",411021,PO-411021-3cdc26,low,True
"FFlat No 732, Shree SSoc, next to templle, Suss, pnue, Pnue, 41121",411021,PO-411021-3cdc26,low,True
SHOOOP 645 SaiTTower arket  Lane next to hospital Sus PNU 41102,411021,PO-411021-3cdc26,medium,True
"hnno 433, Sai Cmoplex, Nr Ghorpuri Baza, Suus, punee, une, Maharashra, 41101",411021,PO-411021-3cdc26,low,True
"HNO9 25, Beta Reesidency, MAI STREET, opposit etemple, uss, UPNE, puune, maharashta, 4110021",411021,PO-411021-3cdc26,low,True
"House 96, Sai Apartments, Link Marg, Behind Bus Stop, Sus, Pune, Pune, Maharashtra, 411021",411021,PO-411021-3cdc26,clean,False
"Roo m809, sai heghts, Beside Scholo, Suus, Pue, 141021",411021,PO-411021-3cdc26,low,True
"hon 144, sa tower, station street, BESIDEE HOSPITAL, suss, Puen, pnue, Maahrashtra, 411012",411021,PO-411021-3cdc26,low,True
"ploot 680, Beeta Enclave, Lin kLane, beside templle, us, Puune, une, Maahrashtra, 11021",411021,PO-411021-3cdc26,low,True
Shoop 51 shree sociey near waonwaarie us Punee pnne MMahaarashtra 4110121,411021,PO-411021-3cdc26,medium,True
Plot 585 Shree Enlcavve nearb ajira ord usus upen unne hh 110021,411021,PO-411021-3cdc26,medium,True
"NHO 52, BetaEnclave, Statoin Path, NEAR DR.B.A.CHOWK, Swargat, uPne, Pnue, hM, 4111042",411042,PO-411042-008563,low,True
SSopp 681 Beata esidency mrkae tpath Beesde Bus Sttop swwaagate uupnne MMh 110,411042,PO-411042-008563,high,True
"HSE 04,, ShreeH  eigts,, Marrrket Strete,, na khadakwaslla r.s.,, SSwragatte,, puuen,, uuuPne,, h",411042,PO-411042-008563,high,True
"Flat No 656, Shree Apartments, Link Lane, Beside Temple, Swargate, Pune, Pune, Maharashtra, 411042",411042,PO-411042-008563,clean,False
"Flat No 35, BetaR esidency, linnk lane, nearshivajinagar, Swargte, une, uPne, MMh, 4110442",411042,PO-411042-008563,low,True
"Room 26, beta ssociety, ain Marg, Behind  Temple, Swragate, uPne, Pnue, 4411042",411042,PO-411042-008563,low,True
"Flat No19, BETA HEIGTHS, sttation lane, next to etmple, swagate, Puune, pun, hm, 4110442",411042,PO-411042-008563,low,True
lPot  106 sai rsiency lik pth ebsied park Swagratte Puune Puue Mahaarsshtra 1142,411042,PO-411042-008563,medium,True
"sohp 810, AlphaApartments, ain Street, behind metro statoin, swarrgate, punee, Punne, MHH, 41102",411042,PO-411042-008563,low,True
Fla No93-aalpph tower-BESID NAK-sswargtte-puenee-411024,411042,PO-411042-008563,high,True
"Shop 124, Alpha Enclave, Main Lane, Beside Park, Swargate, Pune, Pune, Maharashtra, 411042",411042,PO-411042-008563,clean,False
"Shop939, Betta Tower, beside bus stopp, Swargae, ppune, uPne, maharahtra, 4111042",411042,PO-411042-008563,low,True
"House 76, alph complex, Staion Road, nnext to park, Swrgate, Punne, Pne, 41042",411042,PO-411042-008563,low,True
"ouse 241, Shree Resdiency, Bside School, Swwargate, pun, punee, maharahstra, 4110422",411042,PO-411042-008563,low,True
House 589 aplha socciety nex to metor station Swargggate nue pune 11042,411042,PO-411042-008563,medium,True
"Shop1 76, Sai EEnclave, Station Roda, Beehind Bank, Sawrgate, pue, Puen, h, 4411042",411042,PO-411042-008563,low,True
no 172 Alpha Apaments markt pat BBehind Hospital Swaargate pu M 4110042,411042,PO-411042-008563,medium,True
Plot 225 Beta Aparrrtments Statioonn Rd NrS wargatte Sawrgatte upen UEN MAAHARASHTRAA 411022,411042,PO-411042-008563,medium,True
House 727 SSi Tower staation pat oppositte teple Sawargate uen uPe,411042,PO-411042-008563,medium,True
"polt 437, alpha socity, Main Steet, r Park, swaragte, Pue, uPne, HM, 410142",411042,PO-411042-008563,low,True
"Plot 676, Alpha Complex, Main Street, Behind Metro Station, Swargate, Pune, Pune, Maharashtra, 411042",411042,PO-411042-008563,clean,False
Rooom 806 AApha Tower liink pth Opposite Hospia Swarte PPuen Pnune Mahraashtar,411042,PO-411042-008563,medium,True
house 26 bte apartments lnk marrg Behiinnd Bank Sargate Pue Pnnue Mh 44111042,411042,PO-411042-008563,medium,True
"rom 379, saai residney, Main  Maarg, eesdie Park, Swragattee, punen, npe, maahhaarashtra, 4110042",411042,PO-411042-008563,high,True
"no 624, Alpha esidency, main apth, r Park, Swargaet, Puune, puen, maaharashtra",411042,PO-411042-008563,low,True
"Shop 558, Beta Apartments, Market Marg, Behind School, Swargate, Pune, Pune, Maharashtra, 411042",411042,PO-411042-008563,clean,False
"ouse 653, beta heiights, Opp Teemple, wsargate, puune, Maharashrta, 4110042",411042,PO-411042-008563,low,True
"ouss 457, ALHAA PARMTENTS, MMainn dR, eBsieH ospital, swagrateee, Pn, nue, 1120",411042,PO-411042-008563,high,True
hno 821 SShree  Tower Behind osspital SWAATE UPNEE upen Mhhh 411102,411042,PO-411042-008563,medium,True
"Plot 540, Alpha Complex, Station Path, Behind Bank, Swargate, Pune, Pune, Maharashtra, 411042",411042,PO-411042-008563,clean,False
"Plot 820, Beta Heights, Market Lane, Near Navsahyadri, Swargate, Pune, Pune, Maharashtra, 411042",411042,PO-411042-008563,clean,False
"House 79, Shree Apartments, Main Path, Near Metro Station, Swargate, Pune, Pune, Maharashtra, 411042",411042,PO-411042-008563,clean,False
"HNo 598, Sai Apartments, Station Marg, Behind Temple, Swargate, Pune, Pune, Maharashtra, 411042",411042,PO-411042-008563,clean,False
"HNo 530, Beta Enclave, Station Street, Opposite School, Swargate, Pune, Pune, Maharashtra, 411042",411042,PO-411042-008563,clean,False
"nho 787, alphha heights, Near Bus Stp, wSargate, Pue, punee, Maharahstra, 4110442",411042,PO-411042-008563,low,True
"hn 105, si enclave, man path, NrM etro Station, Swargaet, uPne, une, h",411042,PO-411042-008563,low,True
"Hosue 29, Shree Comple, station steet, enxt to bank, wSargate, Punne, PUNNE, h, 411024",411042,PO-411042-008563,low,True
"Flat   No931,, aS Sco,, MaiinMaarg,, Neear  Teemple,, Swaargtate,, ppnuue,, puunn,, hm,, 411142",411042,PO-411042-008563,high,True
rroom 1172 beetaa residency Opp School wSarrgate PPunee Mhharashtra 410042,411042,PO-411042-008563,medium,True
"Flat No 763, Shree Complex, Station Path, Beside Metro Station, Swargate, Pune, Pune, Maharashtra, 411042",411042,PO-411042-008563,clean,False
"PPlott118,, Shree Hegtsh,, ark tLane,, ear aank,, Swagate,, Puen,, pne,, mmaahrashtr,, 41001442",411042,PO-411042-008563,high,True
"House 278, Beta Society, Market Lane, Beside Metro Station, Swargate, Pune, Pune, Maharashtra, 411042",411042,PO-411042-008563,clean,False
Housee 867 srhe eheights LKN MARG neaar bu stop T.V... Ngr Puuen nue h 411137,411037,PO-411037-2d2e43,medium,True
"flat no 71, Shhree Complex, Link Lae, near pak, t.v. nnagar, Pue, Punee, Mahraashtra, 411037",411037,PO-411037-2d2e43,low,True
ho  692 AlphaHeigts Mraket Rdd OPP TEMLEP TV. Ngrr pune Pnne 1410337,411037,PO-411037-2d2e43,medium,True
"flat no 8556, Alpha Coplex, Market Lanee, Nr SS..C.Exam Board, t.v. gnr, ppune, Punee, 4110377",411037,PO-411037-2d2e43,low,True
Houes 47 Shree Heighttss lik lane Bsiide Hospital T.V. gr Pu mmhh 411037,411037,PO-411037-2d2e43,medium,True
"HNo 642, Sai Apartments, Link Marg, Behind Temple, T.V. Nagar, Pune, Pune, Maharashtra, 411037",411037,PO-411037-2d2e43,clean,False
hno83 BEETA TOWWER aMret Lane Besidee aPrk ttv. ngr Pune 41130,411037,PO-411037-2d2e43,medium,True
"Rom 4473, lapha resideeency, ain aane, eNa rark, .V. NgNr, un, 441037",411037,PO-411037-2d2e43,high,True
"Shop 865, Shree Enclave, Market Road, Beside Bank, T.V. Nagar, Pune, Pune, Maharashtra, 411037",411037,PO-411037-2d2e43,clean,False
"Flat No 640, Sai Society, Main Path, Near Hospital, T.V. Nagar, Pune, Pune, Maharashtra, 411037",411037,PO-411037-2d2e43,clean,False
hhoouse 898 BetaR esideency neext to hopsital T.V.  NAGARR un h 411077,411037,PO-411037-2d2e43,medium,True
"Shp 879, Sai Towr, Near Spf, t.v.. ngr, Puen, PUNNE, Mhh",411037,PO-411037-2d2e43,low,True
"Hoes 86, lphaHeight, aket Lane, BBesieH ospital, T.V.   Nr, ne, Mahraashtra, 1073",411037,PO-411037-2d2e43,high,True
"plto 110,, shre esociety,, sstatiion stret,, ehiind Hospiatl,, T.V.. aNgra,, upunee,, uuen,, hhhm,, 110",411037,PO-411037-2d2e43,high,True
"Flat No 135, Alpha Residency, Station Road, Next to Hospital, T.V. Nagar, Pune, Pune, Maharashtra, 411037",411037,PO-411037-2d2e43,clean,False
Shop 67 SaiTower Maino ad op par T.V. NAARG Puuune Pune maahrahstra 1037,411037,PO-411037-2d2e43,medium,True
"Plot 355, Shree Apartments, Market Path, Opposite Bank, T.V. Nagar, Pune, Pune, Maharashtra, 411037",411037,PO-411037-2d2e43,clean,False
Flat  No9122 aSiResidecy Main Street nxttoo hospital .v. nnrg PPnu mhraashtar 4441137,411037,PO-411037-2d2e43,high,True
Plot t514 BTE SOC station lane BesideTempple T..VNgr Peu uune Maharashar 41103,411037,PO-411037-2d2e43,medium,True
Shoop 4483 Sa iHeigghts LINK MMAGR Behind Metro attion T..  Ngr Pnnue Pneu Maharahtrra 4411307,411037,PO-411037-2d2e43,medium,True
poltt 27 shre e enclave aMi Rd Nr Metro Statoiin .V.. Ngr Pne pune Maharashtra 411073,411037,PO-411037-2d2e43,medium,True
"hn 976, Shree Reidency, market rdd, oposite hosptal, TV.Naga, en, uPe, 41037",411037,PO-411037-2d2e43,high,True
House 300 Beatt Soc StatioonPath nrtempel T.V. gaar uen pune h 1410037,411037,PO-411037-2d2e43,medium,True
"lopt  660, shree heigghts, MARKE PT, oppp busstopp, T.V. Naagar, Pun, ueen, aharashatr, 41170",411037,PO-411037-2d2e43,high,True
"Shop 431, Alpha Apartments, Market Lane, Opposite Park, T.V. Nagar, Pune, Pune, Maharashtra, 411037",411037,PO-411037-2d2e43,clean,False
"Flat No 543, Alpha Residency, Main Marg, Near Hospital, T.V. Nagar, Pune, Pune, Maharashtra, 411037",411037,PO-411037-2d2e43,clean,False
HOUUSE910 Beta Ressidencyy Staon Road enxt to bus sotp TV. .Ngr Puue pneu 1410377,411037,PO-411037-2d2e43,medium,True
"hno 120, hree Enclave, next to bus sstop, T.V. Nagaar, PPune, une, Maharashtraa, 411073",411037,PO-411037-2d2e43,low,True
Plt854 betaapatrments maarket  path n tempple t.v. naag PPne,411037,PO-411037-2d2e43,medium,True
"Flat No 219, Shree Tower, Link Street, Beside Hospital, T.V. Nagar, Pune, Pune, Maharashtra, 411037",411037,PO-411037-2d2e43,clean,False
"plot 551, aSi Apartments, nextt to metro station, t..v. ngr, une, Pnue, Mhh, 411037",411037,PO-411037-2d2e43,low,True
"hno 8006, Beta Compplex, market paht, next  to metro station, T.V. NR, Pnue, MAHAARSHTRA, 141037",411037,PO-411037-2d2e43,low,True
lto 946 Alpah eHights SStation Paht near bu stoop .V. Naar nue PPuen Mahraasshtra 11037,411037,PO-411037-2d2e43,medium,True
"Room 462, Alpha Apartments, Main Road, Beside Park, T.V. Nagar, Pune, Pune, Maharashtra, 411037",411037,PO-411037-2d2e43,clean,False
oRmo 6 Sai S link aptth BEEHIN DBANK T.V. NNaggar ppuen Punue hh 11037,411037,PO-411037-2d2e43,medium,True
"Flat No 455, Beta Tower, Link Lane, Near Bank, T.V. Nagar, Pune, Pune, Maharashtra, 411037",411037,PO-411037-2d2e43,clean,False
"Sho p131, Beta Toweer, opposite bus stoop, .V. Nagar, Pnue, 11037",411037,PO-411037-2d2e43,low,True
Plot  193-Be taToer-amni lne-Besidee Bus Stpo-t..v.nnagar-nu-PPune-MMaharashrtaa,411037,PO-411037-2d2e43,high,True
"plot 8005, Shre eEnclave, nexxt to metro station, T.V .Ngr, puune, Punee, Maharashhtra",411037,PO-411037-2d2e43,low,True
"Flat No 309, Sai Apartments, Station Marg, Next to Bank, T.V. Nagar, Pune, Pune, Maharashtra, 411037",411037,PO-411037-2d2e43,clean,False
"hnno 406, BTA COMPLEX, marketstreet, BBeside Metro Station, t.v. ngrr, une, 41107",411037,PO-411037-2d2e43,low,True
"house7 16, beta osciety, Marke tLane, Near Parrk, T.. Ngr, pne, Pue, 4110037",411037,PO-411037-2d2e43,low,True
"Room 282, Alpha Apartments, Market Lane, Next to School, Uttamnagar, Pune, Pune, Maharashtra, 411023",411023,PO-411023-032430,clean,False
"hnnoo 5115,, Alphha  Hieghts,, iMn Path,, beside buuss tp,, Uttamnnagr,, Pu,, Pueen,, Mharasshtraa,, 41102223",411023,PO-411023-032430,high,True
"Sho12, saisooc, Besid Bs SStop, Uttmanaagrr, Punne, uPne, 4410023",411023,PO-411023-032430,high,True
"Shop 105, Beta Enclave, Link Path, Next to Metro Station, Uttamnagar, Pune, Pune, Maharashtra, 411023",411023,PO-411023-032430,clean,False
"sop 77889,, lAlhpa Soc,, mai npaat,, Beside annk,, Utttanmgaar,, NE,, uunPe,, M,, 4111233",411023,PO-411023-032430,high,True
"fla  o 677, bbeeta otwer, iLnk Ma, Benhd Pak, tUttamnagar, nu, Puue, maharastra, 41111032",411023,PO-411023-032430,high,True
room 41 Sai Apartemns mai nath ear Temlpe Utttamagar Puneee Pune 11023,411023,PO-411023-032430,medium,True
Shohp 47 saii compelx Satttion Path Near Buus Stop UTAMNAGAR ue 4110023,411023,PO-411023-032430,medium,True
hno  6311 Alpha Socceity Lin kMargg BEHINNDD PARK Utatmnaagar Pun uPn hMM 441023,411023,PO-411023-032430,medium,True
"Sho 791, aSi Residency, Link treet, Opposite Hospiatl, Uttamangar, Punee, PUN, mahraashtra, 411203",411023,PO-411023-032430,low,True
"housee 962, shre society, Main tSreet, next t bus stop, UTTAMNAAGAR, uPne, Puen, 411032",411023,PO-411023-032430,low,True
"House 299, Sai Heights, Link Marg, Next to Hospital, Uttamnagar, Pune, Pune, Maharashtra, 411023",411023,PO-411023-032430,clean,False
"Shop 249, Alpha Tower, Link Path, Behind Metro Station, Uttamnagar, Pune, Pune, Maharashtra, 411023",411023,PO-411023-032430,clean,False
"Room 6660, Shre eEnclave, Link Street, Opp Prak, UTTAMANGAR, uPne, Punne, hm, 41103",411023,PO-411023-032430,low,True
"flt no  5488, Apha Soociiety, Maarket aaPth, OPP BANNNK, utttamnaagr, un, Puen, 410133",411023,PO-411023-032430,high,True
hn8o 4-Shreenclave-aamn path-Oppoiitte Park-uttamnaagr-Pnue-UNE-MMhhh-410032,411023,PO-411023-032430,high,True
Shppo 334 Shreee Encllave market  llane ehidn School Utamnaga Pn 411023,411023,PO-411023-032430,medium,True
plt 331 Beeta Complexx ManS treet nr shivaji houing osc UTTAMNAGARR upnne Pnuee Mharashra 14103,411023,PO-411023-032430,medium,True
"House 19, Sai Residency, Station Street, Near Metro Station, Uttamnagar, Pune, Pune, Maharashtra, 411023",411023,PO-411023-032430,clean,False
"HNo 925, Sai Enclave, Link Path, Near Bus Stop, Uttamnagar, Pune, Pune, Maharashtra, 411023",411023,PO-411023-032430,clean,False
Roomm9 43 Sa iHeigths MainL aen eBhind Scholo uttamangra puene upn m 411103,411023,PO-411023-032430,medium,True
"RRoom 622, BETAOT WER, Main  aPtth, enxt tto buss stop, UTTAMNGAAR, une, en, maaharrashra, 4111032",411023,PO-411023-032430,high,True
"hno996,, allpa toower,, sattioon paath,, nrr kodnhwa k b.o,, Uttaamnagara,, Punue,, PPun,, MMMhh,, 41112033",411023,PO-411023-032430,high,True
"Shop 319, Shree Tower, Market Marg, Behind Hospital, Uttamnagar, Pune, Pune, Maharashtra, 411023",411023,PO-411023-032430,clean,False
hno11155-Sai Apaattrments-Lnik aPPth-BESIDE  CSHOLO-uttamanarr-Pu-nP-h-41033,411023,PO-411023-032430,high,True
"Room 761, Sai Heights, Link Road, Opposite Park, Uttamnagar, Pune, Pune, Maharashtra, 411023",411023,PO-411023-032430,clean,False
"Shp6693, alpharessidecy, tSatiiion Rd, Besidde Shcolo, ttamnnagar, uuPen, hM, 411123",411023,PO-411023-032430,high,True
"Shop 683, Shree Tower, Market Path, Behind School, Uttamnagar, Pune, Pune, Maharashtra, 411023",411023,PO-411023-032430,clean,False
Hou 966-alpha apatrmns-Market Stret-NNrrBank-Uttaamagr-puunnne-411023333,411023,PO-411023-032430,high,True
hosse 987 shreee nclav next  to paark uttammnaga Pe Puune MAHARAASTRA 41102333,411023,PO-411023-032430,medium,True
rooom 114 Alha esidency eside Metro Stationn Utamnaagr UN hh 4111203,411023,PO-411023-032430,medium,True
"ooom 826,, bta heeightss,, Statiion Street,, next ot temple,, Uttaagar,, NPE,, nPu,, Maahrashta,, 4130",411023,PO-411023-032430,high,True
hSpo 716 SaiHegihts Stiton Path Besiide Metro Sattion uttmanagr uPn nue h 412103,411023,PO-411023-032430,medium,True
"hous e468, Alha Enclave, station lne, Near Hospita, Uttamnaggar, PPune, Mhh, 4411023",411023,PO-411023-032430,low,True
"HNo 49, Sai Residency, Station Street, Opposite Park, Uttamnagar, Pune, Pune, Maharashtra, 411023",411023,PO-411023-032430,clean,False
"hn o799, Sai Residenncy, Markte Path, Opp  Hospital, Uttanagar, Puune, punne, maaharashtra, 141023",411023,PO-411023-032430,low,True
"Room 72, Beta Heights, Station Street, Next to Hospital, Uttamnagar, Pune, Pune, Maharashtra, 411023",411023,PO-411023-032430,clean,False
"Flat No 964, Beta Enclave, Station Street, Behind Temple, Uttamnagar, Pune, Pune, Maharashtra, 411023",411023,PO-411023-032430,clean,False
Huouse 393 SHREEOCITEY LLink Srete nex tot parrk UTNMAGAR PPuuen aarashra 4131,411023,PO-411023-032430,high,True
lPot 81 SSai So Marrket Stret Beihnd Bus Stp Uttmnagar ne Puue Maharasta 4110,411023,PO-411023-032430,medium,True
FltN o 163 Bea Apartmnts Mainn Streeet Near Gondhaale NNgr uttamngr PEN Puuen MMhh,411023,PO-411023-032430,medium,True
"Sho 74, hree Soc, Bseide Temple, Utamnagar, une, upne, Maharaashtra, 141023",411023,PO-411023-032430,low,True
hno  11 alpahh eights beehind metro sttaion adgaon Budru npue Puue M 41100041,411041,PO-411041-6d2d70,medium,True
Roomm  876 bta apartmentts Markett Ptah beside mtero staton VADGAONN BDRUK Puenn Peu MMaharashtrra 4111041,411041,PO-411041-6d2d70,medium,True
"Shop 125, Beta Enclave, Link Street, Beside Bus Stop, Vadgaon Budruk, Pune, Pune, Maharashtra, 411041",411041,PO-411041-6d2d70,clean,False
"HNo 974, Sai Complex, Main Street, Beside Park, Vadgaon Budruk, Pune, Pune, Maharashtra, 411041",411041,PO-411041-6d2d70,clean,False
"ssshop 799,, Alpha Commoplex,, mretpath,, Near BusS  otp,, aVdgaaon Bduruk,, upnee,, PPune,, m,, 4411",411041,PO-411041-6d2d70,high,True
"hno 830, Sai Apartmentts, tation marg, Oppoite Bank, vadgoan budruk, punee, MMh, 411014",411041,PO-411041-6d2d70,low,True
hn o15 alph aenclavve main ssttreet Nera Hospitla vadgaon ubbdruk Punnne Pne maaarashtra 14141,411041,PO-411041-6d2d70,medium,True
"Sohp 709, alpha toower, main llane, NEXT TO  PARK, vadgao nbudruk, PPune, Puen, Mahaarashtra, 411014",411041,PO-411041-6d2d70,low,True
"Room 646, Alpha Heights, Main Path, Near Temple, Vadgaon Budruk, Pune, Pune, Maharashtra, 411041",411041,PO-411041-6d2d70,clean,False
"lFat No 746, shreee residency, Station Stret, next to bannk, Vadagon Budruk, pne, pne, Maharastra, 11041",411041,PO-411041-6d2d70,low,True
Hous 812 sheer tower pposite Hosspital vadgaon budruk ne uune Mahrashtra 411041,411041,PO-411041-6d2d70,medium,True
"Room 815, Alpha Apartments, Link Lane, Beside Bus Stop, Vadgaon Budruk, Pune, Pune, Maharashtra, 411041",411041,PO-411041-6d2d70,clean,False
"room 775888,, lapha hieghtss,, MianMarg,, Besiee ank,, Vadaaaon Budruk,, uPPn,, Pun,, M,, 110141",411041,PO-411041-6d2d70,high,True
"FFlat No 290, Beta Toweer, LNIK LANE, nextto temple, Vadgaon Buduk, Puen, uPne, maharahtra, 141041",411041,PO-411041-6d2d70,low,True
"PPlot61,, alph  aresiency,, ation steret,, behindbus sto,, vadgoano budruk,, Pe,, 4111041",411041,PO-411041-6d2d70,high,True
"Flat No 610, Beta Heights, Station Road, Opposite Park, Vadgaon Budruk, Pune, Pune, Maharashtra, 411041",411041,PO-411041-6d2d70,clean,False
Roo 879 shreet owwer main  margg near mnddhva b.o VVadgaon Budru Puneee mahaastra 410441,411041,PO-411041-6d2d70,medium,True
"Shop 74, alppha heights, market pah, neear hospital, Vadgaon Budrruk, une, Puune, Mahrashtra, 41041",411041,PO-411041-6d2d70,low,True
Flat No7 3 Alpha pAarmtents mmain laane near hadsar Vaadgaon Budurk uPnne pune 4110411,411041,PO-411041-6d2d70,medium,True
FL TNO 942 SSia Heights Beind Tempel vadggaon budrku PPuune Pnu Maharastra 41104,411041,PO-411041-6d2d70,medium,True
o 58 Srree Eclave Lin ktah nex ttto bbus stop Vagann Budruk PPuunee pue,411041,PO-411041-6d2d70,high,True
"Room 8, Beta EEnclave, statio npath, BESIDE CSHOOL, Vadgaon Budrruk, Pue, Pue, Mhh, 41101",411041,PO-411041-6d2d70,low,True
"shopp  118,, SaiEnlccave,, aMin Strrete,, OppTeml,, Vadgoan uBdrk,, unee,, unnee,, M,, 11441",411041,PO-411041-6d2d70,high,True
roomm 82 Sai Resdienyc LinL ane oopp hospiatl Vadgoan udruk nue ppuen 4110114,411041,PO-411041-6d2d70,medium,True
"pplt 397,, Alpha iegts,, Beihnnd Temle,, VVdaaon Budruk,, unne,, Puunn,, HHH,, 41041",411041,PO-411041-6d2d70,high,True
"HNo 134, Shree Residency, Main Path, Near Bank, Vadgaon Budruk, Pune, Pune, Maharashtra, 411041",411041,PO-411041-6d2d70,clean,False
hoousse 468 Alpha Complex in Rd Beside Praak Vadoan Budruk Pnuue punnne mh 41141,411041,PO-411041-6d2d70,medium,True
"House 3355, Beta Residncy, Nrr Hospital, vadgoan budruk, pnue, Puen, maaharashtra, 41041",411041,PO-411041-6d2d70,low,True
"Flat No 210, Beta Heights, Main Street, Near Metro Station, Vadgaon Budruk, Pune, Pune, Maharashtra, 411041",411041,PO-411041-6d2d70,clean,False
"Flat No 970, Sai Heights, Market Marg, Next to Park, Vadgaon Budruk, Pune, Pune, Maharashtra, 411041",411041,PO-411041-6d2d70,clean,False
Roomm6 8 Allpha Socity statiion lan Behind Parkkk Vagaon Budruuk Pnuue uPn 4111014,411041,PO-411041-6d2d70,medium,True
"Room 712, Beta Tower, Main Path, Next to Bank, Vadgaon Budruk, Pune, Pune, Maharashtra, 411041",411041,PO-411041-6d2d70,clean,False
"hnno 217, Shree Appartments, Main Mag, behind hospiatl, adgaon budruk, Puen, pue, hm, 141041",411041,PO-411041-6d2d70,low,True
"Shop 360, Sai Society, Link Road, Near Bank, Vadgaon Budruk, Pune, Pune, Maharashtra, 411041",411041,PO-411041-6d2d70,clean,False
Shpo 7785 sheee soc near scchhool vadaaon budruk ne uen aarashtra 4104,411041,PO-411041-6d2d70,medium,True
"Shop 929, Alpha Apartments, Link Road, Next to Temple, Vadgaon Budruk, Pune, Pune, Maharashtra, 411041",411041,PO-411041-6d2d70,clean,False
"HNo 897, Sai Enclave, Link Lane, Near Metro Station, Vadgaon Budruk, Pune, Pune, Maharashtra, 411041",411041,PO-411041-6d2d70,clean,False
"Room 6, Sai Society, Market Lane, Behind Park, Vadgaon Budruk, Pune, Pune, Maharashtra, 411041",411041,PO-411041-6d2d70,clean,False
"Plot 851, Sai Enclave, Station Road, Behind School, Vadgaon Budruk, Pune, Pune, Maharashtra, 411041",411041,PO-411041-6d2d70,clean,False
"RROOM 756, betaheights, statioon street, Behind Metro SStation, Vadgaon Buudruk, puen, Pnue, hm, 41141",411041,PO-411041-6d2d70,low,True
"House 731, Alpha Tower, Link Marg, Behind Park, Vadgaon Budruk, Pune, Pune, Maharashtra, 411041",411041,PO-411041-6d2d70,clean,False
"HNo 909, Alpha Apartments, Station Marg, Opposite Hospital, Vadgaon Budruk, Pune, Pune, Maharashtra, 411041",411041,PO-411041-6d2d70,clean,False
Flat No5 4 AlpahE nclave BesideHsopital Vadgon Sher PPne M 4110114,411014,PO-411014-4ae8cf,medium,True
Flat No 4409 SHREE TOOWEER tStion Lane Behind  ank Vadgao Shrei npue 140114,411014,PO-411014-4ae8cf,medium,True
Shpo 25 Shree Comlpx Statiio Rd Behiind Pakr vadgaonhseri pne Pune 411114,411014,PO-411014-4ae8cf,medium,True
"fla tno 374, Sai Resideency, LinkS treet, nar school, Vadgaon Sehri, Punne, Pue, M, 410114",411014,PO-411014-4ae8cf,low,True
"Flat No 685, Shree Society, Station Road, Opposite Temple, Vadgaon Sheri, Pune, Pune, Maharashtra, 411014",411014,PO-411014-4ae8cf,clean,False
"shop 852, Sai Heiights, statoin marg, Beside Tempel, Vdagaon Sheri, Pue, PNE, hM, 411014",411014,PO-411014-4ae8cf,low,True
"Plot 906, Sai Heights, Main Lane, Beside Hospital, Vadgaon Sheri, Pune, Pune, Maharashtra, 411014",411014,PO-411014-4ae8cf,clean,False
"Room 698, Sai Tower, Link Marg, Beside Temple, Vadgaon Sheri, Pune, Pune, Maharashtra, 411014",411014,PO-411014-4ae8cf,clean,False
"Plot 6998, alpa complex, Beehind Metro Station, Vadgaon Shheri, Puune, 11014",411014,PO-411014-4ae8cf,low,True
Plot 655 Saii Heightts BessideB ank vadgaonn sheir uen ppuune ahaashtra 4101,411014,PO-411014-4ae8cf,medium,True
"Flat No 199, Beta Residency, Station Marg, Opposite Bus Stop, Vadgaon Sheri, Pune, Pune, Maharashtra, 411014",411014,PO-411014-4ae8cf,clean,False
"ro m69,, Alphaa Towerr,, LKSTREET,, besie hospital,, vadgaon seerhi,, PUNUE,, uuPnee,, 41110141",411014,PO-411014-4ae8cf,high,True
"House 665, Sai Enclave, Market Lane, Near Bank, Vadgaon Sheri, Pune, Pune, Maharashtra, 411014",411014,PO-411014-4ae8cf,clean,False
"hon2 27, sree cmoplex, Sttion PPaht, oppposittee park, VadggaonS hri, PPnne, puunen, hM, 14141",411014,PO-411014-4ae8cf,high,True
"Shop 520, Shree Heights, Market Road, Next to Bus Stop, Vadgaon Sheri, Pune, Pune, Maharashtra, 411014",411014,PO-411014-4ae8cf,clean,False
Plto8222-Beta Rsedenccy-Mia nd-oppoosite hositaal-Vadgaaon Sheriii-Pnue-uuPne-hhh-411000114,411014,PO-411014-4ae8cf,high,True
us 96 shrree  sco Mian ddR eidep ark Vadgaonnh Seri ppne puneu MM 41011,411014,PO-411014-4ae8cf,high,True
SSho p438 hsree complexx Maarket Mag POP BAK Vadgaon Shherri Pune uPe h 411014,411014,PO-411014-4ae8cf,medium,True
SHO P3144 Shree Twoeer Mraket Pat OOpposite Bus Stoop Vadgaon Sri puneee 4111041,411014,PO-411014-4ae8cf,medium,True
"Flat No 23, Shree Complex, Link Path, Next to Temple, Vadgaon Sheri, Pune, Pune, Maharashtra, 411014",411014,PO-411014-4ae8cf,clean,False
"House 446, Beta Enclave, Link Path, Near Temple, Vadgaon Sheri, Pune, Pune, Maharashtra, 411014",411014,PO-411014-4ae8cf,clean,False
"Flat N 981, Sai Enlave, main apth, Nearr School, vadgaonn sheri, pnue, Mhh, 4111014",411014,PO-411014-4ae8cf,low,True
hooouse 34 ai Heeights statioon d Besde Tempel VADAGON SSHERI uen 411014,411014,PO-411014-4ae8cf,medium,True
"Falt No 882, alpha ehights, behind schhool, vadgaon sherri, pun, upne, 41114",411014,PO-411014-4ae8cf,low,True
"HNo 381, Beta Residency, Station Marg, Beside School, Vadgaon Sheri, Pune, Pune, Maharashtra, 411014",411014,PO-411014-4ae8cf,clean,False
Roomm 46 Alpha Enclave mainp tah pOposiite Bank Vgaon Sheri Pnee Mh 411014,411014,PO-411014-4ae8cf,medium,True
hono 7754 SiaAparments Marke Streeett besid etepl vaaddgaon seri Pe Puen hhh,411014,PO-411014-4ae8cf,high,True
lPlo t618 SSai EEnclve next to hopsilta vadgons her pnue h 1140114,411014,PO-411014-4ae8cf,high,True
Plot2206 lApha Heighs link marg BESIDDDE BANK Vadgaonn heri puunee Punn ahharashtra 41114,411014,PO-411014-4ae8cf,medium,True
hno 900 Shre  Complex maarket strete BBBehind Temple vaddgaon sehri Puee uen M 411140,411014,PO-411014-4ae8cf,medium,True
Flat o920 Alpha Coplmex Link LLaane behind temlep Vadgaonn Sherri Pnuee Pn Maharsshtra 1014,411014,PO-411014-4ae8cf,medium,True
"shpo 400, eta enclave, Sattion Lane, Nr Baank, Vagaon Sheri, punne, Puen, 4111014",411014,PO-411014-4ae8cf,low,True
"Plot 2229, Shree Apaartments, Oppsoite Temple, Vadgano Sheri, pue",411014,PO-411014-4ae8cf,low,True
huoes 899 Alpha HHeight MARKE ROAD behindd hsopital Vaadgaon Sheeri puee Maharasshhtra 4411104,411014,PO-411014-4ae8cf,medium,True
"HNo 753, Alpha Complex, Link Street, Near Temple, Vadgaon Sheri, Pune, Pune, Maharashtra, 411014",411014,PO-411014-4ae8cf,clean,False
"Room 136, Sai Enclve, next too temple, vadgao nsheri, pun, Pnue, Maharahtra, 41014",411014,PO-411014-4ae8cf,low,True
"Flt No 834, Alpha Toewr, Mai Road, eside Park, Vadgon Sheri, une, hm, 4411014",411014,PO-411014-4ae8cf,low,True
"Rooom 37777, sa icommplxe, tsaton laen, beeside scolo, Vagdaon Sheriii, Punu, harashttra, 410014",411014,PO-411014-4ae8cf,high,True
Rom 787 shreee  tower Markettt Marg next to hsopiital Vadan Sheri Puun Mahraashtra 41041,411014,PO-411014-4ae8cf,medium,True
"Room 110, Shree Society, Main Lane, Near Yerwada, Vadgaon Sheri, Pune, Pune, Maharashtra, 411014",411014,PO-411014-4ae8cf,clean,False
lot  529-Alphha AApartmets-amrkte amrg-eBhnd Baank-Vagaon Sheiir-ppnue-uenn-11004,411014,PO-411014-4ae8cf,high,True
hhose 452 Shree Compleex main pattth eBside Hospitl VVadgano Sheri PE ppue h 4411014,411014,PO-411014-4ae8cf,medium,True
"Plot 182, Sai Apartments, Main Marg, Near Metro Station, Vidyanagar Pune, Pune, Pune, Maharashtra, 411032",411032,PO-411032-f6c27a,clean,False
"House 277, Sai Society, Link Street, Opposite Temple, Vidyanagar Pune, Pune, Pune, Maharashtra, 411032",411032,PO-411032-f6c27a,clean,False
"oom 918, Alph aResidency, marrket street, next to bnk, Vidyanagar Puen, Pun, punne, M, 4110332",411032,PO-411032-f6c27a,low,True
HHOUSE 11 Beta Coompex ink lae N hivajinagar-Pune Vidyanaga rPunne uune pen Mhaarashtar 44110332,411032,PO-411032-f6c27a,medium,True
SShop282 sree comlex Makkret Path Beide aBnk viddyanaagr pune Pnee pe maharasrha 1103,411032,PO-411032-f6c27a,medium,True
"House 618, Sai Residency, Link Road, Near Hospital, Vidyanagar Pune, Pune, Pune, Maharashtra, 411032",411032,PO-411032-f6c27a,clean,False
"hno  944, Shree Heights, main roda, Besde Metro Station, idyanagar Pune, PPune, MMh, 4110332",411032,PO-411032-f6c27a,low,True
"Plot 865, Shree Enclave, Market Lane, Next to Hospital, Vidyanagar Pune, Pune, Pune, Maharashtra, 411032",411032,PO-411032-f6c27a,clean,False
lot 11 Shre Aparrtments ainn Path N Bank VidyaagarP une Puunne ppnue Mahrrashtra 1032,411032,PO-411032-f6c27a,medium,True
"Shop 8822, Shree Enclave, ear Temple, idyanagar pune, Pnue, Puune, Maharashta, 4111032",411032,PO-411032-f6c27a,low,True
Huse 6670 Beetaa Enclave market strreeet neext ot hospital Vdyangaar Pune uPe Puuen Mh 411103,411032,PO-411032-f6c27a,medium,True
"Plo t628, beta ecavee, beisdde bus top, Vidyaanaaagr Pune, puunn, Pun, hhh, 1411302",411032,PO-411032-f6c27a,high,True
"House 958, Alpha Tower, Station Lane, Near Bus Stop, Vidyanagar Pune, Pune, Pune, Maharashtra, 411032",411032,PO-411032-f6c27a,clean,False
Room 227 Shere  Heights Mrakket Marg Nr  etro Station vidyanagr ppune punne Pnne m 411032,411032,PO-411032-f6c27a,medium,True
"Plot 151, Alpha Enclave, Main Road, Beside School, Vidyanagar Pune, Pune, Pune, Maharashtra, 411032",411032,PO-411032-f6c27a,clean,False
"Shop 683, Alpha Complex, Main Street, Near Salisbury Park, Vidyanagar Pune, Pune, Pune, Maharashtra, 411032",411032,PO-411032-f6c27a,clean,False
n 131 Sai Apatrents Main  Mar N  Metro Station viidyangar pune Puunee ppne MMMh 4110332,411032,PO-411032-f6c27a,medium,True
"HNo 80, Beta Complex, Station Marg, Opposite Metro Station, Vidyanagar Pune, Pune, Pune, Maharashtra, 411032",411032,PO-411032-f6c27a,clean,False
Flat No 98 SSAI EENCLAVE OppTeemple vidaynagarr pune unne PPne Maharaashttra 4111023,411032,PO-411032-f6c27a,medium,True
"oHse 49, beet atowre, Sation RRaod, next to bsustop, Vidyanaga rPune, UUE, upppne, Mhhh, 411130",411032,PO-411032-f6c27a,high,True
"Flat No 732, Alpha Enclave, Link Lane, Behind Hospital, Vidyanagar Pune, Pune, Pune, Maharashtra, 411032",411032,PO-411032-f6c27a,clean,False
Shop  607 Beta Aparmetns MAIN LANN neear parkk iVddyanagar Pune UE pune mmmh 4111302,411032,PO-411032-f6c27a,medium,True
Hosue 49 beta heights Market MMarrg BEIND TMPLE Vidyangra Pune Pnune UPN Maaharashrta 110332,411032,PO-411032-f6c27a,medium,True
"Plot 453, Shree Tower, Station Lane, Opposite Hospital, Vidyanagar Pune, Pune, Pune, Maharashtra, 411032",411032,PO-411032-f6c27a,clean,False
"huose 266, Alpah Complex, mmain path, next to ubs stop, Vidaynagar Pune, Pun, pun, mahharashtra, 41032",411032,PO-411032-f6c27a,low,True
"Shop 197, Shree Complex, Link Road, Near Bank, Vidyanagar Pune, Pune, Pune, Maharashtra, 411032",411032,PO-411032-f6c27a,clean,False
"house 4337, AlphaTower, Market Lae, Behind Hspital, vidyanaar pune, uPne, ppune, H, 4411032",411032,PO-411032-f6c27a,low,True
"House 852, Sai Heights, Station Path, Behind Bus Stop, Vidyanagar Pune, Pune, Pune, Maharashtra, 411032",411032,PO-411032-f6c27a,clean,False
Shhop 62 betaa parrtments Naer Scool vidyanagr pune upnne puneee maahrshtra 140132,411032,PO-411032-f6c27a,medium,True
"House 707, Sai Apartments, Link Marg, Opposite Bus Stop, Vidyanagar Pune, Pune, Pune, Maharashtra, 411032",411032,PO-411032-f6c27a,clean,False
roommm 33-Aplha Toowe-maarkettt marg-NNear Templlee-vidyannagar upen-nne-PPunnne-hh-4113,411032,PO-411032-f6c27a,high,True
"SShppo 66, bbeta eclav, aarkt lane, next to tmeple, viyangaar  pune, PPuue, npuee, 41100",411032,PO-411032-f6c27a,high,True
houes  65-Allpha Heiiights-Statiio Laane-NEX TTO METRO SAATION-VVVidyanagaar Pune-PPune-eun-M-140332,411032,PO-411032-f6c27a,high,True
"fat no3  94, lApha Residncyy, Behind MMetroSStation, Vidyyaaga rPune, Puun, uee, h, 413",411032,PO-411032-f6c27a,high,True
"Pllot 883, Sai Enclve, Near Rashtra Bhasha Bhhavan, VidyanagarPune, Pne, pne, aharashtra, 410132",411032,PO-411032-f6c27a,low,True
Hous 17 Allpha  Soc BBseide Park vidaynagar puune Puun Pune h,411032,PO-411032-f6c27a,medium,True
"hon 447, eta Enclave, Link Pat, Near Dhnakawadi, Vidyanagaar Pune, Punne, pne, Maahrashtra, 41132",411032,PO-411032-f6c27a,low,True
"Shop 481, Sai Residency, Link Path, Near Park, Vidyanagar Pune, Pune, Pune, Maharashtra, 411032",411032,PO-411032-f6c27a,clean,False
"Roomm 716,, betta ehgihts,, pp Metrrro Station,, iVdyanagaarPune,, punuee,, up,, 1102",411032,PO-411032-f6c27a,high,True
"Room 35, SAII TOWER, nextt to school, Vidyanagr Pune, Puen, Pnue, M, 411023",411032,PO-411032-f6c27a,low,True
"Flat o 436, Bta Tower, Market LLane, BEHIND SCHOOOL, vidyanagar pnue, uPne, Pne, 41132",411032,PO-411032-f6c27a,low,True
"pplot 592, Beta Commplex, Mani Lane, opp metro statoin, Vidynaagar Pune, uPne, une, hM, 4111032",411032,PO-411032-f6c27a,low,True
"Flat No 911, Shree Apartments, Link Path, Beside Hospital, Viman nagar, Pune, Pune, Maharashtra, 411014",411014,PO-411014-9a23ea,clean,False
"House 6077, Shree Twoer, Staation Path, Opp Hospiital, viman nggr, uPne, Pnue, MMh",411014,PO-411014-9a23ea,low,True
"Shopp 66, Bet aHeights, Main oRad, pOp Metro Station, vimna nagar, une, pnue, hM, 41014",411014,PO-411014-9a23ea,low,True
"plot 723, Shree partments, Main Steret, Besied Metro Station, viman  ngr, uPne, PPune, Maharashtr",411014,PO-411014-9a23ea,low,True
"Flat No 435, Alpha Heights, Main Marg, Next to Metro Station, Viman nagar, Pune, Pune, Maharashtra, 411014",411014,PO-411014-9a23ea,clean,False
"hno 9900, betta enclave, LinkPath, opp hsopital, vima nngr, PPune, Pne, hM, 410114",411014,PO-411014-9a23ea,low,True
"plot 337, BETA RESIDENNCY, mai nlane, NEXT TO HSPITAL, viman naar, pne, Puune, Mahharashtra, 41104",411014,PO-411014-9a23ea,low,True
plo 534-beta reesidency-links ree-extt  hospital-vimman n-une-411104,411014,PO-411014-9a23ea,high,True
"Plot 98, Sai Residency, Market Path, Near Park, Viman nagar, Pune, Pune, Maharashtra, 411014",411014,PO-411014-9a23ea,clean,False
Flat N o121 AAlhhpa Complex MaainR  neext to park vmian rg uPunee u 140144,411014,PO-411014-9a23ea,high,True
Fllat N 5887 iSoc tatio naPth OppT mmple imman ngr ppn maharaasrta 410411,411014,PO-411014-9a23ea,high,True
hSop 217 eta HHeights MMain Streett besidee sschool vimmn ngr un Puee hhM 40114,411014,PO-411014-9a23ea,medium,True
"plottt 386, BBet aHeighst, StationMa, nextx to hoospital, immaan nagar, NU, u, hhh, 14141",411014,PO-411014-9a23ea,high,True
"room 226, Shree Soc, Link LLane, nextto bank, viman gnr, Puune, Pnue, 141014",411014,PO-411014-9a23ea,low,True
"PLT 629, Alpha Towr, AIN MARG, beside schol, vimann agar, upne, Pun, 4110114",411014,PO-411014-9a23ea,low,True
"Plot 274, Sai Tower, Station Road, Beside School, Viman nagar, Pune, Pune, Maharashtra, 411014",411014,PO-411014-9a23ea,clean,False
"Flat No 767, Beta Heights, Station Path, Beside Bank, Viman nagar, Pune, Pune, Maharashtra, 411014",411014,PO-411014-9a23ea,clean,False
"Room 834, Sai Enclave, Link Path, Next to Bus Stop, Viman nagar, Pune, Pune, Maharashtra, 411014",411014,PO-411014-9a23ea,clean,False
"Flat No 995, Alpha Complex, Link Marg, Opposite Temple, Viman nagar, Pune, Pune, Maharashtra, 411014",411014,PO-411014-9a23ea,clean,False
"hn oo8, Shree Encclavee, tSati onPath, Besied Hospit, ima nrg, NPEU, unen, M, 44411014",411014,PO-411014-9a23ea,high,True
POOLT 91-Srree Towr-Markt ar-Nrr Wrajee-viimnna ngr-nu-Punn-aMharastra-41011,411014,PO-411014-9a23ea,high,True
FLAAT NO 43 beta apramtets next t hosptail vmian naar eP uneee aharaashtrra 111014,411014,PO-411014-9a23ea,high,True
"hs e448,, hSreee Towe,, Lni Rad,, nnext to ppark,, vimman nnagarr,, uee,, nuee,, 1140014",411014,PO-411014-9a23ea,high,True
"Plot 471, Shree Society, Main Lane, Beside Hospital, Viman nagar, Pune, Pune, Maharashtra, 411014",411014,PO-411014-9a23ea,clean,False
flatt no 0 Alphha  Heighst statoions treet Besside  BBank vma nnngr peu nuee M 11101,411014,PO-411014-9a23ea,high,True
"Room 992, Alpha Apartments, Market Marg, Near Khadakwasla R.S., Viman nagar, Pune, Pune, Maharashtra, 411014",411014,PO-411014-9a23ea,clean,False
"Shhop 662,, Sa iTower,, oppositem etr otsation,, vimmangr,, upue,, pnuuue,, maharahsrtta,, 44110141",411014,PO-411014-9a23ea,high,True
hnoo 7338 Bet Resiedncy next t park vviman gnr uPen uPnne maaharashtrra 4114,411014,PO-411014-9a23ea,medium,True
"HHouse 822, Beta So, nxet to hospital, ivman ngr, uPne, 4110144",411014,PO-411014-9a23ea,low,True
"room 87, sai enclaave, ain Lane, beside pak, vimman ngr, pue, Pun, Maharrashtra, 411104",411014,PO-411014-9a23ea,low,True
"FAT NO 590, Sai Resdency, marke marg, next to metrostation, viman naar, Puen, PUUNE, maharashhtra, 4110014",411014,PO-411014-9a23ea,low,True
hn8o838-Beta eRsidency-mainn lane-nexxtt t temple-VIMAN NNGR-uPPn-hh-4110,411014,PO-411014-9a23ea,high,True
lfat no  999 aiHeights MMarkte Lane behindd hhospital iman ngrr Punnee ue 410014,411014,PO-411014-9a23ea,medium,True
Room9220 Beta  SSoc Lnik Lnae Bseide Bs Stop viman ngr Pnu uPn M 411014,411014,PO-411014-9a23ea,medium,True
Hous e665 HREE EENCLAVE Staioon Lane Nea rBnk viman grr Pneu ne Maarashtrra 41110144,411014,PO-411014-9a23ea,medium,True
"sshpo 900, Srheeo c, llikk marg, nnext to  bankk, vimma naga, Punnee, p, Mahaarshttar, 4011",411014,PO-411014-9a23ea,high,True
"Rom 445, Alhpa Apartments, MAIN DR, Bheind Bank, viiman nagar, PUE, Punee, Maharashtraa, 4111014",411014,PO-411014-9a23ea,low,True
House 211 Beta  Hegihts maret stret Near Ganeshkkihnd vimannagar Pne uPune 41101444,411014,PO-411014-9a23ea,medium,True
hn 244 Shree Coopmlex Lnik Lae behid schooll viman  naga PPPune puue m 14114,411014,PO-411014-9a23ea,medium,True
"Flatt No 2,, Sai RResidency,, Sattoin  Marg,, Nre SSchool,, iimn ngr,, PPuue,, Peunn,, 41104",411014,PO-411014-9a23ea,high,True
PLO 5003 betaa heihts Markett Magr NeraShivajinagar vimman nagaar nPue pnu aharshtra 4111104,411014,PO-411014-9a23ea,medium,True
hon12  Aplpha Residecy Main na Nar Shcol vimna  gnr PPnu Peuu 41101414,411014,PO-411014-9a23ea,high,True
So 77-SaiA parmetns-sstaton sstreet-next to metro ssatation-VVishratadi-PPPune-41110015,411015,PO-411015-03cf8a,high,True
hop801 Beta Apartments LINKOAD r bnk vishranttwad Puneee Puue Maarashttra 4111015,411015,PO-411015-03cf8a,medium,True
Flaat N o60-lpahComplex-Main raMg-Oppoite Bank-Visshrnwadi-nee-PPuuune-Maaharasshttra-1101555,411015,PO-411015-03cf8a,high,True
O 9422-aSi moplex-Markektt Path-opposoite park-vishrtwaid-upne-npnue-hh,411015,PO-411015-03cf8a,high,True
SSohp 33 lpah Apartments llink streeet nr eemple Visraantwadi NUE Pueen Maharashar 411101,411015,PO-411015-03cf8a,medium,True
"Room 233, Alpha Tower, Main Marg, Beside Park, Vishrantwadi, Pune, Pune, Maharashtra, 411015",411015,PO-411015-03cf8a,clean,False
hSpo 383 Alppha Towre Lin Lnae ear hospiital Vishrrantwadi UPNEE Pneu Maharasha 41115,411015,PO-411015-03cf8a,medium,True
"FLATNO4 02,, Beat Residencyy,, aMrkt Marrg,, NEXT OT SCOLO,, VIHRANTAWI,, upnnne,, nu,, Mahharasttra",411015,PO-411015-03cf8a,high,True
"Plot 06, Sa iSoc, nextt o bus stop, VISRHANTWADI, PUNEE, uPne, h, 41015",411015,PO-411015-03cf8a,low,True
ohsue 63 aplha c arket Steet Bside BusStop vishrnaadi nuee,411015,PO-411015-03cf8a,high,True
sp h555-srheee heigts-Maert Street-ppositee Schhool-Visrantwaadii-unp-pue-maharashrtta-41115,411015,PO-411015-03cf8a,high,True
"HOP 851, Alpha Apaartments, next o park, Vishrantwaddi, uPne, Punee, Maharashrta, 11015",411015,PO-411015-03cf8a,low,True
"House 391, Alpha Society, Link Road, Beside Bus Stop, Vishrantwadi, Pune, Pune, Maharashtra, 411015",411015,PO-411015-03cf8a,clean,False
"Flat o 170, lapha complex, link magr, beside metro statino, VVishrantwadi, Punne, PPune",411015,PO-411015-03cf8a,low,True
lat No 38 Shree Sooc lnik arg Beside Hosspitall Visrantwai uuPne uPn 411101,411015,PO-411015-03cf8a,medium,True
Flat No  812 Shreeocc Lin aPh nextt metro sttation Vihsrrantwaadi Pnue Pun 14105,411015,PO-411015-03cf8a,high,True
"Rom 398, SAI ENCLAVEE, MAAIN RD, Near Teple, vishrantwdi, PNUE, une, 411015",411015,PO-411015-03cf8a,low,True
Rmo 506 shre eheighst mmain oad BBESIDE METROO STATION VISHRANADI unne Puun 4111015,411015,PO-411015-03cf8a,medium,True
"Plot 780, Sai Residency, Market Road, Beside Temple, Vishrantwadi, Pune, Pune, Maharashtra, 411015",411015,PO-411015-03cf8a,clean,False
Shop 3441 sair eisdency nextt o abnk vishrrantwwadi uPn 4111,411015,PO-411015-03cf8a,medium,True
"Plot 946, Alpha Society, Market Marg, Opposite School, Vishrantwadi, Pune, Pune, Maharashtra, 411015",411015,PO-411015-03cf8a,clean,False
room2 000 SSaiSoc station strreeet nexxtt o bank vishrrantwaddi PPnue nue,411015,PO-411015-03cf8a,medium,True
"HNo 868, Alpha Residency, Link Path, Beside Park, Vishrantwadi, Pune, Pune, Maharashtra, 411015",411015,PO-411015-03cf8a,clean,False
rooom 110 Saai Apratments Statiion Lanee nnetx to bank Vihsratnwadi PPnue uPen Maharaasshtra,411015,PO-411015-03cf8a,medium,True
SOOHP 32 Sa iToewr next to metro tsattion Vishhrantwaddi uPPne m 4101,411015,PO-411015-03cf8a,medium,True
"Plot 427, Shree Tower, Main Street, Next to School, Vishrantwadi, Pune, Pune, Maharashtra, 411015",411015,PO-411015-03cf8a,clean,False
"House 76, sai heigths, Link Mar, Beside Bu sStop, vshrantwadi, une, puune, MMaharashtra, 41105",411015,PO-411015-03cf8a,low,True
"Shop 655, Alpha Heights, Station Marg, Opposite Bus Stop, Vishrantwadi, Pune, Pune, Maharashtra, 411015",411015,PO-411015-03cf8a,clean,False
"Sho p346, hSree Complex, statoin lane, Opp Bus Stopp, visharntwadi, uPne, Pue, HM, 4110015",411015,PO-411015-03cf8a,low,True
"Shop 993, Alpha Heights, Link Marg, Next to Hospital, Vishrantwadi, Pune, Pune, Maharashtra, 411015",411015,PO-411015-03cf8a,clean,False
"Shop 5997, SAI ENCLAV, Main Stret, behind bsu stop, Vishrantawdi, pnue, M, 4110115",411015,PO-411015-03cf8a,low,True
SHO P333-Sai ooomplex-Makre Rtd-Oppossite Park-Viishranttwadi-Pnnnue-uPnne-Maharhstar-41051,411015,PO-411015-03cf8a,high,True
lFat No 764 Shree eHightss Lnnik Road Ne rPark vishatwadi uPnee Pueen Mahrshtra 41015,411015,PO-411015-03cf8a,medium,True
Shhop 20 beat residenc NEAR MTRO SSTATION vihranwtadi uPune Puee 4111015,411015,PO-411015-03cf8a,medium,True
"Flat No 63, Sai Enclaev, Link Mrag, OPPOSTE PARK, Vishrantwadii, Pnue, hM, 410115",411015,PO-411015-03cf8a,low,True
"Plot 842, Shree Apartments, Station Path, Next to Hospital, Vishrantwadi, Pune, Pune, Maharashtra, 411015",411015,PO-411015-03cf8a,clean,False
"hsop  522, Sai eights, STATIONSTSREET, Nr rark, VVishratnwaid, puuue, PPeu, mhaashra, 411055",411015,PO-411015-03cf8a,high,True
oom 480 SIA SCOIETY aamin marg Oppossite Bus Sto Vshranntwadi punnee MHHH,411015,PO-411015-03cf8a,medium,True
Sop 211-sshreee societyy-bside bus op-Vihantwadi-nPuee-hhMh-1410,411015,PO-411015-03cf8a,high,True
"hno93, aplha soc, marekt marg, Besid Hospital, ISHRANTWADI, pne, Punne, mhh, 41015",411015,PO-411015-03cf8a,low,True
"plot 7756, shree society, MARKE STREET, behind busstop, Vshrantwadi, pnue, Pnue, 4110155",411015,PO-411015-03cf8a,low,True
"SSShop 791, hhree HHeights, link ssree, near ub sstpo, Vishrantaii, Pueen, puun, 411510",411015,PO-411015-03cf8a,high,True
"FlaNo 91, shrreteower, iManStreet, nnext to teemmple, Wanoowaire, Pnneu, eP, hh, 411104",411040,PO-411040-710b00,high,True
"house 999, Sai Heihgts, Oppp Hospital, WANOWARE, puen, Pne, mmh, 4110440",411040,PO-411040-710b00,low,True
Plt 4558 eBat Society Sation Street behiin dmetro station Wanorie pen uPen mhh 41400,411040,PO-411040-710b00,medium,True
ouse 749 Shree Societ ppB us Stop Wanoawwrie upn Puneee MMh 4411040,411040,PO-411040-710b00,medium,True
"Shop 676, Alpha Apartments, Market Street, Near Bank, Wanowarie, Pune, Pune, Maharashtra, 411040",411040,PO-411040-710b00,clean,False
"Plot 646, Alpha Complex, Main Path, Near Metro Station, Wanowarie, Pune, Pune, Maharashtra, 411040",411040,PO-411040-710b00,clean,False
"HNo 14, Alpha Apartments, Link Road, Near Khed Shivapur Baug, Wanowarie, Pune, Pune, Maharashtra, 411040",411040,PO-411040-710b00,clean,False
hso p69-Si Apartments-Linnk Street-Beidn Buus Stop-waanoware-up-4411400,411040,PO-411040-710b00,high,True
POT 3334 Sa Resdency next tto sschool wanwoari PPun uune mmaharashtar 110400,411040,PO-411040-710b00,medium,True
Hoouse 3345 Alpha Enclavee Opposite Hospil wanwooarie Peun hhM 4110004,411040,PO-411040-710b00,medium,True
"flat no 388, beta ehghts, Behind oHspital, WWnaowaire, uun, PPuPne, maharahtraaa, 401400",411040,PO-411040-710b00,high,True
"Flaat No 801, Sai Resiedncy, MMarket Street, next to shcool, Wanowraie, Pnue, Pue, 411040",411040,PO-411040-710b00,low,True
House e350 Sa iHeightss opp hospitatl Waonwrie ue Punnee 410040,411040,PO-411040-710b00,medium,True
"House 8866, beta hegihts, nr etmple, Waowarie, Puen, Puen, MAHARAASHTRA",411040,PO-411040-710b00,low,True
HUOSSE 855 Apha Appartments linka mrg Opp Meto SStation wanowar UNEE puee hh 411004,411040,PO-411040-710b00,medium,True
"plto 947, apha enclave, Link ane, NNr Park, Wanowaie, PPune, puune, h, 41100",411040,PO-411040-710b00,low,True
"HNo 34, Alpha Apartments, Main Road, Behind Park, Wanowarie, Pune, Pune, Maharashtra, 411040",411040,PO-411040-710b00,clean,False
"oRom 537, Beta So, Statio nStreet, NEXT TO BUSSTOP, Waonwarie, Pnue, pnue, 41140",411040,PO-411040-710b00,low,True
Plo  t705 Alllpha Tower tation ane nnext to bakn Wanorie un uPen,411040,PO-411040-710b00,medium,True
hoo 955 SaiR esdency Link Lannee Opposite Busss Stop wanowraei Pnu nPe aahrashtra 410040,411040,PO-411040-710b00,medium,True
"hoouse 747, Bet aTower, Market Marrg, opp  bus stop, wanwoarie, Puen, Pne, Mhh, 411004",411040,PO-411040-710b00,low,True
"Hose 738, SaiT ower, Main Lae, nextt to temple, Wanowariie, une, Pun, Maharahstra, 4110400",411040,PO-411040-710b00,low,True
"HUOSE 985, alpha toower, Opp School, Wanowwarie, Pun, Puen, Maharashtar, 4110440",411040,PO-411040-710b00,low,True
"Plot 486, Beta Society, Link Lane, Opposite Metro Station, Wanowarie, Pune, Pune, Maharashtra, 411040",411040,PO-411040-710b00,clean,False
plot  600-Shreee Societt-Mrket Rddd-behidn metroostation-oWanwarie-Pun-Pee-hhh-41101400,411040,PO-411040-710b00,high,True
"Shop1 5,, Sai pAarrments,, lnk street,, nearr bus sottp,, Wanowwriee,, une,, punee,, h,, 11040",411040,PO-411040-710b00,high,True
"Rmm 475, Alpaa Enclvae, liinkk  marg, BBBeside Prk, WWAANNOWARIE, Pueee, Pne",411040,PO-411040-710b00,high,True
"Flat N o442, shree heihts, Station Streeet, next o metro station, Wanowariie, punne, Pne, Mhh, 41040",411040,PO-411040-710b00,low,True
"Plot 663, Alpha Heights, Market Street, Behind Metro Station, Wanowarie, Pune, Pune, Maharashtra, 411040",411040,PO-411040-710b00,clean,False
USE 701-Srhe  eEnclave-sstatiion pah-nnetx to hsopital-aWanowraie-PUNNE-Pnnu-Mahrasshtrra-1040,411040,PO-411040-710b00,high,True
hno 86677 Shre Towerrr NNr Buus SStop Wanwarriee uune ppneu 14040,411040,PO-411040-710b00,high,True
"HNo 514, Alpha Complex, Link Lane, Near Sus B.O, Wanowarie, Pune, Pune, Maharashtra, 411040",411040,PO-411040-710b00,clean,False
"Flat No 364, Sai Heights, Main Road, Behind Temple, Wanowarie, Pune, Pune, Maharashtra, 411040",411040,PO-411040-710b00,clean,False
"Shop 347, Beta Heights, Link Marg, Near Manjari BK B.O, Wanowarie, Pune, Pune, Maharashtra, 411040",411040,PO-411040-710b00,clean,False
Plt 1669 sai soitey markket ptah next to teppmle Wnowaie puneee PPPune maharshttra,411040,PO-411040-710b00,medium,True
room409 alpa comlpex amrkt road Oppp  Bank wanowaer peu Pune 141004,411040,PO-411040-710b00,medium,True
Spo 779 asi sc MaketRoad opp hospital wanowarrie Pe un Mh 4114040,411040,PO-411040-710b00,medium,True
hhouse 8099 Alpha Soociey mai nlnae Neaar Bu Stop WAANOARIE PUNNNE Pune aMharasshtra 4111004,411040,PO-411040-710b00,medium,True
"Plot 642, Beta Residency, Link Path, Opposite School, Wanowarie, Pune, Pune, Maharashtra, 411040",411040,PO-411040-710b00,clean,False
ohp 34 shhre hieghts Link Strre enxtt to hhospital aWWnowari peen PNNEE Mahharaashra 4040,411040,PO-411040-710b00,high,True
"flat no  921, lpha heights, Staion Street, op temple, Wanowwarie, une, Pnue, hM, 41040",411040,PO-411040-710b00,low,True
"House 968, Beta Society, Link Street, Beside Metro Station, Wanowarie, Pune, Pune, Maharashtra, 411040",411040,PO-411040-710b00,clean,False
"House 179, Beta Enclave, Link Marg, Next to Bus Stop, Warje, Pune, Pune, Maharashtra, 411058",411058,PO-411058-74e1e0,clean,False
"HNo 632, Beta Enclave, Link Lane, Near Hospital, Warje, Pune, Pune, Maharashtra, 411058",411058,PO-411058-74e1e0,clean,False
"hno 428, sai resiedncy, nnr hospital, arje, Pne, Puune, h, 4411058",411058,PO-411058-74e1e0,low,True
"plot 53, Si Residency, Staton Rd, OppHospital, warjje, Punne, Pun, mahraashtra, 41108",411058,PO-411058-74e1e0,low,True
"Room352, Beeta Residency, Market aPth, Near Temmple, arje, PUEN, PUN, 411085",411058,PO-411058-74e1e0,low,True
"Fla tNo 444, beta hegihts, Markt tah, neext too bus  stop, re, unee, Puuue, m, 4441105",411058,PO-411058-74e1e0,high,True
"house 766, sai residecy, staton lane, Nr NI..A., WWarje, uPne, puen, hM, 41105",411058,PO-411058-74e1e0,low,True
ShSop 799 S iApartments nr abank waajre PPunee Punee h 411085,411058,PO-411058-74e1e0,medium,True
noo 684 sai twoerr AMRKETT PATH next too meetro station arej Puee Mh 41111058,411058,PO-411058-74e1e0,medium,True
"Houes 885, beta societyy, nxt to park, Warej, ppune, Pnue, aharashtra",411058,PO-411058-74e1e0,low,True
"Polt 689, SSai Apartments, LinkLane, next toschool, arje, PUEN, PPune, 4111058",411058,PO-411058-74e1e0,low,True
ROOM   478 saai sc lin lkane BHEINDH OSPITAL WWraje pune 4111058,411058,PO-411058-74e1e0,medium,True
Shop 80 Sai Aptments MMain dR nextto metro sation Waraje pne 1411058,411058,PO-411058-74e1e0,medium,True
Plo t 987 sai hegihtss ttaion Lane next o metro statiion arj Peu pneu Maaaharashtra 41058,411058,PO-411058-74e1e0,medium,True
Falt No 501 shreee coplex Staiton RRoad beehind abnk WWrje Pn PPue hh 411058,411058,PO-411058-74e1e0,medium,True
"hn 590,, Shre Apartmenttss,, AMIN RD,, nnear khadki,, wrajeee,, un,, Pue,, mhh,, 4110585",411058,PO-411058-74e1e0,high,True
"Shop 623, Beta Residency, Market Street, Behind Temple, Warje, Pune, Pune, Maharashtra, 411058",411058,PO-411058-74e1e0,clean,False
"Flat No 534, Sai Apartments, Link Path, Near Park, Warje, Pune, Pune, Maharashtra, 411058",411058,PO-411058-74e1e0,clean,False
lat No  69 SHRE COMPLE Markt Mrag pOp Hospiatl Wajree npue hhM 41110558,411058,PO-411058-74e1e0,medium,True
Flat oN 979 Alhpa  Enclav satito nlane pposiite Hopsital aWjee punee PnPue Maharatha 44115,411058,PO-411058-74e1e0,high,True
"Shop 42, Alpha Society, Market Road, Opposite Bus Stop, Warje, Pune, Pune, Maharashtra, 411058",411058,PO-411058-74e1e0,clean,False
hnno 4418 si apartmeents Link dRR nearr temle ware Pen Punue m 41158,411058,PO-411058-74e1e0,medium,True
"houss ee682,, Shree AAprments,, markte aarg,, next to hositl,, Waje,, uPne,, mm",411058,PO-411058-74e1e0,high,True
"no416,, BtaC omple,, mrket treeet,, Neear  Scchool,, wraaj,, une,, pne,, MM,, 4141058",411058,PO-411058-74e1e0,high,True
hn 1118 lhpa Complex link pt Beside  Metro Statoin Waaje uPnne Maharhstra 411058,411058,PO-411058-74e1e0,medium,True
Roomm 9886-Alphaa Aparmtnets-Min   Road-eBide Metro Staion-WWWarj-pnuu-MAHARRAASHTRRA-41110158,411058,PO-411058-74e1e0,high,True
hno 6 Alpha Heighhtss behnind metro station Wrje une Pu MMh 4410158,411058,PO-411058-74e1e0,medium,True
hou se229 SaEinclave maiiin road nr bs tsop wjare pnee Mh 411085,411058,PO-411058-74e1e0,medium,True
"Flat No 40, Sai Complex, Market Path, Behind Hospital, Warje, Pune, Pune, Maharashtra, 411058",411058,PO-411058-74e1e0,clean,False
hhno 6622-Sai nnclav-ilkn lnae-Bsie Hosiptal-Wje-pupen-Pnnne-Mhaaraashta-4110,411058,PO-411058-74e1e0,high,True
ho  864-Btaa Resdency-LIINK LNAAE-BEESIDDETEMPLE-arje-Pu-upne-aharashttraa-41111508,411058,PO-411058-74e1e0,high,True
"Room 698, Beta Apartments, Station Marg, Near N.W. College, Warje, Pune, Pune, Maharashtra, 411058",411058,PO-411058-74e1e0,clean,False
oom 98-Saii occiety-Makret Pth-eNar H.E. Facttoory-waraej-uPnen-Pu-hMhh-44115088,411058,PO-411058-74e1e0,high,True
"roo m593, Alpha Ennclave, link steret, NXT TO METRO STATION, Waje, PUE, pue, Maharshtra, 411508",411058,PO-411058-74e1e0,low,True
"Shop8 88, Shree Enclve, linkk road, Nr Bannk, aWrje, Pun, pnue, 410158",411058,PO-411058-74e1e0,low,True
"shop 66,, Sai  Tower,, Beihnd Metro Staoin,, arje,, e,, upneee,, H,, 4411108",411058,PO-411058-74e1e0,high,True
hno 9 949 BetaaT  ower enar rk Warjrje Pnue PPnuee M 11158,411058,PO-411058-74e1e0,high,True
HHouse 790 bea apratments Min RRoad Opp Hospttial Wrae Pune Pne mahharashttra 410058,411058,PO-411058-74e1e0,medium,True
"Flat No 77, Beta Complex, Market Road, Near Metro Station, Warje, Pune, Pune, Maharashtra, 411058",411058,PO-411058-74e1e0,clean,False
"Plo t26, bet residency, statio nroad, oppsite hospital, Ware, upne, punne, Maharashtr, 4110558",411058,PO-411058-74e1e0,low,True
Plo 86 shree aparttmenst Linkk arg neear dighi  camp Waer PPun UEN aMharshtra 4110885,411058,PO-411058-74e1e0,medium,True
"hn o74, AlphaR esidency, nxet to bank, WARRJE, Punne, puune, 141058",411058,PO-411058-74e1e0,low,True
"HNo 449, Shree Tower, Market Street, Near School, Yerwada, Pune, Pune, Maharashtra, 411006",411006,PO-411006-6c1108,clean,False
"House 691, Shree Society, Station Lane, Next to Bank, Yerwada, Pune, Pune, Maharashtra, 411006",411006,PO-411006-6c1108,clean,False
"Room 906, Sai Residency, Main Lane, Beside Hospital, Yerwada, Pune, Pune, Maharashtra, 411006",411006,PO-411006-6c1108,clean,False
"Room 171, Sai Enclave, Main Street, Next to Park, Yerwada, Pune, Pune, Maharashtra, 411006",411006,PO-411006-6c1108,clean,False
"Room 209, Shree Society, Main Path, Behind Metro Station, Yerwada, Pune, Pune, Maharashtra, 411006",411006,PO-411006-6c1108,clean,False
"Flt No 725, shree enclvae, market d, next to par, Yerwdaa, PUNNE, puune, Maharashtr, 41100",411006,PO-411006-6c1108,low,True
"Sho 494, Si Soc, Linkk Road, nr a.. shala, yerwda, upne, Punee, 4110006",411006,PO-411006-6c1108,low,True
"Flat No 972, Alpha Complex, Station Marg, Behind Temple, Yerwada, Pune, Pune, Maharashtra, 411006",411006,PO-411006-6c1108,clean,False
"HNo 567, Beta Enclave, Link Street, Next to School, Yerwada, Pune, Pune, Maharashtra, 411006",411006,PO-411006-6c1108,clean,False
"flat n o58, Sai Resdency, Near Armameent, Yerada, Pnue, upne, hM, 4111006",411006,PO-411006-6c1108,low,True
"House 254, Alpha Heights, Main Lane, Opposite Park, Yerwada, Pune, Pune, Maharashtra, 411006",411006,PO-411006-6c1108,clean,False
"HNo 835, Sai Enclave, Market Lane, Near Park, Yerwada, Pune, Pune, Maharashtra, 411006",411006,PO-411006-6c1108,clean,False
Pltt 83 hrree residenccy atio nStreet Nr emple YYerwada unp n hh 41100,411006,PO-411006-6c1108,high,True
"Room 244, Sai Enclave, Station Path, Beside School, Yerwada, Pune, Pune, Maharashtra, 411006",411006,PO-411006-6c1108,clean,False
hnno 469 Alpha Heights Mainn Roadd nrp rak eYrwwada unne peu 411000,411006,PO-411006-6c1108,medium,True
"hno 397, SSAI  SOOC, Makret Road, BesideMerot Station, yerrwaad, Puuuen, peeu, mmaharashrt",411006,PO-411006-6c1108,high,True
"HNO5 44, alphaa partments, NrPark, YERWDAA, Pnue, puen, h, 410106",411006,PO-411006-6c1108,low,True
Rom 785 sai rsdiency station oa rN chool rwada nue pune m,411006,PO-411006-6c1108,medium,True
"Flat No 28, shree comlex, mmain lane, Beside Hopsital, Yerwad, upne, Punne, 41106",411006,PO-411006-6c1108,low,True
"Plot 582, Sai Complex, Link Road, Near Govt. Polytechnic, Yerwada, Pune, Pune, Maharashtra, 411006",411006,PO-411006-6c1108,clean,False
PO T-aS iSc-bhennid bank-Yerd-PPnne-PPueen-mhaarashtr,411006,PO-411006-6c1108,high,True
"Shop 989, Alpha Society, Main Street, Next to Hospital, Yerwada, Pune, Pune, Maharashtra, 411006",411006,PO-411006-6c1108,clean,False
"flattt n o149, Apl hComplex, sstsation path, opp hospal, yyerrada, Pn, Puune, 411006",411006,PO-411006-6c1108,high,True
"House 79, Alpha Enclave, Main Road, Next to Temple, Yerwada, Pune, Pune, Maharashtra, 411006",411006,PO-411006-6c1108,clean,False
Hou s985 Si Toweer Mainn Steret Near Scohool YYYerwada pnuee uPen hh 4111006,411006,PO-411006-6c1108,medium,True
HO 333 hree aparttments next to metro statinn Yerwwadaa Peun MM 4110066,411006,PO-411006-6c1108,medium,True
"HNo 230, Sai Residency, Link Lane, Behind Hospital, Yerwada, Pune, Pune, Maharashtra, 411006",411006,PO-411006-6c1108,clean,False
"Shop 895, Beta Society, Station Lane, Near School, Yerwada, Pune, Pune, Maharashtra, 411006",411006,PO-411006-6c1108,clean,False
"oo5m59,, apa socieyt,, Link Strettt,, behindmtero statioon,, Yewrda,, PPnne,, puen,, Maaharshhtra,, 4110066",411006,PO-411006-6c1108,high,True
"Shop 54, Beta Tower, Station Lane, Opposite Bank, Yerwada, Pune, Pune, Maharashtra, 411006",411006,PO-411006-6c1108,clean,False
polt 7 Sheee oTwer ikn MMarg BEHD PARK yerwda PUN M 14006,411006,PO-411006-6c1108,high,True
"House  452, Si Soc, MAIN MRAG, Beside Templee, Yrwada, Pnue, Puune, 41006",411006,PO-411006-6c1108,low,True
"SShop28 9, alphar esdnecy, MAINPAHT, BBesidd eBus Stop, Yerwwada, puuunne, PPue, aMharasthar, 4411006",411006,PO-411006-6c1108,high,True
rom 73 aSi Sciety aMkret Lane nnext to temlpe YREWAADA pnu UUNE Mh 44411006,411006,PO-411006-6c1108,medium,True
"spo 99,, alphha  aprtments,, amin llaen,, next tob  ak,, Ywda,, Punnnne,, nnue,, 1410106",411006,PO-411006-6c1108,high,True
Plot 226 sa heigths EBHIND SCOOL Yerwdda Puuen 410106,411006,PO-411006-6c1108,medium,True
Sho p54 aSi Comple Maan Path NearBu sStop ywrada uPn pneu Mahrashtar 1106,411006,PO-411006-6c1108,medium,True
"Room 710, Shree Apartments, Main Road, Opposite Hospital, Yerwada, Pune, Pune, Maharashtra, 411006",411006,PO-411006-6c1108,clean,False
"hoo 71, saii  enclaave, iLn koad, Neara N.W.C ollege, rewaad, Puunnne, ue, MMMh, 410006",411006,PO-411006-6c1108,high,True
"shp 821, ShreeE nclave, iLnk Path, BesideB ank, Yerada, Punee, Pue, hm, 41006",411006,PO-411006-6c1108,low,True
Sh op925 Sai  ower tation alne BEEHNID BANK yrweada Pn Puee MMaharashtr 410160,411006,PO-411006-6c1108,medium,True
"Ploot 157, Shree Apartmentss, Near Yewrada, Yerrwada, puune, Pne, h, 4111006",411006,PO-411006-6c1108,low,True
